adres	N	pl.acc	adresy
adres	N	pl.dat	adresom
adres	N	pl.gen	adresów
adres	N	pl.ins	adresami
adres	N	pl.loc	adresach
adres	N	pl.nom	adresy
adres	N	pl.voc	adresy
adres	N	sg.acc	adres
adres	N	sg.dat	adresowi
adres	N	sg.gen	adresu
adres	N	sg.ins	adresem
adres	N	sg.loc	adresie
adres	N	sg.nom	adres
adres	N	sg.voc	adresie
akcja	N	pl.acc	akcje
akcja	N	pl.dat	akcjom
akcja	N	pl.gen	akcji
akcja	N	pl.ins	akcjami
akcja	N	pl.loc	akcjach
akcja	N	pl.nom	akcje
akcja	N	pl.voc	akcje
akcja	N	sg.acc	akcję
akcja	N	sg.dat	akcji
akcja	N	sg.gen	akcji
akcja	N	sg.ins	akcją
akcja	N	sg.loc	akcji
akcja	N	sg.nom	akcja
akcja	N	sg.voc	akcjo
akt	N	pl.acc	akty
akt	N	pl.dat	aktom
akt	N	pl.gen	aktów
akt	N	pl.ins	aktami
akt	N	pl.loc	aktach
akt	N	pl.nom	akty
akt	N	pl.voc	akty
akt	N	sg.acc	akt
akt	N	sg.dat	aktowi
akt	N	sg.gen	aktu
akt	N	sg.ins	aktem
akt	N	sg.loc	akcie
akt	N	sg.nom	akt
akt	N	sg.voc	akcie
alarm	N	pl.acc	alarmy
alarm	N	pl.dat	alarmom
alarm	N	pl.gen	alarmów
alarm	N	pl.ins	alarmami
alarm	N	pl.loc	alarmach
alarm	N	pl.nom	alarmy
alarm	N	pl.voc	alarmy
alarm	N	sg.acc	alarm
alarm	N	sg.dat	alarmowi
alarm	N	sg.gen	alarmu
alarm	N	sg.ins	alarmem
alarm	N	sg.loc	alarmie
alarm	N	sg.nom	alarm
alarm	N	sg.voc	alarmie
alba	N	pl.acc	alby
alba	N	pl.dat	albom
alba	N	pl.gen	alb
alba	N	pl.ins	albami
alba	N	pl.loc	albach
alba	N	pl.nom	alby
alba	N	pl.voc	alby
alba	N	sg.acc	albę
alba	N	sg.dat	albie
alba	N	sg.gen	alby
alba	N	sg.ins	albą
alba	N	sg.loc	albie
alba	N	sg.nom	alba
alba	N	sg.voc	albo
alkohol	N	pl.acc	alkohole
alkohol	N	pl.dat	alkoholom
alkohol	N	pl.ins	alkoholami
alkohol	N	pl.loc	alkoholach
alkohol	N	pl.nom	alkohole
alkohol	N	pl.voc	alkohole
alkohol	N	sg.acc	alkohol
alkohol	N	sg.dat	alkoholowi
alkohol	N	sg.gen	alkoholu
alkohol	N	sg.ins	alkoholem
alkohol	N	sg.loc	alkoholu
alkohol	N	sg.nom	alkohol
alkohol	N	sg.voc	alkoholu
amerykanin	N	pl.acc	amerykanów
amerykanin	N	pl.dat	amerykanom
amerykanin	N	pl.gen	amerykanów
amerykanin	N	pl.ins	amerykanami
amerykanin	N	pl.loc	amerykanach
amerykanin	N	pl.nom	amerykanie
amerykanin	N	pl.voc	amerykanie
amerykanin	N	sg.acc	amerykanina
amerykanin	N	sg.dat	amerykaninowi
amerykanin	N	sg.gen	amerykanina
amerykanin	N	sg.ins	amerykaninem
amerykanin	N	sg.loc	amerykaninie
amerykanin	N	sg.nom	amerykanin
amerykanin	N	sg.voc	amerykaninie
amerykański	A	pl.acc	amerykańskie
amerykański	A	pl.dat	amerykańskim
amerykański	A	pl.gen	amerykańskich
amerykański	A	pl.ins	amerykańskimi
amerykański	A	pl.loc	amerykańskich
amerykański	A	pl.m.hum.acc	amerykańskich
amerykański	A	pl.m.hum.nom	amerykańscy
amerykański	A	pl.nom	amerykańskie
amerykański	A	sg.f.acc	amerykańską
amerykański	A	sg.f.dat	amerykańskiej
amerykański	A	sg.f.gen	amerykańskiej
amerykański	A	sg.f.ins	amerykańską
amerykański	A	sg.f.loc	amerykańskiej
amerykański	A	sg.f.nom	amerykańska
amerykański	A	sg.m.anim.acc	amerykańskiego
amerykański	A	sg.m.dat	amerykańskiemu
amerykański	A	sg.m.gen	amerykańskiego
amerykański	A	sg.m.hum.acc	amerykańskiego
amerykański	A	sg.m.inan.acc	amerykański
amerykański	A	sg.m.ins	amerykańskim
amerykański	A	sg.m.loc	amerykańskim
amerykański	A	sg.m.nom	amerykański
amerykański	A	sg.n.acc	amerykańskie
amerykański	A	sg.n.dat	amerykańskiemu
amerykański	A	sg.n.gen	amerykańskiego
amerykański	A	sg.n.ins	amerykańskim
amerykański	A	sg.n.loc	amerykańskim
amerykański	A	sg.n.nom	amerykańskie
angielski	A	pl.acc	angielskie
angielski	A	pl.dat	angielskim
angielski	A	pl.gen	angielskich
angielski	A	pl.ins	angielskimi
angielski	A	pl.loc	angielskich
angielski	A	pl.m.hum.acc	angielskich
angielski	A	pl.m.hum.nom	angielscy
angielski	A	pl.nom	angielskie
angielski	A	sg.f.acc	angielską
angielski	A	sg.f.dat	angielskiej
angielski	A	sg.f.gen	angielskiej
angielski	A	sg.f.ins	angielską
angielski	A	sg.f.loc	angielskiej
angielski	A	sg.f.nom	angielska
angielski	A	sg.m.anim.acc	angielskiego
angielski	A	sg.m.dat	angielskiemu
angielski	A	sg.m.gen	angielskiego
angielski	A	sg.m.hum.acc	angielskiego
angielski	A	sg.m.inan.acc	angielski
angielski	A	sg.m.ins	angielskim
angielski	A	sg.m.loc	angielskim
angielski	A	sg.m.nom	angielski
angielski	A	sg.n.acc	angielskie
angielski	A	sg.n.dat	angielskiemu
angielski	A	sg.n.gen	angielskiego
angielski	A	sg.n.ins	angielskim
angielski	A	sg.n.loc	angielskim
angielski	A	sg.n.nom	angielskie
armia	N	pl.acc	armie
armia	N	pl.dat	armiom
armia	N	pl.gen	armii
armia	N	pl.ins	armiami
armia	N	pl.loc	armiach
armia	N	pl.nom	armie
armia	N	pl.voc	armie
armia	N	sg.acc	armię
armia	N	sg.dat	armii
armia	N	sg.gen	armii
armia	N	sg.ins	armią
armia	N	sg.loc	armii
armia	N	sg.nom	armia
armia	N	sg.voc	armio
artykuł	N	pl.acc	artykuły
artykuł	N	pl.dat	artykułom
artykuł	N	pl.gen	artykułów
artykuł	N	pl.ins	artykułami
artykuł	N	pl.loc	artykułach
artykuł	N	pl.nom	artykuły
artykuł	N	pl.voc	artykuły
artykuł	N	sg.acc	artykuł
artykuł	N	sg.dat	artykułowi
artykuł	N	sg.gen	artykułu
artykuł	N	sg.ins	artykułem
artykuł	N	sg.loc	artykule
artykuł	N	sg.nom	artykuł
artykuł	N	sg.voc	artykule
atak	N	pl.acc	ataki
atak	N	pl.dat	atakom
atak	N	pl.gen	ataków
atak	N	pl.ins	atakami
atak	N	pl.loc	atakach
atak	N	pl.nom	ataki
atak	N	pl.voc	ataki
atak	N	sg.acc	atak
atak	N	sg.dat	atakowi
atak	N	sg.gen	ataku
atak	N	sg.ins	atakiem
atak	N	sg.loc	ataku
atak	N	sg.nom	atak
atak	N	sg.voc	ataku
auto	N	pl.acc	auta
auto	N	pl.dat	autom
auto	N	pl.gen	aut
auto	N	pl.ins	autami
auto	N	pl.loc	autach
auto	N	pl.nom	auta
auto	N	pl.voc	auta
auto	N	sg.acc	auto
auto	N	sg.dat	autu
auto	N	sg.gen	auta
auto	N	sg.ins	autem
auto	N	sg.loc	aucie
auto	N	sg.nom	auto
auto	N	sg.voc	auto
autobus	N	pl.acc	autobusy
autobus	N	pl.dat	autobusom
autobus	N	pl.gen	autobusów
autobus	N	pl.ins	autobusami
autobus	N	pl.loc	autobusach
autobus	N	pl.nom	autobusy
autobus	N	pl.voc	autobusy
autobus	N	sg.acc	autobus
autobus	N	sg.dat	autobusowi
autobus	N	sg.gen	autobusu
autobus	N	sg.ins	autobusem
autobus	N	sg.loc	autobusie
autobus	N	sg.nom	autobus
autobus	N	sg.voc	autobusie
babcia	N	pl.acc	babcie
babcia	N	pl.dat	babciom
babcia	N	pl.gen	babć
babcia	N	pl.ins	babciami
babcia	N	pl.loc	babciach
babcia	N	pl.nom	babcie
babcia	N	pl.voc	babcie
babcia	N	sg.acc	babcię
babcia	N	sg.dat	babci
babcia	N	sg.gen	babci
babcia	N	sg.ins	babcią
babcia	N	sg.loc	babci
babcia	N	sg.nom	babcia
babcia	N	sg.voc	babciu
badanie	N	pl.acc	badania
badanie	N	pl.dat	badaniom
badanie	N	pl.gen	badań
badanie	N	pl.ins	badaniami
badanie	N	pl.loc	badaniach
badanie	N	pl.nom	badania
badanie	N	pl.voc	badania
badanie	N	sg.acc	badanie
badanie	N	sg.dat	badaniu
badanie	N	sg.gen	badania
badanie	N	sg.ins	badaniem
badanie	N	sg.loc	badaniu
badanie	N	sg.nom	badanie
badanie	N	sg.voc	badanie
bank	N	pl.acc	banki
bank	N	pl.dat	bankom
bank	N	pl.gen	banków
bank	N	pl.ins	bankami
bank	N	pl.loc	bankach
bank	N	pl.nom	banki
bank	N	pl.voc	banki
bank	N	sg.acc	bank
bank	N	sg.dat	bankowi
bank	N	sg.gen	banku
bank	N	sg.ins	bankiem
bank	N	sg.loc	banku
bank	N	sg.nom	bank
bank	N	sg.voc	banku
bawić	V	cond.p1.pl	bawiłybyśmy
bawić	V	cond.p1.pl.m.hum	bawilibyśmy
bawić	V	cond.p1.sg.f	bawiłabym
bawić	V	cond.p1.sg.m	bawiłbym
bawić	V	cond.p2.pl	bawiłybyście
bawić	V	cond.p2.pl.m.hum	bawilibyście
bawić	V	cond.p2.sg.f	bawiłabyś
bawić	V	cond.p2.sg.m	bawiłbyś
bawić	V	cond.p3.pl	bawiłyby
bawić	V	cond.p3.pl.m.hum	bawiliby
bawić	V	cond.p3.sg.f	bawiłaby
bawić	V	cond.p3.sg.m	bawiłby
bawić	V	cond.p3.sg.n	bawiłoby
bawić	V	fut.p1.pl	będziemy bawiły
bawić	V	fut.p1.pl.m.hum	będziemy bawili
bawić	V	fut.p1.sg.f	będę bawiła
bawić	V	fut.p1.sg.m	będę bawił
bawić	V	fut.p2.pl	będziecie bawiły
bawić	V	fut.p2.pl.m.hum	będziecie bawili
bawić	V	fut.p2.sg.f	będziesz bawiła
bawić	V	fut.p2.sg.m	będziesz bawił
bawić	V	fut.p3.pl	będą bawiły
bawić	V	fut.p3.pl.m.hum	będą bawili
bawić	V	fut.p3.sg.f	będzie bawiła
bawić	V	fut.p3.sg.m	będzie bawił
bawić	V	fut.p3.sg.n	będzie bawiło
bawić	V	imp.p1.pl	bawmy
bawić	V	imp.p2.pl	bawcie
bawić	V	imp.p2.sg	baw
bawić	V	imp.p3.pl	niech bawią
bawić	V	imp.p3.sg	niech bawi
bawić	V	past.p1.pl	bawiłyśmy
bawić	V	past.p1.pl.m.hum	bawiliśmy
bawić	V	past.p1.sg.f	bawiłam
bawić	V	past.p1.sg.m	bawiłem
bawić	V	past.p2.pl	bawiłyście
bawić	V	past.p2.pl.m.hum	bawiliście
bawić	V	past.p2.sg.f	bawiłaś
bawić	V	past.p2.sg.m	bawiłeś
bawić	V	past.p3.pl	bawiły
bawić	V	past.p3.pl.m.hum	bawili
bawić	V	past.p3.sg.f	bawiła
bawić	V	past.p3.sg.m	bawił
bawić	V	past.p3.sg.n	bawiło
bawić	V	pres.p1.pl	bawimy
bawić	V	pres.p1.sg	bawię
bawić	V	pres.p2.pl	bawicie
bawić	V	pres.p2.sg	bawisz
bawić	V	pres.p3.pl	bawią
bawić	V	pres.p3.sg	bawi
beza	N	pl.acc	bezy
beza	N	pl.dat	bezom
beza	N	pl.gen	bez
beza	N	pl.ins	bezami
beza	N	pl.loc	bezach
beza	N	pl.nom	bezy
beza	N	pl.voc	bezy
beza	N	sg.acc	bezę
beza	N	sg.dat	bezie
beza	N	sg.gen	bezy
beza	N	sg.ins	bezą
beza	N	sg.loc	bezie
beza	N	sg.nom	beza
beza	N	sg.voc	bezo
bezpieczeństwo	N	pl.acc	bezpieczeństwa
bezpieczeństwo	N	pl.dat	bezpieczeństwom
bezpieczeństwo	N	pl.gen	bezpieczeństew
bezpieczeństwo	N	pl.ins	bezpieczeństwami
bezpieczeństwo	N	pl.loc	bezpieczeństwach
bezpieczeństwo	N	pl.nom	bezpieczeństwa
bezpieczeństwo	N	pl.voc	bezpieczeństwa
bezpieczeństwo	N	sg.acc	bezpieczeństwo
bezpieczeństwo	N	sg.dat	bezpieczeństwu
bezpieczeństwo	N	sg.gen	bezpieczeństwa
bezpieczeństwo	N	sg.ins	bezpieczeństwem
bezpieczeństwo	N	sg.loc	bezpieczeństwie
bezpieczeństwo	N	sg.nom	bezpieczeństwo
bezpieczeństwo	N	sg.voc	bezpieczeństwo
bezpieczny	A	pl.acc	bezpieczne
bezpieczny	A	pl.dat	bezpiecznym
bezpieczny	A	pl.gen	bezpiecznych
bezpieczny	A	pl.ins	bezpiecznymi
bezpieczny	A	pl.loc	bezpiecznych
bezpieczny	A	pl.m.hum.acc	bezpiecznych
bezpieczny	A	pl.m.hum.nom	bezpieczni
bezpieczny	A	pl.nom	bezpieczne
bezpieczny	A	sg.f.acc	bezpieczną
bezpieczny	A	sg.f.dat	bezpiecznej
bezpieczny	A	sg.f.gen	bezpiecznej
bezpieczny	A	sg.f.ins	bezpieczną
bezpieczny	A	sg.f.loc	bezpiecznej
bezpieczny	A	sg.f.nom	bezpieczna
bezpieczny	A	sg.m.anim.acc	bezpiecznego
bezpieczny	A	sg.m.dat	bezpiecznemu
bezpieczny	A	sg.m.gen	bezpiecznego
bezpieczny	A	sg.m.hum.acc	bezpiecznego
bezpieczny	A	sg.m.inan.acc	bezpieczny
bezpieczny	A	sg.m.ins	bezpiecznym
bezpieczny	A	sg.m.loc	bezpiecznym
bezpieczny	A	sg.m.nom	bezpieczny
bezpieczny	A	sg.n.acc	bezpieczne
bezpieczny	A	sg.n.dat	bezpiecznemu
bezpieczny	A	sg.n.gen	bezpiecznego
bezpieczny	A	sg.n.ins	bezpiecznym
bezpieczny	A	sg.n.loc	bezpiecznym
bezpieczny	A	sg.n.nom	bezpieczne
biedny	A	pl.acc	biedne
biedny	A	pl.dat	biednym
biedny	A	pl.gen	biednych
biedny	A	pl.ins	biednymi
biedny	A	pl.loc	biednych
biedny	A	pl.m.hum.acc	biednych
biedny	A	pl.m.hum.nom	biedni
biedny	A	pl.nom	biedne
biedny	A	sg.f.acc	biedną
biedny	A	sg.f.dat	biednej
biedny	A	sg.f.gen	biednej
biedny	A	sg.f.ins	biedną
biedny	A	sg.f.loc	biednej
biedny	A	sg.f.nom	biedna
biedny	A	sg.m.anim.acc	biednego
biedny	A	sg.m.dat	biednemu
biedny	A	sg.m.gen	biednego
biedny	A	sg.m.hum.acc	biednego
biedny	A	sg.m.inan.acc	biedny
biedny	A	sg.m.ins	biednym
biedny	A	sg.m.loc	biednym
biedny	A	sg.m.nom	biedny
biedny	A	sg.n.acc	biedne
biedny	A	sg.n.dat	biednemu
biedny	A	sg.n.gen	biednego
biedny	A	sg.n.ins	biednym
biedny	A	sg.n.loc	biednym
biedny	A	sg.n.nom	biedne
bilet	N	pl.acc	bilety
bilet	N	pl.dat	biletom
bilet	N	pl.gen	biletów
bilet	N	pl.ins	biletami
bilet	N	pl.loc	biletach
bilet	N	pl.nom	bilety
bilet	N	pl.voc	bilety
bilet	N	sg.acc	bilet
bilet	N	sg.dat	biletowi
bilet	N	sg.gen	biletu
bilet	N	sg.ins	biletem
bilet	N	sg.loc	bilecie
bilet	N	sg.nom	bilet
bilet	N	sg.voc	bilecie
bitwa	N	pl.acc	bitwy
bitwa	N	pl.dat	bitwom
bitwa	N	pl.gen	bitew
bitwa	N	pl.ins	bitwami
bitwa	N	pl.loc	bitwach
bitwa	N	pl.nom	bitwy
bitwa	N	pl.voc	bitwy
bitwa	N	sg.acc	bitwę
bitwa	N	sg.dat	bitwie
bitwa	N	sg.gen	bitwy
bitwa	N	sg.ins	bitwą
bitwa	N	sg.loc	bitwie
bitwa	N	sg.nom	bitwa
bitwa	N	sg.voc	bitwo
biurko	N	pl.acc	biurka
biurko	N	pl.dat	biurkom
biurko	N	pl.gen	biurek
biurko	N	pl.ins	biurkami
biurko	N	pl.loc	biurkach
biurko	N	pl.nom	biurka
biurko	N	pl.voc	biurka
biurko	N	sg.acc	biurko
biurko	N	sg.dat	biurku
biurko	N	sg.gen	biurka
biurko	N	sg.ins	biurkiem
biurko	N	sg.loc	biurku
biurko	N	sg.nom	biurko
biurko	N	sg.voc	biurko
biuro	N	pl.acc	biura
biuro	N	pl.dat	biurom
biuro	N	pl.gen	biur
biuro	N	pl.ins	biurami
biuro	N	pl.loc	biurach
biuro	N	pl.nom	biura
biuro	N	pl.voc	biura
biuro	N	sg.acc	biuro
biuro	N	sg.dat	biuru
biuro	N	sg.gen	biura
biuro	N	sg.ins	biurem
biuro	N	sg.loc	biurze
biuro	N	sg.nom	biuro
biuro	N	sg.voc	biuro
biznes	N	pl.acc	biznesy
biznes	N	pl.dat	biznesom
biznes	N	pl.gen	biznesów
biznes	N	pl.ins	biznesami
biznes	N	pl.loc	biznesach
biznes	N	pl.nom	biznesy
biznes	N	pl.voc	biznesy
biznes	N	sg.acc	biznes
biznes	N	sg.dat	biznesowi
biznes	N	sg.gen	biznesu
biznes	N	sg.ins	biznesem
biznes	N	sg.loc	biznesie
biznes	N	sg.nom	biznes
biznes	N	sg.voc	biznesie
błąd	N	pl.acc	błędy
błąd	N	pl.dat	błędom
błąd	N	pl.gen	błędów
błąd	N	pl.ins	błędami
błąd	N	pl.loc	błędach
błąd	N	pl.nom	błędy
błąd	N	pl.voc	błędy
błąd	N	sg.acc	błąd
błąd	N	sg.dat	błędowi
błąd	N	sg.gen	błędu
błąd	N	sg.ins	błędem
błąd	N	sg.loc	błędzie
błąd	N	sg.nom	błąd
błąd	N	sg.voc	błędzie
bliski	A	pl.acc	bliskie
bliski	A	pl.dat	bliskim
bliski	A	pl.gen	bliskich
bliski	A	pl.ins	bliskimi
bliski	A	pl.loc	bliskich
bliski	A	pl.m.hum.acc	bliskich
bliski	A	pl.m.hum.nom	bliscy
bliski	A	pl.nom	bliskie
bliski	A	sg.f.acc	bliską
bliski	A	sg.f.dat	bliskiej
bliski	A	sg.f.gen	bliskiej
bliski	A	sg.f.ins	bliską
bliski	A	sg.f.loc	bliskiej
bliski	A	sg.f.nom	bliska
bliski	A	sg.m.anim.acc	bliskiego
bliski	A	sg.m.dat	bliskiemu
bliski	A	sg.m.gen	bliskiego
bliski	A	sg.m.hum.acc	bliskiego
bliski	A	sg.m.inan.acc	bliski
bliski	A	sg.m.ins	bliskim
bliski	A	sg.m.loc	bliskim
bliski	A	sg.m.nom	bliski
bliski	A	sg.n.acc	bliskie
bliski	A	sg.n.dat	bliskiemu
bliski	A	sg.n.gen	bliskiego
bliski	A	sg.n.ins	bliskim
bliski	A	sg.n.loc	bliskim
bliski	A	sg.n.nom	bliskie
bogaty	A	pl.acc	bogate
bogaty	A	pl.dat	bogatym
bogaty	A	pl.gen	bogatych
bogaty	A	pl.ins	bogatymi
bogaty	A	pl.loc	bogatych
bogaty	A	pl.m.hum.acc	bogatych
bogaty	A	pl.m.hum.nom	bogaci
bogaty	A	pl.nom	bogate
bogaty	A	sg.f.acc	bogatą
bogaty	A	sg.f.dat	bogatej
bogaty	A	sg.f.gen	bogatej
bogaty	A	sg.f.ins	bogatą
bogaty	A	sg.f.loc	bogatej
bogaty	A	sg.f.nom	bogata
bogaty	A	sg.m.anim.acc	bogatego
bogaty	A	sg.m.dat	bogatemu
bogaty	A	sg.m.gen	bogatego
bogaty	A	sg.m.hum.acc	bogatego
bogaty	A	sg.m.inan.acc	bogaty
bogaty	A	sg.m.ins	bogatym
bogaty	A	sg.m.loc	bogatym
bogaty	A	sg.m.nom	bogaty
bogaty	A	sg.n.acc	bogate
bogaty	A	sg.n.dat	bogatemu
bogaty	A	sg.n.gen	bogatego
bogaty	A	sg.n.ins	bogatym
bogaty	A	sg.n.loc	bogatym
bogaty	A	sg.n.nom	bogate
bohater	N	pl.acc	bohaterów
bohater	N	pl.dat	bohaterom
bohater	N	pl.gen	bohaterów
bohater	N	pl.ins	bohaterami
bohater	N	pl.loc	bohaterach
bohater	N	pl.nom	bohaterzy
bohater	N	pl.voc	bohaterzy
bohater	N	sg.acc	bohatera
bohater	N	sg.dat	bohaterowi
bohater	N	sg.gen	bohatera
bohater	N	sg.ins	bohaterem
bohater	N	sg.loc	bohaterze
bohater	N	sg.nom	bohater
bohater	N	sg.voc	bohaterze
boja	N	pl.acc	boje
boja	N	pl.dat	bojom
boja	N	pl.gen	boi
boja	N	pl.ins	bojami
boja	N	pl.loc	bojach
boja	N	pl.nom	boje
boja	N	pl.voc	boje
boja	N	sg.acc	boję
boja	N	sg.dat	boi
boja	N	sg.gen	boi
boja	N	sg.ins	boją
boja	N	sg.loc	boi
boja	N	sg.nom	boja
boja	N	sg.voc	bojo
bok	N	pl.acc	boki
bok	N	pl.dat	bokom
bok	N	pl.gen	boków
bok	N	pl.ins	bokami
bok	N	pl.loc	bokach
bok	N	pl.nom	boki
bok	N	pl.voc	boki
bok	N	sg.acc	bok
bok	N	sg.dat	bokowi
bok	N	sg.gen	boku
bok	N	sg.ins	bokiem
bok	N	sg.loc	boku
bok	N	sg.nom	bok
bok	N	sg.voc	boku
ból	N	pl.acc	bóle
ból	N	pl.dat	bólom
ból	N	pl.gen	bólów
ból	N	pl.ins	bólami
ból	N	pl.loc	bólach
ból	N	pl.nom	bóle
ból	N	pl.voc	bóle
ból	N	sg.acc	ból
ból	N	sg.dat	bólowi
ból	N	sg.gen	bólu
ból	N	sg.ins	bólem
ból	N	sg.loc	bólu
ból	N	sg.nom	ból
ból	N	sg.voc	bólu
bomba	N	pl.acc	bomby
bomba	N	pl.dat	bombom
bomba	N	pl.gen	bomb
bomba	N	pl.ins	bombami
bomba	N	pl.loc	bombach
bomba	N	pl.nom	bomby
bomba	N	pl.voc	bomby
bomba	N	sg.acc	bombę
bomba	N	sg.dat	bombie
bomba	N	sg.gen	bomby
bomba	N	sg.ins	bombą
bomba	N	sg.loc	bombie
bomba	N	sg.nom	bomba
bomba	N	sg.voc	bombo
brat	N	pl.acc	braci
brat	N	pl.dat	braciom
brat	N	pl.gen	braci
brat	N	pl.ins	braćmi
brat	N	pl.loc	braciach
brat	N	pl.nom	bracia
brat	N	pl.voc	bracia
brat	N	sg.acc	brata
brat	N	sg.dat	bratu
brat	N	sg.gen	brata
brat	N	sg.ins	bratem
brat	N	sg.loc	bracie
brat	N	sg.nom	brat
brat	N	sg.voc	bracie
bronić	V	cond.p1.pl	broniłybyśmy
bronić	V	cond.p1.pl.m.hum	bronilibyśmy
bronić	V	cond.p1.sg.f	broniłabym
bronić	V	cond.p1.sg.m	broniłbym
bronić	V	cond.p2.pl	broniłybyście
bronić	V	cond.p2.pl.m.hum	bronilibyście
bronić	V	cond.p2.sg.f	broniłabyś
bronić	V	cond.p2.sg.m	broniłbyś
bronić	V	cond.p3.pl	broniłyby
bronić	V	cond.p3.pl.m.hum	broniliby
bronić	V	cond.p3.sg.f	broniłaby
bronić	V	cond.p3.sg.m	broniłby
bronić	V	cond.p3.sg.n	broniłoby
bronić	V	fut.p1.pl	będziemy broniły
bronić	V	fut.p1.pl.m.hum	będziemy bronili
bronić	V	fut.p1.sg.f	będę broniła
bronić	V	fut.p1.sg.m	będę bronił
bronić	V	fut.p2.pl	będziecie broniły
bronić	V	fut.p2.pl.m.hum	będziecie bronili
bronić	V	fut.p2.sg.f	będziesz broniła
bronić	V	fut.p2.sg.m	będziesz bronił
bronić	V	fut.p3.pl	będą broniły
bronić	V	fut.p3.pl.m.hum	będą bronili
bronić	V	fut.p3.sg.f	będzie broniła
bronić	V	fut.p3.sg.m	będzie bronił
bronić	V	fut.p3.sg.n	będzie broniło
bronić	V	imp.p1.pl	brońmy
bronić	V	imp.p2.pl	brońcie
bronić	V	imp.p2.sg	broń
bronić	V	imp.p3.pl	niech bronią
bronić	V	imp.p3.sg	niech broni
bronić	V	past.p1.pl	broniłyśmy
bronić	V	past.p1.pl.m.hum	broniliśmy
bronić	V	past.p1.sg.f	broniłam
bronić	V	past.p1.sg.m	broniłem
bronić	V	past.p2.pl	broniłyście
bronić	V	past.p2.pl.m.hum	broniliście
bronić	V	past.p2.sg.f	broniłaś
bronić	V	past.p2.sg.m	broniłeś
bronić	V	past.p3.pl	broniły
bronić	V	past.p3.pl.m.hum	bronili
bronić	V	past.p3.sg.f	broniła
bronić	V	past.p3.sg.m	bronił
bronić	V	past.p3.sg.n	broniło
bronić	V	pres.p1.pl	bronimy
bronić	V	pres.p1.sg	bronię
bronić	V	pres.p2.pl	bronicie
bronić	V	pres.p2.sg	bronisz
bronić	V	pres.p3.pl	bronią
bronić	V	pres.p3.sg	broni
budynek	N	pl.acc	budynki
budynek	N	pl.dat	budynkom
budynek	N	pl.gen	budynków
budynek	N	pl.ins	budynkami
budynek	N	pl.loc	budynkach
budynek	N	pl.nom	budynki
budynek	N	pl.voc	budynki
budynek	N	sg.acc	budynek
budynek	N	sg.dat	budynkowi
budynek	N	sg.gen	budynku
budynek	N	sg.ins	budynkiem
budynek	N	sg.loc	budynku
budynek	N	sg.nom	budynek
budynek	N	sg.voc	budynku
burmistrz	N	pl.acc	burmistrzów
burmistrz	N	pl.dat	burmistrzom
burmistrz	N	pl.gen	burmistrzów
burmistrz	N	pl.ins	burmistrzami
burmistrz	N	pl.loc	burmistrzach
burmistrz	N	pl.nom	burmistrzowie
burmistrz	N	pl.voc	burmistrzowie
burmistrz	N	sg.acc	burmistrza
burmistrz	N	sg.dat	burmistrzowi
burmistrz	N	sg.gen	burmistrza
burmistrz	N	sg.ins	burmistrzem
burmistrz	N	sg.loc	burmistrzu
burmistrz	N	sg.nom	burmistrz
burmistrz	N	sg.voc	burmistrzu
butelka	N	pl.acc	butelki
butelka	N	pl.dat	butelkom
butelka	N	pl.gen	butelek
butelka	N	pl.ins	butelkami
butelka	N	pl.loc	butelkach
butelka	N	pl.nom	butelki
butelka	N	pl.voc	butelki
butelka	N	sg.acc	butelkę
butelka	N	sg.dat	butelce
butelka	N	sg.gen	butelki
butelka	N	sg.ins	butelką
butelka	N	sg.loc	butelce
butelka	N	sg.nom	butelka
butelka	N	sg.voc	butelko
całować	V	cond.p1.pl	całowałybyśmy
całować	V	cond.p1.pl.m.hum	całowalibyśmy
całować	V	cond.p1.sg.f	całowałabym
całować	V	cond.p1.sg.m	całowałbym
całować	V	cond.p2.pl	całowałybyście
całować	V	cond.p2.pl.m.hum	całowalibyście
całować	V	cond.p2.sg.f	całowałabyś
całować	V	cond.p2.sg.m	całowałbyś
całować	V	cond.p3.pl	całowałyby
całować	V	cond.p3.pl.m.hum	całowaliby
całować	V	cond.p3.sg.f	całowałaby
całować	V	cond.p3.sg.m	całowałby
całować	V	cond.p3.sg.n	całowałoby
całować	V	fut.p1.pl	będziemy całowały
całować	V	fut.p1.pl.m.hum	będziemy całowali
całować	V	fut.p1.sg.f	będę całowała
całować	V	fut.p1.sg.m	będę całował
całować	V	fut.p2.pl	będziecie całowały
całować	V	fut.p2.pl.m.hum	będziecie całowali
całować	V	fut.p2.sg.f	będziesz całowała
całować	V	fut.p2.sg.m	będziesz całował
całować	V	fut.p3.pl	będą całowały
całować	V	fut.p3.pl.m.hum	będą całowali
całować	V	fut.p3.sg.f	będzie całowała
całować	V	fut.p3.sg.m	będzie całował
całować	V	fut.p3.sg.n	będzie całowało
całować	V	imp.p1.pl	całujmy
całować	V	imp.p2.pl	całujcie
całować	V	imp.p2.sg	całuj
całować	V	imp.p3.pl	niech całują
całować	V	imp.p3.sg	niech całuje
całować	V	past.p1.pl	całowałyśmy
całować	V	past.p1.pl.m.hum	całowaliśmy
całować	V	past.p1.sg.f	całowałam
całować	V	past.p1.sg.m	całowałem
całować	V	past.p2.pl	całowałyście
całować	V	past.p2.pl.m.hum	całowaliście
całować	V	past.p2.sg.f	całowałaś
całować	V	past.p2.sg.m	całowałeś
całować	V	past.p3.pl	całowały
całować	V	past.p3.pl.m.hum	całowali
całować	V	past.p3.sg.f	całowała
całować	V	past.p3.sg.m	całował
całować	V	past.p3.sg.n	całowało
całować	V	pres.p1.pl	całujemy
całować	V	pres.p1.sg	całuję
całować	V	pres.p2.pl	całujecie
całować	V	pres.p2.sg	całujesz
całować	V	pres.p3.pl	całują
całować	V	pres.p3.sg	całuje
cały	A	pl.acc	całe
cały	A	pl.dat	całym
cały	A	pl.gen	całych
cały	A	pl.ins	całymi
cały	A	pl.loc	całych
cały	A	pl.m.hum.acc	całych
cały	A	pl.m.hum.nom	cali
cały	A	pl.nom	całe
cały	A	sg.f.acc	całą
cały	A	sg.f.dat	całej
cały	A	sg.f.gen	całej
cały	A	sg.f.ins	całą
cały	A	sg.f.loc	całej
cały	A	sg.f.nom	cała
cały	A	sg.m.anim.acc	całego
cały	A	sg.m.dat	całemu
cały	A	sg.m.gen	całego
cały	A	sg.m.hum.acc	całego
cały	A	sg.m.inan.acc	cały
cały	A	sg.m.ins	całym
cały	A	sg.m.loc	całym
cały	A	sg.m.nom	cały
cały	A	sg.n.acc	całe
cały	A	sg.n.dat	całemu
cały	A	sg.n.gen	całego
cały	A	sg.n.ins	całym
cały	A	sg.n.loc	całym
cały	A	sg.n.nom	całe
cela	N	pl.acc	cele
cela	N	pl.dat	celom
cela	N	pl.gen	cel
cela	N	pl.ins	celami
cela	N	pl.loc	celach
cela	N	pl.nom	cele
cela	N	pl.voc	cele
cela	N	sg.acc	celę
cela	N	sg.dat	celi
cela	N	sg.gen	celi
cela	N	sg.ins	celą
cela	N	sg.loc	celi
cela	N	sg.nom	cela
cela	N	sg.voc	celo
cena	N	pl.acc	ceny
cena	N	pl.dat	cenom
cena	N	pl.gen	cen
cena	N	pl.ins	cenami
cena	N	pl.loc	cenach
cena	N	pl.nom	ceny
cena	N	pl.voc	ceny
cena	N	sg.acc	cenę
cena	N	sg.dat	cenie
cena	N	sg.gen	ceny
cena	N	sg.ins	ceną
cena	N	sg.loc	cenie
cena	N	sg.nom	cena
cena	N	sg.voc	ceno
centrum	N	pl.acc	centra
centrum	N	pl.dat	centrom
centrum	N	pl.gen	centrów
centrum	N	pl.ins	centrami
centrum	N	pl.loc	centrach
centrum	N	pl.nom	centra
centrum	N	pl.voc	centra
centrum	N	sg.acc	centrum
centrum	N	sg.dat	centrum
centrum	N	sg.gen	centrum
centrum	N	sg.ins	centrum
centrum	N	sg.loc	centrum
centrum	N	sg.nom	centrum
centrum	N	sg.voc	centrum
chcieć	V	cond.p1.pl	chciałybyśmy
chcieć	V	cond.p1.pl.m.hum	chcielibyśmy
chcieć	V	cond.p1.sg.f	chciałabym
chcieć	V	cond.p1.sg.m	chciałbym
chcieć	V	cond.p2.pl	chciałybyście
chcieć	V	cond.p2.pl.m.hum	chcielibyście
chcieć	V	cond.p2.sg.f	chciałabyś
chcieć	V	cond.p2.sg.m	chciałbyś
chcieć	V	cond.p3.pl	chciałyby
chcieć	V	cond.p3.pl.m.hum	chcieliby
chcieć	V	cond.p3.sg.f	chciałaby
chcieć	V	cond.p3.sg.m	chciałby
chcieć	V	cond.p3.sg.n	chciałoby
chcieć	V	fut.p1.pl	będziemy chciały
chcieć	V	fut.p1.pl.m.hum	będziemy chcieli
chcieć	V	fut.p1.sg.f	będę chciała
chcieć	V	fut.p1.sg.m	będę chciał
chcieć	V	fut.p2.pl	będziecie chciały
chcieć	V	fut.p2.pl.m.hum	będziecie chcieli
chcieć	V	fut.p2.sg.f	będziesz chciała
chcieć	V	fut.p2.sg.m	będziesz chciał
chcieć	V	fut.p3.pl	będą chciały
chcieć	V	fut.p3.pl.m.hum	będą chcieli
chcieć	V	fut.p3.sg.f	będzie chciała
chcieć	V	fut.p3.sg.m	będzie chciał
chcieć	V	fut.p3.sg.n	będzie chciało
chcieć	V	imp.p1.pl	chciejmy
chcieć	V	imp.p2.pl	chciejcie
chcieć	V	imp.p2.sg	chciej
chcieć	V	imp.p3.pl	niech chcą
chcieć	V	imp.p3.sg	niech chce
chcieć	V	past.p1.pl	chciałyśmy
chcieć	V	past.p1.pl.m.hum	chcieliśmy
chcieć	V	past.p1.sg.f	chciałam
chcieć	V	past.p1.sg.m	chciałem
chcieć	V	past.p2.pl	chciałyście
chcieć	V	past.p2.pl.m.hum	chcieliście
chcieć	V	past.p2.sg.f	chciałaś
chcieć	V	past.p2.sg.m	chciałeś
chcieć	V	past.p3.pl	chciały
chcieć	V	past.p3.pl.m.hum	chcieli
chcieć	V	past.p3.sg.f	chciała
chcieć	V	past.p3.sg.m	chciał
chcieć	V	past.p3.sg.n	chciało
chcieć	V	pres.p1.pl	chcemy
chcieć	V	pres.p1.sg	chcę
chcieć	V	pres.p2.pl	chcecie
chcieć	V	pres.p2.sg	chcesz
chcieć	V	pres.p3.pl	chcą
chcieć	V	pres.p3.sg	chce
chłopak	N	pl.acc	chłopaków
chłopak	N	pl.dat	chłopakom
chłopak	N	pl.gen	chłopaków
chłopak	N	pl.ins	chłopakami
chłopak	N	pl.loc	chłopakach
chłopak	N	pl.nom	chłopacy
chłopak	N	pl.voc	chłopacy
chłopak	N	sg.acc	chłopaka
chłopak	N	sg.dat	chłopakowi
chłopak	N	sg.gen	chłopaka
chłopak	N	sg.ins	chłopakiem
chłopak	N	sg.loc	chłopaku
chłopak	N	sg.nom	chłopak
chłopak	N	sg.voc	chłopaku
chłopiec	N	pl.acc	chłopców
chłopiec	N	pl.dat	chłopcom
chłopiec	N	pl.gen	chłopców
chłopiec	N	pl.ins	chłopcami
chłopiec	N	pl.loc	chłopcach
chłopiec	N	pl.nom	chłopcy
chłopiec	N	pl.voc	chłopcy
chłopiec	N	sg.acc	chłopca
chłopiec	N	sg.dat	chłopcu
chłopiec	N	sg.gen	chłopca
chłopiec	N	sg.ins	chłopcem
chłopiec	N	sg.loc	chłopcu
chłopiec	N	sg.nom	chłopiec
chłopiec	N	sg.voc	chłopcze
cholerny	A	pl.acc	cholerne
cholerny	A	pl.dat	cholernym
cholerny	A	pl.gen	cholernych
cholerny	A	pl.ins	cholernymi
cholerny	A	pl.loc	cholernych
cholerny	A	pl.m.hum.acc	cholernych
cholerny	A	pl.m.hum.nom	cholerni
cholerny	A	pl.nom	cholerne
cholerny	A	sg.f.acc	cholerną
cholerny	A	sg.f.dat	cholernej
cholerny	A	sg.f.gen	cholernej
cholerny	A	sg.f.ins	cholerną
cholerny	A	sg.f.loc	cholernej
cholerny	A	sg.f.nom	cholerna
cholerny	A	sg.m.anim.acc	cholernego
cholerny	A	sg.m.dat	cholernemu
cholerny	A	sg.m.gen	cholernego
cholerny	A	sg.m.hum.acc	cholernego
cholerny	A	sg.m.inan.acc	cholerny
cholerny	A	sg.m.ins	cholernym
cholerny	A	sg.m.loc	cholernym
cholerny	A	sg.m.nom	cholerny
cholerny	A	sg.n.acc	cholerne
cholerny	A	sg.n.dat	cholernemu
cholerny	A	sg.n.gen	cholernego
cholerny	A	sg.n.ins	cholernym
cholerny	A	sg.n.loc	cholernym
cholerny	A	sg.n.nom	cholerne
choroba	N	pl.acc	choroby
choroba	N	pl.dat	chorobom
choroba	N	pl.gen	chorob
choroba	N	pl.ins	chorobami
choroba	N	pl.loc	chorobach
choroba	N	pl.nom	choroby
choroba	N	pl.voc	choroby
choroba	N	sg.acc	chorobę
choroba	N	sg.dat	chorobie
choroba	N	sg.gen	choroby
choroba	N	sg.ins	chorobą
choroba	N	sg.loc	chorobie
choroba	N	sg.nom	choroba
choroba	N	sg.voc	chorobo
chory	A	pl.acc	chore
chory	A	pl.dat	chorym
chory	A	pl.gen	chorych
chory	A	pl.ins	chorymi
chory	A	pl.loc	chorych
chory	A	pl.m.hum.acc	chorych
chory	A	pl.m.hum.nom	chorzy
chory	A	pl.nom	chore
chory	A	sg.f.acc	chorą
chory	A	sg.f.dat	chorej
chory	A	sg.f.gen	chorej
chory	A	sg.f.ins	chorą
chory	A	sg.f.loc	chorej
chory	A	sg.f.nom	chora
chory	A	sg.m.anim.acc	chorego
chory	A	sg.m.dat	choremu
chory	A	sg.m.gen	chorego
chory	A	sg.m.hum.acc	chorego
chory	A	sg.m.inan.acc	chory
chory	A	sg.m.ins	chorym
chory	A	sg.m.loc	chorym
chory	A	sg.m.nom	chory
chory	A	sg.n.acc	chore
chory	A	sg.n.dat	choremu
chory	A	sg.n.gen	chorego
chory	A	sg.n.ins	chorym
chory	A	sg.n.loc	chorym
chory	A	sg.n.nom	chore
chronić	V	cond.p1.pl	chroniłybyśmy
chronić	V	cond.p1.pl.m.hum	chronilibyśmy
chronić	V	cond.p1.sg.f	chroniłabym
chronić	V	cond.p1.sg.m	chroniłbym
chronić	V	cond.p2.pl	chroniłybyście
chronić	V	cond.p2.pl.m.hum	chronilibyście
chronić	V	cond.p2.sg.f	chroniłabyś
chronić	V	cond.p2.sg.m	chroniłbyś
chronić	V	cond.p3.pl	chroniłyby
chronić	V	cond.p3.pl.m.hum	chroniliby
chronić	V	cond.p3.sg.f	chroniłaby
chronić	V	cond.p3.sg.m	chroniłby
chronić	V	cond.p3.sg.n	chroniłoby
chronić	V	fut.p1.pl	będziemy chroniły
chronić	V	fut.p1.pl.m.hum	będziemy chronili
chronić	V	fut.p1.sg.f	będę chroniła
chronić	V	fut.p1.sg.m	będę chronił
chronić	V	fut.p2.pl	będziecie chroniły
chronić	V	fut.p2.pl.m.hum	będziecie chronili
chronić	V	fut.p2.sg.f	będziesz chroniła
chronić	V	fut.p2.sg.m	będziesz chronił
chronić	V	fut.p3.pl	będą chroniły
chronić	V	fut.p3.pl.m.hum	będą chronili
chronić	V	fut.p3.sg.f	będzie chroniła
chronić	V	fut.p3.sg.m	będzie chronił
chronić	V	fut.p3.sg.n	będzie chroniło
chronić	V	imp.p1.pl	chrońmy
chronić	V	imp.p2.pl	chrońcie
chronić	V	imp.p2.sg	chroń
chronić	V	imp.p3.pl	niech chronią
chronić	V	imp.p3.sg	niech chroni
chronić	V	past.p1.pl	chroniłyśmy
chronić	V	past.p1.pl.m.hum	chroniliśmy
chronić	V	past.p1.sg.f	chroniłam
chronić	V	past.p1.sg.m	chroniłem
chronić	V	past.p2.pl	chroniłyście
chronić	V	past.p2.pl.m.hum	chroniliście
chronić	V	past.p2.sg.f	chroniłaś
chronić	V	past.p2.sg.m	chroniłeś
chronić	V	past.p3.pl	chroniły
chronić	V	past.p3.pl.m.hum	chronili
chronić	V	past.p3.sg.f	chroniła
chronić	V	past.p3.sg.m	chronił
chronić	V	past.p3.sg.n	chroniło
chronić	V	pres.p1.pl	chronimy
chronić	V	pres.p1.sg	chronię
chronić	V	pres.p2.pl	chronicie
chronić	V	pres.p2.sg	chronisz
chronić	V	pres.p3.pl	chronią
chronić	V	pres.p3.sg	chroni
chwila	N	pl.acc	chwile
chwila	N	pl.dat	chwilom
chwila	N	pl.gen	chwil
chwila	N	pl.ins	chwilami
chwila	N	pl.loc	chwilach
chwila	N	pl.nom	chwile
chwila	N	pl.voc	chwile
chwila	N	sg.acc	chwilę
chwila	N	sg.dat	chwili
chwila	N	sg.gen	chwili
chwila	N	sg.ins	chwilą
chwila	N	sg.loc	chwili
chwila	N	sg.nom	chwila
chwila	N	sg.voc	chwilo
chwileczka	N	pl.acc	chwileczki
chwileczka	N	pl.dat	chwileczkom
chwileczka	N	pl.gen	chwileczek
chwileczka	N	pl.ins	chwileczkami
chwileczka	N	pl.loc	chwileczkach
chwileczka	N	pl.nom	chwileczki
chwileczka	N	pl.voc	chwileczki
chwileczka	N	sg.acc	chwileczkę
chwileczka	N	sg.dat	chwileczce
chwileczka	N	sg.gen	chwileczki
chwileczka	N	sg.ins	chwileczką
chwileczka	N	sg.loc	chwileczce
chwileczka	N	sg.nom	chwileczka
chwileczka	N	sg.voc	chwileczko
chwilka	N	pl.acc	chwilki
chwilka	N	pl.dat	chwilkom
chwilka	N	pl.gen	chwilek
chwilka	N	pl.ins	chwilkami
chwilka	N	pl.loc	chwilkach
chwilka	N	pl.nom	chwilki
chwilka	N	pl.voc	chwilki
chwilka	N	sg.acc	chwilkę
chwilka	N	sg.dat	chwilce
chwilka	N	sg.gen	chwilki
chwilka	N	sg.ins	chwilką
chwilka	N	sg.loc	chwilce
chwilka	N	sg.nom	chwilka
chwilka	N	sg.voc	chwilko
ciąg	N	pl.acc	ciągi
ciąg	N	pl.dat	ciągom
ciąg	N	pl.gen	ciągów
ciąg	N	pl.ins	ciągami
ciąg	N	pl.loc	ciągach
ciąg	N	pl.nom	ciągi
ciąg	N	pl.voc	ciągi
ciąg	N	sg.acc	ciąg
ciąg	N	sg.dat	ciągowi
ciąg	N	sg.gen	ciągu
ciąg	N	sg.ins	ciągiem
ciąg	N	sg.loc	ciągu
ciąg	N	sg.nom	ciąg
ciąg	N	sg.voc	ciągu
ciało	N	pl.acc	ciała
ciało	N	pl.dat	ciałom
ciało	N	pl.gen	ciał
ciało	N	pl.ins	ciałami
ciało	N	pl.loc	ciałach
ciało	N	pl.nom	ciała
ciało	N	pl.voc	ciała
ciało	N	sg.acc	ciało
ciało	N	sg.dat	ciału
ciało	N	sg.gen	ciała
ciało	N	sg.ins	ciałem
ciało	N	sg.loc	ciele
ciało	N	sg.nom	ciało
ciało	N	sg.voc	ciało
ciasto	N	pl.acc	ciasta
ciasto	N	pl.dat	ciastom
ciasto	N	pl.gen	ciast
ciasto	N	pl.ins	ciastami
ciasto	N	pl.loc	ciastach
ciasto	N	pl.nom	ciasta
ciasto	N	pl.voc	ciasta
ciasto	N	sg.acc	ciasto
ciasto	N	sg.dat	ciastu
ciasto	N	sg.gen	ciasta
ciasto	N	sg.ins	ciastem
ciasto	N	sg.loc	cieście
ciasto	N	sg.nom	ciasto
ciasto	N	sg.voc	ciasto
ciąża	N	pl.acc	ciąże
ciąża	N	pl.dat	ciążom
ciąża	N	pl.gen	ciąż
ciąża	N	pl.ins	ciążami
ciąża	N	pl.loc	ciążach
ciąża	N	pl.nom	ciąże
ciąża	N	pl.voc	ciąże
ciąża	N	sg.acc	ciążę
ciąża	N	sg.dat	ciąży
ciąża	N	sg.gen	ciąży
ciąża	N	sg.ins	ciążą
ciąża	N	sg.loc	ciąży
ciąża	N	sg.nom	ciąża
ciąża	N	sg.voc	ciążo
cichy	A	pl.acc	ciche
cichy	A	pl.dat	cichym
cichy	A	pl.gen	cichych
cichy	A	pl.ins	cichymi
cichy	A	pl.loc	cichych
cichy	A	pl.m.hum.acc	cichych
cichy	A	pl.m.hum.nom	cisi
cichy	A	pl.nom	ciche
cichy	A	sg.f.acc	cichą
cichy	A	sg.f.dat	cichej
cichy	A	sg.f.gen	cichej
cichy	A	sg.f.ins	cichą
cichy	A	sg.f.loc	cichej
cichy	A	sg.f.nom	cicha
cichy	A	sg.m.anim.acc	cichego
cichy	A	sg.m.dat	cichemu
cichy	A	sg.m.gen	cichego
cichy	A	sg.m.hum.acc	cichego
cichy	A	sg.m.inan.acc	cichy
cichy	A	sg.m.ins	cichym
cichy	A	sg.m.loc	cichym
cichy	A	sg.m.nom	cichy
cichy	A	sg.n.acc	ciche
cichy	A	sg.n.dat	cichemu
cichy	A	sg.n.gen	cichego
cichy	A	sg.n.ins	cichym
cichy	A	sg.n.loc	cichym
cichy	A	sg.n.nom	ciche
ciekawy	A	pl.acc	ciekawe
ciekawy	A	pl.dat	ciekawym
ciekawy	A	pl.gen	ciekawych
ciekawy	A	pl.ins	ciekawymi
ciekawy	A	pl.loc	ciekawych
ciekawy	A	pl.m.hum.acc	ciekawych
ciekawy	A	pl.m.hum.nom	ciekawi
ciekawy	A	pl.nom	ciekawe
ciekawy	A	sg.f.acc	ciekawą
ciekawy	A	sg.f.dat	ciekawej
ciekawy	A	sg.f.gen	ciekawej
ciekawy	A	sg.f.ins	ciekawą
ciekawy	A	sg.f.loc	ciekawej
ciekawy	A	sg.f.nom	ciekawa
ciekawy	A	sg.m.anim.acc	ciekawego
ciekawy	A	sg.m.dat	ciekawemu
ciekawy	A	sg.m.gen	ciekawego
ciekawy	A	sg.m.hum.acc	ciekawego
ciekawy	A	sg.m.inan.acc	ciekawy
ciekawy	A	sg.m.ins	ciekawym
ciekawy	A	sg.m.loc	ciekawym
ciekawy	A	sg.m.nom	ciekawy
ciekawy	A	sg.n.acc	ciekawe
ciekawy	A	sg.n.dat	ciekawemu
ciekawy	A	sg.n.gen	ciekawego
ciekawy	A	sg.n.ins	ciekawym
ciekawy	A	sg.n.loc	ciekawym
ciekawy	A	sg.n.nom	ciekawe
ciemność	N	pl.acc	ciemności
ciemność	N	pl.dat	ciemnościom
ciemność	N	pl.gen	ciemności
ciemność	N	pl.ins	ciemnościami
ciemność	N	pl.loc	ciemnościach
ciemność	N	pl.nom	ciemności
ciemność	N	pl.voc	ciemności
ciemność	N	sg.acc	ciemność
ciemność	N	sg.dat	ciemności
ciemność	N	sg.gen	ciemności
ciemność	N	sg.ins	ciemnością
ciemność	N	sg.loc	ciemności
ciemność	N	sg.nom	ciemność
ciemność	N	sg.voc	ciemności
ciemny	A	pl.acc	ciemne
ciemny	A	pl.dat	ciemnym
ciemny	A	pl.gen	ciemnych
ciemny	A	pl.ins	ciemnymi
ciemny	A	pl.loc	ciemnych
ciemny	A	pl.m.hum.acc	ciemnych
ciemny	A	pl.m.hum.nom	ciemni
ciemny	A	pl.nom	ciemne
ciemny	A	sg.f.acc	ciemną
ciemny	A	sg.f.dat	ciemnej
ciemny	A	sg.f.gen	ciemnej
ciemny	A	sg.f.ins	ciemną
ciemny	A	sg.f.loc	ciemnej
ciemny	A	sg.f.nom	ciemna
ciemny	A	sg.m.anim.acc	ciemnego
ciemny	A	sg.m.dat	ciemnemu
ciemny	A	sg.m.gen	ciemnego
ciemny	A	sg.m.hum.acc	ciemnego
ciemny	A	sg.m.inan.acc	ciemny
ciemny	A	sg.m.ins	ciemnym
ciemny	A	sg.m.loc	ciemnym
ciemny	A	sg.m.nom	ciemny
ciemny	A	sg.n.acc	ciemne
ciemny	A	sg.n.dat	ciemnemu
ciemny	A	sg.n.gen	ciemnego
ciemny	A	sg.n.ins	ciemnym
ciemny	A	sg.n.loc	ciemnym
ciemny	A	sg.n.nom	ciemne
ciepły	A	pl.acc	ciepłe
ciepły	A	pl.dat	ciepłym
ciepły	A	pl.gen	ciepłych
ciepły	A	pl.ins	ciepłymi
ciepły	A	pl.loc	ciepłych
ciepły	A	pl.m.hum.acc	ciepłych
ciepły	A	pl.m.hum.nom	ciepli
ciepły	A	pl.nom	ciepłe
ciepły	A	sg.f.acc	ciepłą
ciepły	A	sg.f.dat	ciepłej
ciepły	A	sg.f.gen	ciepłej
ciepły	A	sg.f.ins	ciepłą
ciepły	A	sg.f.loc	ciepłej
ciepły	A	sg.f.nom	ciepła
ciepły	A	sg.m.anim.acc	ciepłego
ciepły	A	sg.m.dat	ciepłemu
ciepły	A	sg.m.gen	ciepłego
ciepły	A	sg.m.hum.acc	ciepłego
ciepły	A	sg.m.inan.acc	ciepły
ciepły	A	sg.m.ins	ciepłym
ciepły	A	sg.m.loc	ciepłym
ciepły	A	sg.m.nom	ciepły
ciepły	A	sg.n.acc	ciepłe
ciepły	A	sg.n.dat	ciepłemu
ciepły	A	sg.n.gen	ciepłego
ciepły	A	sg.n.ins	ciepłym
ciepły	A	sg.n.loc	ciepłym
ciepły	A	sg.n.nom	ciepłe
ciężarówka	N	pl.acc	ciężarówki
ciężarówka	N	pl.dat	ciężarówkom
ciężarówka	N	pl.gen	ciężarówek
ciężarówka	N	pl.ins	ciężarówkami
ciężarówka	N	pl.loc	ciężarówkach
ciężarówka	N	pl.nom	ciężarówki
ciężarówka	N	pl.voc	ciężarówki
ciężarówka	N	sg.acc	ciężarówkę
ciężarówka	N	sg.dat	ciężarówce
ciężarówka	N	sg.gen	ciężarówki
ciężarówka	N	sg.ins	ciężarówką
ciężarówka	N	sg.loc	ciężarówce
ciężarówka	N	sg.nom	ciężarówka
ciężarówka	N	sg.voc	ciężarówko
ciężki	A	pl.acc	ciężkie
ciężki	A	pl.dat	ciężkim
ciężki	A	pl.gen	ciężkich
ciężki	A	pl.ins	ciężkimi
ciężki	A	pl.loc	ciężkich
ciężki	A	pl.m.hum.acc	ciężkich
ciężki	A	pl.m.hum.nom	ciężcy
ciężki	A	pl.nom	ciężkie
ciężki	A	sg.f.acc	ciężką
ciężki	A	sg.f.dat	ciężkiej
ciężki	A	sg.f.gen	ciężkiej
ciężki	A	sg.f.ins	ciężką
ciężki	A	sg.f.loc	ciężkiej
ciężki	A	sg.f.nom	ciężka
ciężki	A	sg.m.anim.acc	ciężkiego
ciężki	A	sg.m.dat	ciężkiemu
ciężki	A	sg.m.gen	ciężkiego
ciężki	A	sg.m.hum.acc	ciężkiego
ciężki	A	sg.m.inan.acc	ciężki
ciężki	A	sg.m.ins	ciężkim
ciężki	A	sg.m.loc	ciężkim
ciężki	A	sg.m.nom	ciężki
ciężki	A	sg.n.acc	ciężkie
ciężki	A	sg.n.dat	ciężkiemu
ciężki	A	sg.n.gen	ciężkiego
ciężki	A	sg.n.ins	ciężkim
ciężki	A	sg.n.loc	ciężkim
ciężki	A	sg.n.nom	ciężkie
ciśnienie	N	pl.acc	ciśnienia
ciśnienie	N	pl.dat	ciśnieniom
ciśnienie	N	pl.gen	ciśnień
ciśnienie	N	pl.ins	ciśnieniami
ciśnienie	N	pl.loc	ciśnieniach
ciśnienie	N	pl.nom	ciśnienia
ciśnienie	N	pl.voc	ciśnienia
ciśnienie	N	sg.acc	ciśnienie
ciśnienie	N	sg.dat	ciśnieniu
ciśnienie	N	sg.gen	ciśnienia
ciśnienie	N	sg.ins	ciśnieniem
ciśnienie	N	sg.loc	ciśnieniu
ciśnienie	N	sg.nom	ciśnienie
ciśnienie	N	sg.voc	ciśnienie
córka	N	pl.acc	córki
córka	N	pl.dat	córkom
córka	N	pl.gen	córek
córka	N	pl.ins	córkami
córka	N	pl.loc	córkach
córka	N	pl.nom	córki
córka	N	pl.voc	córki
córka	N	sg.acc	córkę
córka	N	sg.dat	córce
córka	N	sg.gen	córki
córka	N	sg.ins	córką
córka	N	sg.loc	córce
córka	N	sg.nom	córka
córka	N	sg.voc	córko
cudo	N	pl.acc	cuda
cudo	N	pl.dat	cudom
cudo	N	pl.gen	cudów
cudo	N	pl.ins	cudami
cudo	N	pl.loc	cudach
cudo	N	pl.nom	cuda
cudo	N	pl.voc	cuda
cudo	N	sg.acc	cudo
cudo	N	sg.dat	cudu
cudo	N	sg.gen	cuda
cudo	N	sg.ins	cudem
cudo	N	sg.loc	cudzie
cudo	N	sg.nom	cudo
cudo	N	sg.voc	cudo
cudowny	A	pl.acc	cudowne
cudowny	A	pl.dat	cudownym
cudowny	A	pl.gen	cudownych
cudowny	A	pl.ins	cudownymi
cudowny	A	pl.loc	cudownych
cudowny	A	pl.m.hum.acc	cudownych
cudowny	A	pl.m.hum.nom	cudowni
cudowny	A	pl.nom	cudowne
cudowny	A	sg.f.acc	cudowną
cudowny	A	sg.f.dat	cudownej
cudowny	A	sg.f.gen	cudownej
cudowny	A	sg.f.ins	cudowną
cudowny	A	sg.f.loc	cudownej
cudowny	A	sg.f.nom	cudowna
cudowny	A	sg.m.anim.acc	cudownego
cudowny	A	sg.m.dat	cudownemu
cudowny	A	sg.m.gen	cudownego
cudowny	A	sg.m.hum.acc	cudownego
cudowny	A	sg.m.inan.acc	cudowny
cudowny	A	sg.m.ins	cudownym
cudowny	A	sg.m.loc	cudownym
cudowny	A	sg.m.nom	cudowny
cudowny	A	sg.n.acc	cudowne
cudowny	A	sg.n.dat	cudownemu
cudowny	A	sg.n.gen	cudownego
cudowny	A	sg.n.ins	cudownym
cudowny	A	sg.n.loc	cudownym
cudowny	A	sg.n.nom	cudowne
czekać	V	cond.p1.pl	czekałybyśmy
czekać	V	cond.p1.pl.m.hum	czekalibyśmy
czekać	V	cond.p1.sg.f	czekałabym
czekać	V	cond.p1.sg.m	czekałbym
czekać	V	cond.p2.pl	czekałybyście
czekać	V	cond.p2.pl.m.hum	czekalibyście
czekać	V	cond.p2.sg.f	czekałabyś
czekać	V	cond.p2.sg.m	czekałbyś
czekać	V	cond.p3.pl	czekałyby
czekać	V	cond.p3.pl.m.hum	czekaliby
czekać	V	cond.p3.sg.f	czekałaby
czekać	V	cond.p3.sg.m	czekałby
czekać	V	cond.p3.sg.n	czekałoby
czekać	V	fut.p1.pl	będziemy czekały
czekać	V	fut.p1.pl.m.hum	będziemy czekali
czekać	V	fut.p1.sg.f	będę czekała
czekać	V	fut.p1.sg.m	będę czekał
czekać	V	fut.p2.pl	będziecie czekały
czekać	V	fut.p2.pl.m.hum	będziecie czekali
czekać	V	fut.p2.sg.f	będziesz czekała
czekać	V	fut.p2.sg.m	będziesz czekał
czekać	V	fut.p3.pl	będą czekały
czekać	V	fut.p3.pl.m.hum	będą czekali
czekać	V	fut.p3.sg.f	będzie czekała
czekać	V	fut.p3.sg.m	będzie czekał
czekać	V	fut.p3.sg.n	będzie czekało
czekać	V	imp.p1.pl	czekajmy
czekać	V	imp.p2.pl	czekajcie
czekać	V	imp.p2.sg	czekaj
czekać	V	imp.p3.pl	niech czekają
czekać	V	imp.p3.sg	niech czeka
czekać	V	past.p1.pl	czekałyśmy
czekać	V	past.p1.pl.m.hum	czekaliśmy
czekać	V	past.p1.sg.f	czekałam
czekać	V	past.p1.sg.m	czekałem
czekać	V	past.p2.pl	czekałyście
czekać	V	past.p2.pl.m.hum	czekaliście
czekać	V	past.p2.sg.f	czekałaś
czekać	V	past.p2.sg.m	czekałeś
czekać	V	past.p3.pl	czekały
czekać	V	past.p3.pl.m.hum	czekali
czekać	V	past.p3.sg.f	czekała
czekać	V	past.p3.sg.m	czekał
czekać	V	past.p3.sg.n	czekało
czekać	V	pres.p1.pl	czekamy
czekać	V	pres.p1.sg	czekam
czekać	V	pres.p2.pl	czekacie
czekać	V	pres.p2.sg	czekasz
czekać	V	pres.p3.pl	czekają
czekać	V	pres.p3.sg	czeka
część	N	pl.acc	części
część	N	pl.dat	częściom
część	N	pl.gen	części
część	N	pl.ins	częściami
część	N	pl.loc	częściach
część	N	pl.nom	części
część	N	pl.voc	części
część	N	sg.acc	część
część	N	sg.dat	części
część	N	sg.gen	części
część	N	sg.ins	częścią
część	N	sg.loc	części
część	N	sg.nom	część
część	N	sg.voc	części
częsty	A	pl.acc	częste
częsty	A	pl.dat	częstym
częsty	A	pl.gen	częstych
częsty	A	pl.ins	częstymi
częsty	A	pl.loc	częstych
częsty	A	pl.m.hum.acc	częstych
częsty	A	pl.m.hum.nom	części
częsty	A	pl.nom	częste
częsty	A	sg.f.acc	częstą
częsty	A	sg.f.dat	częstej
częsty	A	sg.f.gen	częstej
częsty	A	sg.f.ins	częstą
częsty	A	sg.f.loc	częstej
częsty	A	sg.f.nom	częsta
częsty	A	sg.m.anim.acc	częstego
częsty	A	sg.m.dat	częstemu
częsty	A	sg.m.gen	częstego
częsty	A	sg.m.hum.acc	częstego
częsty	A	sg.m.inan.acc	częsty
częsty	A	sg.m.ins	częstym
częsty	A	sg.m.loc	częstym
częsty	A	sg.m.nom	częsty
częsty	A	sg.n.acc	częste
częsty	A	sg.n.dat	częstemu
częsty	A	sg.n.gen	częstego
częsty	A	sg.n.ins	częstym
częsty	A	sg.n.loc	częstym
częsty	A	sg.n.nom	częste
człowiek	N	pl.acc	ludzi
człowiek	N	pl.dat	ludziom
człowiek	N	pl.gen	ludzi
człowiek	N	pl.ins	ludźmi
człowiek	N	pl.loc	ludziach
człowiek	N	pl.nom	ludzie
człowiek	N	pl.voc	ludzie
człowiek	N	sg.acc	człowieka
człowiek	N	sg.dat	człowiekowi
człowiek	N	sg.gen	człowieka
człowiek	N	sg.ins	człowiekiem
człowiek	N	sg.loc	człowieku
człowiek	N	sg.nom	człowiek
człowiek	N	sg.voc	człowiecze
czuć	V	cond.p1.pl	czułybyśmy
czuć	V	cond.p1.pl.m.hum	czulibyśmy
czuć	V	cond.p1.sg.f	czułabym
czuć	V	cond.p1.sg.m	czułbym
czuć	V	cond.p2.pl	czułybyście
czuć	V	cond.p2.pl.m.hum	czulibyście
czuć	V	cond.p2.sg.f	czułabyś
czuć	V	cond.p2.sg.m	czułbyś
czuć	V	cond.p3.pl	czułyby
czuć	V	cond.p3.pl.m.hum	czuliby
czuć	V	cond.p3.sg.f	czułaby
czuć	V	cond.p3.sg.m	czułby
czuć	V	cond.p3.sg.n	czułoby
czuć	V	fut.p1.pl	będziemy czuły
czuć	V	fut.p1.pl.m.hum	będziemy czuli
czuć	V	fut.p1.sg.f	będę czuła
czuć	V	fut.p1.sg.m	będę czuł
czuć	V	fut.p2.pl	będziecie czuły
czuć	V	fut.p2.pl.m.hum	będziecie czuli
czuć	V	fut.p2.sg.f	będziesz czuła
czuć	V	fut.p2.sg.m	będziesz czuł
czuć	V	fut.p3.pl	będą czuły
czuć	V	fut.p3.pl.m.hum	będą czuli
czuć	V	fut.p3.sg.f	będzie czuła
czuć	V	fut.p3.sg.m	będzie czuł
czuć	V	fut.p3.sg.n	będzie czuło
czuć	V	imp.p1.pl	czujmy
czuć	V	imp.p2.pl	czujcie
czuć	V	imp.p2.sg	czuj
czuć	V	imp.p3.pl	niech czują
czuć	V	imp.p3.sg	niech czuje
czuć	V	past.p1.pl	czułyśmy
czuć	V	past.p1.pl.m.hum	czuliśmy
czuć	V	past.p1.sg.f	czułam
czuć	V	past.p1.sg.m	czułem
czuć	V	past.p2.pl	czułyście
czuć	V	past.p2.pl.m.hum	czuliście
czuć	V	past.p2.sg.f	czułaś
czuć	V	past.p2.sg.m	czułeś
czuć	V	past.p3.pl	czuły
czuć	V	past.p3.pl.m.hum	czuli
czuć	V	past.p3.sg.f	czuła
czuć	V	past.p3.sg.m	czuł
czuć	V	past.p3.sg.n	czuło
czuć	V	pres.p1.pl	czujemy
czuć	V	pres.p1.sg	czuję
czuć	V	pres.p2.pl	czujecie
czuć	V	pres.p2.sg	czujesz
czuć	V	pres.p3.pl	czują
czuć	V	pres.p3.sg	czuje
czynić	V	cond.p1.pl	czyniłybyśmy
czynić	V	cond.p1.pl.m.hum	czynilibyśmy
czynić	V	cond.p1.sg.f	czyniłabym
czynić	V	cond.p1.sg.m	czyniłbym
czynić	V	cond.p2.pl	czyniłybyście
czynić	V	cond.p2.pl.m.hum	czynilibyście
czynić	V	cond.p2.sg.f	czyniłabyś
czynić	V	cond.p2.sg.m	czyniłbyś
czynić	V	cond.p3.pl	czyniłyby
czynić	V	cond.p3.pl.m.hum	czyniliby
czynić	V	cond.p3.sg.f	czyniłaby
czynić	V	cond.p3.sg.m	czyniłby
czynić	V	cond.p3.sg.n	czyniłoby
czynić	V	fut.p1.pl	będziemy czyniły
czynić	V	fut.p1.pl.m.hum	będziemy czynili
czynić	V	fut.p1.sg.f	będę czyniła
czynić	V	fut.p1.sg.m	będę czynił
czynić	V	fut.p2.pl	będziecie czyniły
czynić	V	fut.p2.pl.m.hum	będziecie czynili
czynić	V	fut.p2.sg.f	będziesz czyniła
czynić	V	fut.p2.sg.m	będziesz czynił
czynić	V	fut.p3.pl	będą czyniły
czynić	V	fut.p3.pl.m.hum	będą czynili
czynić	V	fut.p3.sg.f	będzie czyniła
czynić	V	fut.p3.sg.m	będzie czynił
czynić	V	fut.p3.sg.n	będzie czyniło
czynić	V	imp.p1.pl	czyńmy
czynić	V	imp.p2.pl	czyńcie
czynić	V	imp.p2.sg	czyń
czynić	V	imp.p3.pl	niech czynią
czynić	V	imp.p3.sg	niech czyni
czynić	V	past.p1.pl	czyniłyśmy
czynić	V	past.p1.pl.m.hum	czyniliśmy
czynić	V	past.p1.sg.f	czyniłam
czynić	V	past.p1.sg.m	czyniłem
czynić	V	past.p2.pl	czyniłyście
czynić	V	past.p2.pl.m.hum	czyniliście
czynić	V	past.p2.sg.f	czyniłaś
czynić	V	past.p2.sg.m	czyniłeś
czynić	V	past.p3.pl	czyniły
czynić	V	past.p3.pl.m.hum	czynili
czynić	V	past.p3.sg.f	czyniła
czynić	V	past.p3.sg.m	czynił
czynić	V	past.p3.sg.n	czyniło
czynić	V	pres.p1.pl	czynimy
czynić	V	pres.p1.sg	czynię
czynić	V	pres.p2.pl	czynicie
czynić	V	pres.p2.sg	czynisz
czynić	V	pres.p3.pl	czynią
czynić	V	pres.p3.sg	czyni
czysty	A	pl.acc	czyste
czysty	A	pl.dat	czystym
czysty	A	pl.gen	czystych
czysty	A	pl.ins	czystymi
czysty	A	pl.loc	czystych
czysty	A	pl.m.hum.acc	czystych
czysty	A	pl.m.hum.nom	czyści
czysty	A	pl.nom	czyste
czysty	A	sg.f.acc	czystą
czysty	A	sg.f.dat	czystej
czysty	A	sg.f.gen	czystej
czysty	A	sg.f.ins	czystą
czysty	A	sg.f.loc	czystej
czysty	A	sg.f.nom	czysta
czysty	A	sg.m.anim.acc	czystego
czysty	A	sg.m.dat	czystemu
czysty	A	sg.m.gen	czystego
czysty	A	sg.m.hum.acc	czystego
czysty	A	sg.m.inan.acc	czysty
czysty	A	sg.m.ins	czystym
czysty	A	sg.m.loc	czystym
czysty	A	sg.m.nom	czysty
czysty	A	sg.n.acc	czyste
czysty	A	sg.n.dat	czystemu
czysty	A	sg.n.gen	czystego
czysty	A	sg.n.ins	czystym
czysty	A	sg.n.loc	czystym
czysty	A	sg.n.nom	czyste
czytać	V	cond.p1.pl	czytałybyśmy
czytać	V	cond.p1.pl.m.hum	czytalibyśmy
czytać	V	cond.p1.sg.f	czytałabym
czytać	V	cond.p1.sg.m	czytałbym
czytać	V	cond.p2.pl	czytałybyście
czytać	V	cond.p2.pl.m.hum	czytalibyście
czytać	V	cond.p2.sg.f	czytałabyś
czytać	V	cond.p2.sg.m	czytałbyś
czytać	V	cond.p3.pl	czytałyby
czytać	V	cond.p3.pl.m.hum	czytaliby
czytać	V	cond.p3.sg.f	czytałaby
czytać	V	cond.p3.sg.m	czytałby
czytać	V	cond.p3.sg.n	czytałoby
czytać	V	fut.p1.pl	będziemy czytały
czytać	V	fut.p1.pl.m.hum	będziemy czytali
czytać	V	fut.p1.sg.f	będę czytała
czytać	V	fut.p1.sg.m	będę czytał
czytać	V	fut.p2.pl	będziecie czytały
czytać	V	fut.p2.pl.m.hum	będziecie czytali
czytać	V	fut.p2.sg.f	będziesz czytała
czytać	V	fut.p2.sg.m	będziesz czytał
czytać	V	fut.p3.pl	będą czytały
czytać	V	fut.p3.pl.m.hum	będą czytali
czytać	V	fut.p3.sg.f	będzie czytała
czytać	V	fut.p3.sg.m	będzie czytał
czytać	V	fut.p3.sg.n	będzie czytało
czytać	V	imp.p1.pl	czytajmy
czytać	V	imp.p2.pl	czytajcie
czytać	V	imp.p2.sg	czytaj
czytać	V	imp.p3.pl	niech czytają
czytać	V	imp.p3.sg	niech czyta
czytać	V	past.p1.pl	czytałyśmy
czytać	V	past.p1.pl.m.hum	czytaliśmy
czytać	V	past.p1.sg.f	czytałam
czytać	V	past.p1.sg.m	czytałem
czytać	V	past.p2.pl	czytałyście
czytać	V	past.p2.pl.m.hum	czytaliście
czytać	V	past.p2.sg.f	czytałaś
czytać	V	past.p2.sg.m	czytałeś
czytać	V	past.p3.pl	czytały
czytać	V	past.p3.pl.m.hum	czytali
czytać	V	past.p3.sg.f	czytała
czytać	V	past.p3.sg.m	czytał
czytać	V	past.p3.sg.n	czytało
czytać	V	pres.p1.pl	czytamy
czytać	V	pres.p1.sg	czytam
czytać	V	pres.p2.pl	czytacie
czytać	V	pres.p2.sg	czytasz
czytać	V	pres.p3.pl	czytają
czytać	V	pres.p3.sg	czyta
dać	V	cond.p1.pl	dałybyśmy
dać	V	cond.p1.pl.m.hum	dalibyśmy
dać	V	cond.p1.sg.f	dałabym
dać	V	cond.p1.sg.m	dałbym
dać	V	cond.p2.pl	dałybyście
dać	V	cond.p2.pl.m.hum	dalibyście
dać	V	cond.p2.sg.f	dałabyś
dać	V	cond.p2.sg.m	dałbyś
dać	V	cond.p3.pl	dałyby
dać	V	cond.p3.pl.m.hum	daliby
dać	V	cond.p3.sg.f	dałaby
dać	V	cond.p3.sg.m	dałby
dać	V	cond.p3.sg.n	dałoby
dać	V	fut.p1.pl	damy
dać	V	fut.p1.sg	dam
dać	V	fut.p2.pl	dacie
dać	V	fut.p2.sg	dasz
dać	V	fut.p3.pl	dadzą
dać	V	fut.p3.sg	da
dać	V	imp.p1.pl	dajmy
dać	V	imp.p1.sg	niech dam
dać	V	imp.p2.pl	dajcie
dać	V	imp.p2.sg	daj
dać	V	imp.p3.pl	niech dadzą
dać	V	imp.p3.sg	niech da
dać	V	past.p1.pl	dałyśmy
dać	V	past.p1.pl.m.hum	daliśmy
dać	V	past.p1.sg.f	dałam
dać	V	past.p1.sg.m	dałem
dać	V	past.p2.pl	dałyście
dać	V	past.p2.pl.m.hum	daliście
dać	V	past.p2.sg.f	dałaś
dać	V	past.p2.sg.m	dałeś
dać	V	past.p3.pl	dały
dać	V	past.p3.pl.m.hum	dali
dać	V	past.p3.sg.f	dała
dać	V	past.p3.sg.m	dał
dać	V	past.p3.sg.n	dało
daleki	A	pl.acc	dalekie
daleki	A	pl.dat	dalekim
daleki	A	pl.gen	dalekich
daleki	A	pl.ins	dalekimi
daleki	A	pl.loc	dalekich
daleki	A	pl.m.hum.acc	dalekich
daleki	A	pl.m.hum.nom	dalecy
daleki	A	pl.nom	dalekie
daleki	A	sg.f.acc	daleką
daleki	A	sg.f.dat	dalekiej
daleki	A	sg.f.gen	dalekiej
daleki	A	sg.f.ins	daleką
daleki	A	sg.f.loc	dalekiej
daleki	A	sg.f.nom	daleka
daleki	A	sg.m.anim.acc	dalekiego
daleki	A	sg.m.dat	dalekiemu
daleki	A	sg.m.gen	dalekiego
daleki	A	sg.m.hum.acc	dalekiego
daleki	A	sg.m.inan.acc	daleki
daleki	A	sg.m.ins	dalekim
daleki	A	sg.m.loc	dalekim
daleki	A	sg.m.nom	daleki
daleki	A	sg.n.acc	dalekie
daleki	A	sg.n.dat	dalekiemu
daleki	A	sg.n.gen	dalekiego
daleki	A	sg.n.ins	dalekim
daleki	A	sg.n.loc	dalekim
daleki	A	sg.n.nom	dalekie
data	N	pl.acc	daty
data	N	pl.dat	datom
data	N	pl.gen	dat
data	N	pl.ins	datami
data	N	pl.loc	datach
data	N	pl.nom	daty
data	N	pl.voc	daty
data	N	sg.acc	datę
data	N	sg.dat	dacie
data	N	sg.gen	daty
data	N	sg.ins	datą
data	N	sg.loc	dacie
data	N	sg.nom	data
data	N	sg.voc	dato
dawać	V	cond.p1.pl	dawałybyśmy
dawać	V	cond.p1.pl.m.hum	dawalibyśmy
dawać	V	cond.p1.sg.f	dawałabym
dawać	V	cond.p1.sg.m	dawałbym
dawać	V	cond.p2.pl	dawałybyście
dawać	V	cond.p2.pl.m.hum	dawalibyście
dawać	V	cond.p2.sg.f	dawałabyś
dawać	V	cond.p2.sg.m	dawałbyś
dawać	V	cond.p3.pl	dawałyby
dawać	V	cond.p3.pl.m.hum	dawaliby
dawać	V	cond.p3.sg.f	dawałaby
dawać	V	cond.p3.sg.m	dawałby
dawać	V	cond.p3.sg.n	dawałoby
dawać	V	fut.p1.pl	będziemy dawały
dawać	V	fut.p1.pl.m.hum	będziemy dawali
dawać	V	fut.p1.sg.f	będę dawała
dawać	V	fut.p1.sg.m	będę dawał
dawać	V	fut.p2.pl	będziecie dawały
dawać	V	fut.p2.pl.m.hum	będziecie dawali
dawać	V	fut.p2.sg.f	będziesz dawała
dawać	V	fut.p2.sg.m	będziesz dawał
dawać	V	fut.p3.pl	będą dawały
dawać	V	fut.p3.pl.m.hum	będą dawali
dawać	V	fut.p3.sg.f	będzie dawała
dawać	V	fut.p3.sg.m	będzie dawał
dawać	V	fut.p3.sg.n	będzie dawało
dawać	V	imp.p1.pl	dawajmy
dawać	V	imp.p2.pl	dawajcie
dawać	V	imp.p2.sg	dawaj
dawać	V	imp.p3.pl	niech dają
dawać	V	imp.p3.sg	niech daje
dawać	V	past.p1.pl	dawałyśmy
dawać	V	past.p1.pl.m.hum	dawaliśmy
dawać	V	past.p1.sg.f	dawałam
dawać	V	past.p1.sg.m	dawałem
dawać	V	past.p2.pl	dawałyście
dawać	V	past.p2.pl.m.hum	dawaliście
dawać	V	past.p2.sg.f	dawałaś
dawać	V	past.p2.sg.m	dawałeś
dawać	V	past.p3.pl	dawały
dawać	V	past.p3.pl.m.hum	dawali
dawać	V	past.p3.sg.f	dawała
dawać	V	past.p3.sg.m	dawał
dawać	V	past.p3.sg.n	dawało
dawać	V	pres.p1.pl	dajemy
dawać	V	pres.p1.sg	daję
dawać	V	pres.p2.pl	dajecie
dawać	V	pres.p2.sg	dajesz
dawać	V	pres.p3.pl	dają
dawać	V	pres.p3.sg	daje
dawny	A	pl.acc	dawne
dawny	A	pl.dat	dawnym
dawny	A	pl.gen	dawnych
dawny	A	pl.ins	dawnymi
dawny	A	pl.loc	dawnych
dawny	A	pl.m.hum.acc	dawnych
dawny	A	pl.m.hum.nom	dawni
dawny	A	pl.nom	dawne
dawny	A	sg.f.acc	dawną
dawny	A	sg.f.dat	dawnej
dawny	A	sg.f.gen	dawnej
dawny	A	sg.f.ins	dawną
dawny	A	sg.f.loc	dawnej
dawny	A	sg.f.nom	dawna
dawny	A	sg.m.anim.acc	dawnego
dawny	A	sg.m.dat	dawnemu
dawny	A	sg.m.gen	dawnego
dawny	A	sg.m.hum.acc	dawnego
dawny	A	sg.m.inan.acc	dawny
dawny	A	sg.m.ins	dawnym
dawny	A	sg.m.loc	dawnym
dawny	A	sg.m.nom	dawny
dawny	A	sg.n.acc	dawne
dawny	A	sg.n.dat	dawnemu
dawny	A	sg.n.gen	dawnego
dawny	A	sg.n.ins	dawnym
dawny	A	sg.n.loc	dawnym
dawny	A	sg.n.nom	dawne
dbać	V	cond.p1.pl	dbałybyśmy
dbać	V	cond.p1.pl.m.hum	dbalibyśmy
dbać	V	cond.p1.sg.f	dbałabym
dbać	V	cond.p1.sg.m	dbałbym
dbać	V	cond.p2.pl	dbałybyście
dbać	V	cond.p2.pl.m.hum	dbalibyście
dbać	V	cond.p2.sg.f	dbałabyś
dbać	V	cond.p2.sg.m	dbałbyś
dbać	V	cond.p3.pl	dbałyby
dbać	V	cond.p3.pl.m.hum	dbaliby
dbać	V	cond.p3.sg.f	dbałaby
dbać	V	cond.p3.sg.m	dbałby
dbać	V	cond.p3.sg.n	dbałoby
dbać	V	fut.p1.pl	będziemy dbały
dbać	V	fut.p1.pl.m.hum	będziemy dbali
dbać	V	fut.p1.sg.f	będę dbała
dbać	V	fut.p1.sg.m	będę dbał
dbać	V	fut.p2.pl	będziecie dbały
dbać	V	fut.p2.pl.m.hum	będziecie dbali
dbać	V	fut.p2.sg.f	będziesz dbała
dbać	V	fut.p2.sg.m	będziesz dbał
dbać	V	fut.p3.pl	będą dbały
dbać	V	fut.p3.pl.m.hum	będą dbali
dbać	V	fut.p3.sg.f	będzie dbała
dbać	V	fut.p3.sg.m	będzie dbał
dbać	V	fut.p3.sg.n	będzie dbało
dbać	V	imp.p1.pl	dbajmy
dbać	V	imp.p2.pl	dbajcie
dbać	V	imp.p2.sg	dbaj
dbać	V	imp.p3.pl	niech dbają
dbać	V	imp.p3.sg	niech dba
dbać	V	past.p1.pl	dbałyśmy
dbać	V	past.p1.pl.m.hum	dbaliśmy
dbać	V	past.p1.sg.f	dbałam
dbać	V	past.p1.sg.m	dbałem
dbać	V	past.p2.pl	dbałyście
dbać	V	past.p2.pl.m.hum	dbaliście
dbać	V	past.p2.sg.f	dbałaś
dbać	V	past.p2.sg.m	dbałeś
dbać	V	past.p3.pl	dbały
dbać	V	past.p3.pl.m.hum	dbali
dbać	V	past.p3.sg.f	dbała
dbać	V	past.p3.sg.m	dbał
dbać	V	past.p3.sg.n	dbało
dbać	V	pres.p1.pl	dbamy
dbać	V	pres.p1.sg	dbam
dbać	V	pres.p2.pl	dbacie
dbać	V	pres.p2.sg	dbasz
dbać	V	pres.p3.pl	dbają
dbać	V	pres.p3.sg	dba
decyzja	N	pl.acc	decyzje
decyzja	N	pl.dat	decyzjom
decyzja	N	pl.gen	decyzji
decyzja	N	pl.ins	decyzjami
decyzja	N	pl.loc	decyzjach
decyzja	N	pl.nom	decyzje
decyzja	N	pl.voc	decyzje
decyzja	N	sg.acc	decyzję
decyzja	N	sg.dat	decyzji
decyzja	N	sg.gen	decyzji
decyzja	N	sg.ins	decyzją
decyzja	N	sg.loc	decyzji
decyzja	N	sg.nom	decyzja
decyzja	N	sg.voc	decyzjo
demon	N	pl.acc	demony
demon	N	pl.dat	demonom
demon	N	pl.gen	demonów
demon	N	pl.ins	demonami
demon	N	pl.loc	demonach
demon	N	pl.nom	demony
demon	N	pl.voc	demony
demon	N	sg.acc	demona
demon	N	sg.dat	demonowi
demon	N	sg.gen	demona
demon	N	sg.ins	demonem
demon	N	sg.loc	demonie
demon	N	sg.nom	demon
demon	N	sg.voc	demonie
denerwować	V	cond.p1.pl	denerwowałybyśmy
denerwować	V	cond.p1.pl.m.hum	denerwowalibyśmy
denerwować	V	cond.p1.sg.f	denerwowałabym
denerwować	V	cond.p1.sg.m	denerwowałbym
denerwować	V	cond.p2.pl	denerwowałybyście
denerwować	V	cond.p2.pl.m.hum	denerwowalibyście
denerwować	V	cond.p2.sg.f	denerwowałabyś
denerwować	V	cond.p2.sg.m	denerwowałbyś
denerwować	V	cond.p3.pl	denerwowałyby
denerwować	V	cond.p3.pl.m.hum	denerwowaliby
denerwować	V	cond.p3.sg.f	denerwowałaby
denerwować	V	cond.p3.sg.m	denerwowałby
denerwować	V	cond.p3.sg.n	denerwowałoby
denerwować	V	fut.p1.pl	będziemy denerwowały
denerwować	V	fut.p1.pl.m.hum	będziemy denerwowali
denerwować	V	fut.p1.sg.f	będę denerwowała
denerwować	V	fut.p1.sg.m	będę denerwował
denerwować	V	fut.p2.pl	będziecie denerwowały
denerwować	V	fut.p2.pl.m.hum	będziecie denerwowali
denerwować	V	fut.p2.sg.f	będziesz denerwowała
denerwować	V	fut.p2.sg.m	będziesz denerwował
denerwować	V	fut.p3.pl	będą denerwowały
denerwować	V	fut.p3.pl.m.hum	będą denerwowali
denerwować	V	fut.p3.sg.f	będzie denerwowała
denerwować	V	fut.p3.sg.m	będzie denerwował
denerwować	V	fut.p3.sg.n	będzie denerwowało
denerwować	V	imp.p1.pl	denerwujmy
denerwować	V	imp.p2.pl	denerwujcie
denerwować	V	imp.p2.sg	denerwuj
denerwować	V	imp.p3.pl	niech denerwują
denerwować	V	imp.p3.sg	niech denerwuje
denerwować	V	past.p1.pl	denerwowałyśmy
denerwować	V	past.p1.pl.m.hum	denerwowaliśmy
denerwować	V	past.p1.sg.f	denerwowałam
denerwować	V	past.p1.sg.m	denerwowałem
denerwować	V	past.p2.pl	denerwowałyście
denerwować	V	past.p2.pl.m.hum	denerwowaliście
denerwować	V	past.p2.sg.f	denerwowałaś
denerwować	V	past.p2.sg.m	denerwowałeś
denerwować	V	past.p3.pl	denerwowały
denerwować	V	past.p3.pl.m.hum	denerwowali
denerwować	V	past.p3.sg.f	denerwowała
denerwować	V	past.p3.sg.m	denerwował
denerwować	V	past.p3.sg.n	denerwowało
denerwować	V	pres.p1.pl	denerwujemy
denerwować	V	pres.p1.sg	denerwuję
denerwować	V	pres.p2.pl	denerwujecie
denerwować	V	pres.p2.sg	denerwujesz
denerwować	V	pres.p3.pl	denerwują
denerwować	V	pres.p3.sg	denerwuje
deszcz	N	pl.acc	deszcze
deszcz	N	pl.dat	deszczom
deszcz	N	pl.gen	deszczy
deszcz	N	pl.ins	deszczami
deszcz	N	pl.loc	deszczach
deszcz	N	pl.nom	deszcze
deszcz	N	pl.voc	deszcze
deszcz	N	sg.acc	deszcz
deszcz	N	sg.dat	deszczowi
deszcz	N	sg.gen	deszczu
deszcz	N	sg.ins	deszczem
deszcz	N	sg.loc	deszczu
deszcz	N	sg.nom	deszcz
deszcz	N	sg.voc	deszczu
detektyw	N	pl.acc	detektywów
detektyw	N	pl.dat	detektywom
detektyw	N	pl.gen	detektywów
detektyw	N	pl.ins	detektywami
detektyw	N	pl.loc	detektywach
detektyw	N	pl.nom	detektywi
detektyw	N	pl.voc	detektywi
detektyw	N	sg.acc	detektywa
detektyw	N	sg.dat	detektywowi
detektyw	N	sg.gen	detektywa
detektyw	N	sg.ins	detektywem
detektyw	N	sg.loc	detektywie
detektyw	N	sg.nom	detektyw
detektyw	N	sg.voc	detektywie
diabeł	N	pl.acc	diabły
diabeł	N	pl.dat	diabłom
diabeł	N	pl.gen	diabłów
diabeł	N	pl.ins	diabłami
diabeł	N	pl.loc	diabłach
diabeł	N	pl.nom	diabły
diabeł	N	pl.voc	diabły
diabeł	N	sg.acc	diabła
diabeł	N	sg.dat	diabłu
diabeł	N	sg.gen	diabła
diabeł	N	sg.ins	diabłem
diabeł	N	sg.loc	diable
diabeł	N	sg.nom	diabeł
diabeł	N	sg.voc	diable
dłoń	N	pl.acc	dłonie
dłoń	N	pl.dat	dłoniom
dłoń	N	pl.gen	dłoni
dłoń	N	pl.ins	dłońmi
dłoń	N	pl.loc	dłoniach
dłoń	N	pl.nom	dłonie
dłoń	N	pl.voc	dłonie
dłoń	N	sg.acc	dłoń
dłoń	N	sg.dat	dłoni
dłoń	N	sg.gen	dłoni
dłoń	N	sg.ins	dłonią
dłoń	N	sg.loc	dłoni
dłoń	N	sg.nom	dłoń
dłoń	N	sg.voc	dłoni
dno	N	pl.acc	dna
dno	N	pl.dat	dnom
dno	N	pl.gen	den
dno	N	pl.ins	dnami
dno	N	pl.loc	dnach
dno	N	pl.nom	dna
dno	N	pl.voc	dna
dno	N	sg.acc	dno
dno	N	sg.dat	dnu
dno	N	sg.gen	dna
dno	N	sg.ins	dnem
dno	N	sg.loc	dnie
dno	N	sg.nom	dno
dno	N	sg.voc	dno
dobro	N	pl.acc	dobra
dobro	N	pl.dat	dobrom
dobro	N	pl.gen	dóbr
dobro	N	pl.ins	dobrami
dobro	N	pl.loc	dobrach
dobro	N	pl.nom	dobra
dobro	N	pl.voc	dobra
dobro	N	sg.acc	dobro
dobro	N	sg.dat	dobru
dobro	N	sg.gen	dobra
dobro	N	sg.ins	dobrem
dobro	N	sg.loc	dobru
dobro	N	sg.nom	dobro
dobro	N	sg.voc	dobro
dobry	A	pl.acc	dobre
dobry	A	pl.dat	dobrym
dobry	A	pl.gen	dobrych
dobry	A	pl.ins	dobrymi
dobry	A	pl.loc	dobrych
dobry	A	pl.m.hum.acc	dobrych
dobry	A	pl.m.hum.nom	dobrzy
dobry	A	pl.nom	dobre
dobry	A	sg.f.acc	dobrą
dobry	A	sg.f.dat	dobrej
dobry	A	sg.f.gen	dobrej
dobry	A	sg.f.ins	dobrą
dobry	A	sg.f.loc	dobrej
dobry	A	sg.f.nom	dobra
dobry	A	sg.m.anim.acc	dobrego
dobry	A	sg.m.dat	dobremu
dobry	A	sg.m.gen	dobrego
dobry	A	sg.m.hum.acc	dobrego
dobry	A	sg.m.inan.acc	dobry
dobry	A	sg.m.ins	dobrym
dobry	A	sg.m.loc	dobrym
dobry	A	sg.m.nom	dobry
dobry	A	sg.n.acc	dobre
dobry	A	sg.n.dat	dobremu
dobry	A	sg.n.gen	dobrego
dobry	A	sg.n.ins	dobrym
dobry	A	sg.n.loc	dobrym
dobry	A	sg.n.nom	dobre
doceniać	V	cond.p1.pl	doceniałybyśmy
doceniać	V	cond.p1.pl.m.hum	docenialibyśmy
doceniać	V	cond.p1.sg.f	doceniałabym
doceniać	V	cond.p1.sg.m	doceniałbym
doceniać	V	cond.p2.pl	doceniałybyście
doceniać	V	cond.p2.pl.m.hum	docenialibyście
doceniać	V	cond.p2.sg.f	doceniałabyś
doceniać	V	cond.p2.sg.m	doceniałbyś
doceniać	V	cond.p3.pl	doceniałyby
doceniać	V	cond.p3.pl.m.hum	docenialiby
doceniać	V	cond.p3.sg.f	doceniałaby
doceniać	V	cond.p3.sg.m	doceniałby
doceniać	V	cond.p3.sg.n	doceniałoby
doceniać	V	fut.p1.pl	będziemy doceniały
doceniać	V	fut.p1.pl.m.hum	będziemy doceniali
doceniać	V	fut.p1.sg.f	będę doceniała
doceniać	V	fut.p1.sg.m	będę doceniał
doceniać	V	fut.p2.pl	będziecie doceniały
doceniać	V	fut.p2.pl.m.hum	będziecie doceniali
doceniać	V	fut.p2.sg.f	będziesz doceniała
doceniać	V	fut.p2.sg.m	będziesz doceniał
doceniać	V	fut.p3.pl	będą doceniały
doceniać	V	fut.p3.pl.m.hum	będą doceniali
doceniać	V	fut.p3.sg.f	będzie doceniała
doceniać	V	fut.p3.sg.m	będzie doceniał
doceniać	V	fut.p3.sg.n	będzie doceniało
doceniać	V	imp.p1.pl	doceniajmy
doceniać	V	imp.p2.pl	doceniajcie
doceniać	V	imp.p2.sg	doceniaj
doceniać	V	imp.p3.pl	niech doceniają
doceniać	V	imp.p3.sg	niech docenia
doceniać	V	past.p1.pl	doceniałyśmy
doceniać	V	past.p1.pl.m.hum	docenialiśmy
doceniać	V	past.p1.sg.f	doceniałam
doceniać	V	past.p1.sg.m	doceniałem
doceniać	V	past.p2.pl	doceniałyście
doceniać	V	past.p2.pl.m.hum	docenialiście
doceniać	V	past.p2.sg.f	doceniałaś
doceniać	V	past.p2.sg.m	doceniałeś
doceniać	V	past.p3.pl	doceniały
doceniać	V	past.p3.pl.m.hum	doceniali
doceniać	V	past.p3.sg.f	doceniała
doceniać	V	past.p3.sg.m	doceniał
doceniać	V	past.p3.sg.n	doceniało
doceniać	V	pres.p1.pl	doceniamy
doceniać	V	pres.p1.sg	doceniam
doceniać	V	pres.p2.pl	doceniacie
doceniać	V	pres.p2.sg	doceniasz
doceniać	V	pres.p3.pl	doceniają
doceniać	V	pres.p3.sg	docenia
dochodzić	V	cond.p1.pl	dochodziłybyśmy
dochodzić	V	cond.p1.pl.m.hum	dochodzilibyśmy
dochodzić	V	cond.p1.sg.f	dochodziłabym
dochodzić	V	cond.p1.sg.m	dochodziłbym
dochodzić	V	cond.p2.pl	dochodziłybyście
dochodzić	V	cond.p2.pl.m.hum	dochodzilibyście
dochodzić	V	cond.p2.sg.f	dochodziłabyś
dochodzić	V	cond.p2.sg.m	dochodziłbyś
dochodzić	V	cond.p3.pl	dochodziłyby
dochodzić	V	cond.p3.pl.m.hum	dochodziliby
dochodzić	V	cond.p3.sg.f	dochodziłaby
dochodzić	V	cond.p3.sg.m	dochodziłby
dochodzić	V	cond.p3.sg.n	dochodziłoby
dochodzić	V	fut.p1.pl	będziemy dochodziły
dochodzić	V	fut.p1.pl.m.hum	będziemy dochodzili
dochodzić	V	fut.p1.sg.f	będę dochodziła
dochodzić	V	fut.p1.sg.m	będę dochodził
dochodzić	V	fut.p2.pl	będziecie dochodziły
dochodzić	V	fut.p2.pl.m.hum	będziecie dochodzili
dochodzić	V	fut.p2.sg.f	będziesz dochodziła
dochodzić	V	fut.p2.sg.m	będziesz dochodził
dochodzić	V	fut.p3.pl	będą dochodziły
dochodzić	V	fut.p3.pl.m.hum	będą dochodzili
dochodzić	V	fut.p3.sg.f	będzie dochodziła
dochodzić	V	fut.p3.sg.m	będzie dochodził
dochodzić	V	fut.p3.sg.n	będzie dochodziło
dochodzić	V	imp.p1.pl	dochodźmy
dochodzić	V	imp.p2.pl	dochodźcie
dochodzić	V	imp.p2.sg	dochodź
dochodzić	V	imp.p3.pl	niech dochodzą
dochodzić	V	imp.p3.sg	niech dochodzi
dochodzić	V	past.p1.pl	dochodziłyśmy
dochodzić	V	past.p1.pl.m.hum	dochodziliśmy
dochodzić	V	past.p1.sg.f	dochodziłam
dochodzić	V	past.p1.sg.m	dochodziłem
dochodzić	V	past.p2.pl	dochodziłyście
dochodzić	V	past.p2.pl.m.hum	dochodziliście
dochodzić	V	past.p2.sg.f	dochodziłaś
dochodzić	V	past.p2.sg.m	dochodziłeś
dochodzić	V	past.p3.pl	dochodziły
dochodzić	V	past.p3.pl.m.hum	dochodzili
dochodzić	V	past.p3.sg.f	dochodziła
dochodzić	V	past.p3.sg.m	dochodził
dochodzić	V	past.p3.sg.n	dochodziło
dochodzić	V	pres.p1.pl	dochodzimy
dochodzić	V	pres.p1.sg	dochodzę
dochodzić	V	pres.p2.pl	dochodzicie
dochodzić	V	pres.p2.sg	dochodzisz
dochodzić	V	pres.p3.pl	dochodzą
dochodzić	V	pres.p3.sg	dochodzi
dodać	V	cond.p1.pl	dodałybyśmy
dodać	V	cond.p1.pl.m.hum	dodalibyśmy
dodać	V	cond.p1.sg.f	dodałabym
dodać	V	cond.p1.sg.m	dodałbym
dodać	V	cond.p2.pl	dodałybyście
dodać	V	cond.p2.pl.m.hum	dodalibyście
dodać	V	cond.p2.sg.f	dodałabyś
dodać	V	cond.p2.sg.m	dodałbyś
dodać	V	cond.p3.pl	dodałyby
dodać	V	cond.p3.pl.m.hum	dodaliby
dodać	V	cond.p3.sg.f	dodałaby
dodać	V	cond.p3.sg.m	dodałby
dodać	V	cond.p3.sg.n	dodałoby
dodać	V	fut.p1.pl	dodamy
dodać	V	fut.p1.sg	dodam
dodać	V	fut.p2.pl	dodacie
dodać	V	fut.p2.sg	dodasz
dodać	V	fut.p3.pl	dodadzą
dodać	V	fut.p3.sg	doda
dodać	V	imp.p1.pl	dodajmy
dodać	V	imp.p1.sg	niech dodam
dodać	V	imp.p2.pl	dodajcie
dodać	V	imp.p2.sg	dodaj
dodać	V	imp.p3.pl	niech dodadzą
dodać	V	imp.p3.sg	niech doda
dodać	V	past.p1.pl	dodałyśmy
dodać	V	past.p1.pl.m.hum	dodaliśmy
dodać	V	past.p1.sg.f	dodałam
dodać	V	past.p1.sg.m	dodałem
dodać	V	past.p2.pl	dodałyście
dodać	V	past.p2.pl.m.hum	dodaliście
dodać	V	past.p2.sg.f	dodałaś
dodać	V	past.p2.sg.m	dodałeś
dodać	V	past.p3.pl	dodały
dodać	V	past.p3.pl.m.hum	dodali
dodać	V	past.p3.sg.f	dodała
dodać	V	past.p3.sg.m	dodał
dodać	V	past.p3.sg.n	dodało
dodatkowy	A	pl.acc	dodatkowe
dodatkowy	A	pl.dat	dodatkowym
dodatkowy	A	pl.gen	dodatkowych
dodatkowy	A	pl.ins	dodatkowymi
dodatkowy	A	pl.loc	dodatkowych
dodatkowy	A	pl.m.hum.acc	dodatkowych
dodatkowy	A	pl.m.hum.nom	dodatkowi
dodatkowy	A	pl.nom	dodatkowe
dodatkowy	A	sg.f.acc	dodatkową
dodatkowy	A	sg.f.dat	dodatkowej
dodatkowy	A	sg.f.gen	dodatkowej
dodatkowy	A	sg.f.ins	dodatkową
dodatkowy	A	sg.f.loc	dodatkowej
dodatkowy	A	sg.f.nom	dodatkowa
dodatkowy	A	sg.m.anim.acc	dodatkowego
dodatkowy	A	sg.m.dat	dodatkowemu
dodatkowy	A	sg.m.gen	dodatkowego
dodatkowy	A	sg.m.hum.acc	dodatkowego
dodatkowy	A	sg.m.inan.acc	dodatkowy
dodatkowy	A	sg.m.ins	dodatkowym
dodatkowy	A	sg.m.loc	dodatkowym
dodatkowy	A	sg.m.nom	dodatkowy
dodatkowy	A	sg.n.acc	dodatkowe
dodatkowy	A	sg.n.dat	dodatkowemu
dodatkowy	A	sg.n.gen	dodatkowego
dodatkowy	A	sg.n.ins	dodatkowym
dodatkowy	A	sg.n.loc	dodatkowym
dodatkowy	A	sg.n.nom	dodatkowe
dokonać	V	cond.p1.pl	dokonałybyśmy
dokonać	V	cond.p1.pl.m.hum	dokonalibyśmy
dokonać	V	cond.p1.sg.f	dokonałabym
dokonać	V	cond.p1.sg.m	dokonałbym
dokonać	V	cond.p2.pl	dokonałybyście
dokonać	V	cond.p2.pl.m.hum	dokonalibyście
dokonać	V	cond.p2.sg.f	dokonałabyś
dokonać	V	cond.p2.sg.m	dokonałbyś
dokonać	V	cond.p3.pl	dokonałyby
dokonać	V	cond.p3.pl.m.hum	dokonaliby
dokonać	V	cond.p3.sg.f	dokonałaby
dokonać	V	cond.p3.sg.m	dokonałby
dokonać	V	cond.p3.sg.n	dokonałoby
dokonać	V	fut.p1.pl	dokonamy
dokonać	V	fut.p1.sg	dokonam
dokonać	V	fut.p2.pl	dokonacie
dokonać	V	fut.p2.sg	dokonasz
dokonać	V	fut.p3.pl	dokonają
dokonać	V	fut.p3.sg	dokona
dokonać	V	imp.p1.pl	dokonajmy
dokonać	V	imp.p1.sg	niech dokonam
dokonać	V	imp.p2.pl	dokonajcie
dokonać	V	imp.p2.sg	dokonaj
dokonać	V	imp.p3.pl	niech dokonają
dokonać	V	imp.p3.sg	niech dokona
dokonać	V	past.p1.pl	dokonałyśmy
dokonać	V	past.p1.pl.m.hum	dokonaliśmy
dokonać	V	past.p1.sg.f	dokonałam
dokonać	V	past.p1.sg.m	dokonałem
dokonać	V	past.p2.pl	dokonałyście
dokonać	V	past.p2.pl.m.hum	dokonaliście
dokonać	V	past.p2.sg.f	dokonałaś
dokonać	V	past.p2.sg.m	dokonałeś
dokonać	V	past.p3.pl	dokonały
dokonać	V	past.p3.pl.m.hum	dokonali
dokonać	V	past.p3.sg.f	dokonała
dokonać	V	past.p3.sg.m	dokonał
dokonać	V	past.p3.sg.n	dokonało
doktor	N	pl.acc	doktorów
doktor	N	pl.dat	doktorom
doktor	N	pl.gen	doktorów
doktor	N	pl.ins	doktorami
doktor	N	pl.loc	doktorach
doktor	N	pl.nom	doktorzy
doktor	N	pl.voc	doktorzy
doktor	N	sg.acc	doktora
doktor	N	sg.dat	doktorowi
doktor	N	sg.gen	doktora
doktor	N	sg.ins	doktorem
doktor	N	sg.loc	doktorze
doktor	N	sg.nom	doktor
doktor	N	sg.voc	doktorze
dokument	N	pl.acc	dokumenty
dokument	N	pl.dat	dokumentom
dokument	N	pl.gen	dokumentów
dokument	N	pl.ins	dokumentami
dokument	N	pl.loc	dokumentach
dokument	N	pl.nom	dokumenty
dokument	N	pl.voc	dokumenty
dokument	N	sg.acc	dokument
dokument	N	sg.dat	dokumentowi
dokument	N	sg.gen	dokumentu
dokument	N	sg.ins	dokumentem
dokument	N	sg.loc	dokumencie
dokument	N	sg.nom	dokument
dokument	N	sg.voc	dokumencie
dolar	N	pl.acc	dolary
dolar	N	pl.dat	dolarom
dolar	N	pl.gen	dolarów
dolar	N	pl.ins	dolarami
dolar	N	pl.loc	dolarach
dolar	N	pl.nom	dolary
dolar	N	pl.voc	dolary
dolar	N	sg.acc	dolara
dolar	N	sg.dat	dolarowi
dolar	N	sg.gen	dolara
dolar	N	sg.ins	dolarem
dolar	N	sg.loc	dolarze
dolar	N	sg.nom	dolar
dolar	N	sg.voc	dolarze
dolec	N	pl.acc	dolce
dolec	N	pl.dat	dolcom
dolec	N	pl.gen	dolców
dolec	N	pl.ins	dolcami
dolec	N	pl.loc	dolcach
dolec	N	pl.nom	dolce
dolec	N	pl.voc	dolce
dolec	N	sg.acc	dolca
dolec	N	sg.dat	dolcowi
dolec	N	sg.gen	dolca
dolec	N	sg.ins	dolcem
dolec	N	sg.loc	dolcu
dolec	N	sg.nom	dolec
dolec	N	sg.voc	dolcu
dom	N	pl.acc	domy
dom	N	pl.dat	domom
dom	N	pl.gen	domów
dom	N	pl.ins	domami
dom	N	pl.loc	domach
dom	N	pl.nom	domy
dom	N	pl.voc	domy
dom	N	sg.acc	dom
dom	N	sg.dat	domowi
dom	N	sg.gen	domu
dom	N	sg.ins	domem
dom	N	sg.loc	domu
dom	N	sg.nom	dom
dom	N	sg.voc	domu
domowy	A	pl.acc	domowe
domowy	A	pl.dat	domowym
domowy	A	pl.gen	domowych
domowy	A	pl.ins	domowymi
domowy	A	pl.loc	domowych
domowy	A	pl.m.hum.acc	domowych
domowy	A	pl.m.hum.nom	domowi
domowy	A	pl.nom	domowe
domowy	A	sg.f.acc	domową
domowy	A	sg.f.dat	domowej
domowy	A	sg.f.gen	domowej
domowy	A	sg.f.ins	domową
domowy	A	sg.f.loc	domowej
domowy	A	sg.f.nom	domowa
domowy	A	sg.m.anim.acc	domowego
domowy	A	sg.m.dat	domowemu
domowy	A	sg.m.gen	domowego
domowy	A	sg.m.hum.acc	domowego
domowy	A	sg.m.inan.acc	domowy
domowy	A	sg.m.ins	domowym
domowy	A	sg.m.loc	domowym
domowy	A	sg.m.nom	domowy
domowy	A	sg.n.acc	domowe
domowy	A	sg.n.dat	domowemu
domowy	A	sg.n.gen	domowego
domowy	A	sg.n.ins	domowym
domowy	A	sg.n.loc	domowym
domowy	A	sg.n.nom	domowe
doskonały	A	pl.acc	doskonałe
doskonały	A	pl.dat	doskonałym
doskonały	A	pl.gen	doskonałych
doskonały	A	pl.ins	doskonałymi
doskonały	A	pl.loc	doskonałych
doskonały	A	pl.m.hum.acc	doskonałych
doskonały	A	pl.m.hum.nom	doskonali
doskonały	A	pl.nom	doskonałe
doskonały	A	sg.f.acc	doskonałą
doskonały	A	sg.f.dat	doskonałej
doskonały	A	sg.f.gen	doskonałej
doskonały	A	sg.f.ins	doskonałą
doskonały	A	sg.f.loc	doskonałej
doskonały	A	sg.f.nom	doskonała
doskonały	A	sg.m.anim.acc	doskonałego
doskonały	A	sg.m.dat	doskonałemu
doskonały	A	sg.m.gen	doskonałego
doskonały	A	sg.m.hum.acc	doskonałego
doskonały	A	sg.m.inan.acc	doskonały
doskonały	A	sg.m.ins	doskonałym
doskonały	A	sg.m.loc	doskonałym
doskonały	A	sg.m.nom	doskonały
doskonały	A	sg.n.acc	doskonałe
doskonały	A	sg.n.dat	doskonałemu
doskonały	A	sg.n.gen	doskonałego
doskonały	A	sg.n.ins	doskonałym
doskonały	A	sg.n.loc	doskonałym
doskonały	A	sg.n.nom	doskonałe
dostawać	V	cond.p1.pl	dostawałybyśmy
dostawać	V	cond.p1.pl.m.hum	dostawalibyśmy
dostawać	V	cond.p1.sg.f	dostawałabym
dostawać	V	cond.p1.sg.m	dostawałbym
dostawać	V	cond.p2.pl	dostawałybyście
dostawać	V	cond.p2.pl.m.hum	dostawalibyście
dostawać	V	cond.p2.sg.f	dostawałabyś
dostawać	V	cond.p2.sg.m	dostawałbyś
dostawać	V	cond.p3.pl	dostawałyby
dostawać	V	cond.p3.pl.m.hum	dostawaliby
dostawać	V	cond.p3.sg.f	dostawałaby
dostawać	V	cond.p3.sg.m	dostawałby
dostawać	V	cond.p3.sg.n	dostawałoby
dostawać	V	fut.p1.pl	będziemy dostawały
dostawać	V	fut.p1.pl.m.hum	będziemy dostawali
dostawać	V	fut.p1.sg.f	będę dostawała
dostawać	V	fut.p1.sg.m	będę dostawał
dostawać	V	fut.p2.pl	będziecie dostawały
dostawać	V	fut.p2.pl.m.hum	będziecie dostawali
dostawać	V	fut.p2.sg.f	będziesz dostawała
dostawać	V	fut.p2.sg.m	będziesz dostawał
dostawać	V	fut.p3.pl	będą dostawały
dostawać	V	fut.p3.pl.m.hum	będą dostawali
dostawać	V	fut.p3.sg.f	będzie dostawała
dostawać	V	fut.p3.sg.m	będzie dostawał
dostawać	V	fut.p3.sg.n	będzie dostawało
dostawać	V	imp.p1.pl	dostawajmy
dostawać	V	imp.p2.pl	dostawajcie
dostawać	V	imp.p2.sg	dostawaj
dostawać	V	imp.p3.pl	niech dostają
dostawać	V	imp.p3.sg	niech dostaje
dostawać	V	past.p1.pl	dostawałyśmy
dostawać	V	past.p1.pl.m.hum	dostawaliśmy
dostawać	V	past.p1.sg.f	dostawałam
dostawać	V	past.p1.sg.m	dostawałem
dostawać	V	past.p2.pl	dostawałyście
dostawać	V	past.p2.pl.m.hum	dostawaliście
dostawać	V	past.p2.sg.f	dostawałaś
dostawać	V	past.p2.sg.m	dostawałeś
dostawać	V	past.p3.pl	dostawały
dostawać	V	past.p3.pl.m.hum	dostawali
dostawać	V	past.p3.sg.f	dostawała
dostawać	V	past.p3.sg.m	dostawał
dostawać	V	past.p3.sg.n	dostawało
dostawać	V	pres.p1.pl	dostajemy
dostawać	V	pres.p1.sg	dostaję
dostawać	V	pres.p2.pl	dostajecie
dostawać	V	pres.p2.sg	dostajesz
dostawać	V	pres.p3.pl	dostają
dostawać	V	pres.p3.sg	dostaje
dotknąć	V	cond.p1.pl	dotknęłybyśmy
dotknąć	V	cond.p1.pl.m.hum	dotknęlibyśmy
dotknąć	V	cond.p1.sg.f	dotknęłabym
dotknąć	V	cond.p1.sg.m	dotknąłbym
dotknąć	V	cond.p2.pl	dotknęłybyście
dotknąć	V	cond.p2.pl.m.hum	dotknęlibyście
dotknąć	V	cond.p2.sg.f	dotknęłabyś
dotknąć	V	cond.p2.sg.m	dotknąłbyś
dotknąć	V	cond.p3.pl	dotknęłyby
dotknąć	V	cond.p3.pl.m.hum	dotknęliby
dotknąć	V	cond.p3.sg.f	dotknęłaby
dotknąć	V	cond.p3.sg.m	dotknąłby
dotknąć	V	cond.p3.sg.n	dotknęłoby
dotknąć	V	fut.p1.pl	dotkniemy
dotknąć	V	fut.p1.sg	dotknę
dotknąć	V	fut.p2.pl	dotkniecie
dotknąć	V	fut.p2.sg	dotkniesz
dotknąć	V	fut.p3.pl	dotkną
dotknąć	V	fut.p3.sg	dotknie
dotknąć	V	imp.p1.pl	dotknijmy
dotknąć	V	imp.p1.sg	niech dotknę
dotknąć	V	imp.p2.pl	dotknijcie
dotknąć	V	imp.p2.sg	dotknij
dotknąć	V	imp.p3.pl	niech dotkną
dotknąć	V	imp.p3.sg	niech dotknie
dotknąć	V	past.p1.pl	dotknęłyśmy
dotknąć	V	past.p1.pl.m.hum	dotknęliśmy
dotknąć	V	past.p1.sg.f	dotknęłam
dotknąć	V	past.p1.sg.m	dotknąłem
dotknąć	V	past.p2.pl	dotknęłyście
dotknąć	V	past.p2.pl.m.hum	dotknęliście
dotknąć	V	past.p2.sg.f	dotknęłaś
dotknąć	V	past.p2.sg.m	dotknąłeś
dotknąć	V	past.p3.pl	dotknęły
dotknąć	V	past.p3.pl.m.hum	dotknęli
dotknąć	V	past.p3.sg.f	dotknęła
dotknąć	V	past.p3.sg.m	dotknął
dotknąć	V	past.p3.sg.n	dotknęło
dotykać	V	cond.p1.pl	dotykałybyśmy
dotykać	V	cond.p1.pl.m.hum	dotykalibyśmy
dotykać	V	cond.p1.sg.f	dotykałabym
dotykać	V	cond.p1.sg.m	dotykałbym
dotykać	V	cond.p2.pl	dotykałybyście
dotykać	V	cond.p2.pl.m.hum	dotykalibyście
dotykać	V	cond.p2.sg.f	dotykałabyś
dotykać	V	cond.p2.sg.m	dotykałbyś
dotykać	V	cond.p3.pl	dotykałyby
dotykać	V	cond.p3.pl.m.hum	dotykaliby
dotykać	V	cond.p3.sg.f	dotykałaby
dotykać	V	cond.p3.sg.m	dotykałby
dotykać	V	cond.p3.sg.n	dotykałoby
dotykać	V	fut.p1.pl	będziemy dotykały
dotykać	V	fut.p1.pl.m.hum	będziemy dotykali
dotykać	V	fut.p1.sg.f	będę dotykała
dotykać	V	fut.p1.sg.m	będę dotykał
dotykać	V	fut.p2.pl	będziecie dotykały
dotykać	V	fut.p2.pl.m.hum	będziecie dotykali
dotykać	V	fut.p2.sg.f	będziesz dotykała
dotykać	V	fut.p2.sg.m	będziesz dotykał
dotykać	V	fut.p3.pl	będą dotykały
dotykać	V	fut.p3.pl.m.hum	będą dotykali
dotykać	V	fut.p3.sg.f	będzie dotykała
dotykać	V	fut.p3.sg.m	będzie dotykał
dotykać	V	fut.p3.sg.n	będzie dotykało
dotykać	V	imp.p1.pl	dotykajmy
dotykać	V	imp.p2.pl	dotykajcie
dotykać	V	imp.p2.sg	dotykaj
dotykać	V	imp.p3.pl	niech dotykają
dotykać	V	imp.p3.sg	niech dotyka
dotykać	V	past.p1.pl	dotykałyśmy
dotykać	V	past.p1.pl.m.hum	dotykaliśmy
dotykać	V	past.p1.sg.f	dotykałam
dotykać	V	past.p1.sg.m	dotykałem
dotykać	V	past.p2.pl	dotykałyście
dotykać	V	past.p2.pl.m.hum	dotykaliście
dotykać	V	past.p2.sg.f	dotykałaś
dotykać	V	past.p2.sg.m	dotykałeś
dotykać	V	past.p3.pl	dotykały
dotykać	V	past.p3.pl.m.hum	dotykali
dotykać	V	past.p3.sg.f	dotykała
dotykać	V	past.p3.sg.m	dotykał
dotykać	V	past.p3.sg.n	dotykało
dotykać	V	pres.p1.pl	dotykamy
dotykać	V	pres.p1.sg	dotykam
dotykać	V	pres.p2.pl	dotykacie
dotykać	V	pres.p2.sg	dotykasz
dotykać	V	pres.p3.pl	dotykają
dotykać	V	pres.p3.sg	dotyka
dowód	N	pl.acc	dowody
dowód	N	pl.dat	dowodom
dowód	N	pl.gen	dowodów
dowód	N	pl.ins	dowodami
dowód	N	pl.loc	dowodach
dowód	N	pl.nom	dowody
dowód	N	pl.voc	dowody
dowód	N	sg.acc	dowód
dowód	N	sg.dat	dowodowi
dowód	N	sg.gen	dowodu
dowód	N	sg.ins	dowodem
dowód	N	sg.loc	dowodzie
dowód	N	sg.nom	dowód
dowód	N	sg.voc	dowodzie
dowodzić	V	cond.p1.pl	dowodziłybyśmy
dowodzić	V	cond.p1.pl.m.hum	dowodzilibyśmy
dowodzić	V	cond.p1.sg.f	dowodziłabym
dowodzić	V	cond.p1.sg.m	dowodziłbym
dowodzić	V	cond.p2.pl	dowodziłybyście
dowodzić	V	cond.p2.pl.m.hum	dowodzilibyście
dowodzić	V	cond.p2.sg.f	dowodziłabyś
dowodzić	V	cond.p2.sg.m	dowodziłbyś
dowodzić	V	cond.p3.pl	dowodziłyby
dowodzić	V	cond.p3.pl.m.hum	dowodziliby
dowodzić	V	cond.p3.sg.f	dowodziłaby
dowodzić	V	cond.p3.sg.m	dowodziłby
dowodzić	V	cond.p3.sg.n	dowodziłoby
dowodzić	V	fut.p1.pl	będziemy dowodziły
dowodzić	V	fut.p1.pl.m.hum	będziemy dowodzili
dowodzić	V	fut.p1.sg.f	będę dowodziła
dowodzić	V	fut.p1.sg.m	będę dowodził
dowodzić	V	fut.p2.pl	będziecie dowodziły
dowodzić	V	fut.p2.pl.m.hum	będziecie dowodzili
dowodzić	V	fut.p2.sg.f	będziesz dowodziła
dowodzić	V	fut.p2.sg.m	będziesz dowodził
dowodzić	V	fut.p3.pl	będą dowodziły
dowodzić	V	fut.p3.pl.m.hum	będą dowodzili
dowodzić	V	fut.p3.sg.f	będzie dowodziła
dowodzić	V	fut.p3.sg.m	będzie dowodził
dowodzić	V	fut.p3.sg.n	będzie dowodziło
dowodzić	V	imp.p1.pl	dowódźmy
dowodzić	V	imp.p2.pl	dowódźcie
dowodzić	V	imp.p2.sg	dowódź
dowodzić	V	imp.p3.pl	niech dowodzą
dowodzić	V	imp.p3.sg	niech dowodzi
dowodzić	V	past.p1.pl	dowodziłyśmy
dowodzić	V	past.p1.pl.m.hum	dowodziliśmy
dowodzić	V	past.p1.sg.f	dowodziłam
dowodzić	V	past.p1.sg.m	dowodziłem
dowodzić	V	past.p2.pl	dowodziłyście
dowodzić	V	past.p2.pl.m.hum	dowodziliście
dowodzić	V	past.p2.sg.f	dowodziłaś
dowodzić	V	past.p2.sg.m	dowodziłeś
dowodzić	V	past.p3.pl	dowodziły
dowodzić	V	past.p3.pl.m.hum	dowodzili
dowodzić	V	past.p3.sg.f	dowodziła
dowodzić	V	past.p3.sg.m	dowodził
dowodzić	V	past.p3.sg.n	dowodziło
dowodzić	V	pres.p1.pl	dowodzimy
dowodzić	V	pres.p1.sg	dowodzę
dowodzić	V	pres.p2.pl	dowodzicie
dowodzić	V	pres.p2.sg	dowodzisz
dowodzić	V	pres.p3.pl	dowodzą
dowodzić	V	pres.p3.sg	dowodzi
drań	N	pl.acc	dranie
drań	N	pl.dat	draniom
drań	N	pl.gen	drani
drań	N	pl.ins	draniami
drań	N	pl.loc	draniach
drań	N	pl.nom	dranie
drań	N	pl.voc	dranie
drań	N	sg.acc	drania
drań	N	sg.dat	draniowi
drań	N	sg.gen	drania
drań	N	sg.ins	draniem
drań	N	sg.loc	draniu
drań	N	sg.nom	drań
drań	N	sg.voc	draniu
droga	N	pl.acc	drogi
droga	N	pl.dat	drogom
droga	N	pl.gen	dróg
droga	N	pl.ins	drogami
droga	N	pl.loc	drogach
droga	N	pl.nom	drogi
droga	N	pl.voc	drogi
droga	N	sg.acc	drogę
droga	N	sg.dat	drodze
droga	N	sg.gen	drogi
droga	N	sg.ins	drogą
droga	N	sg.loc	drodze
droga	N	sg.nom	droga
droga	N	sg.voc	drogo
drogi	A	pl.acc	drogie
drogi	A	pl.dat	drogim
drogi	A	pl.gen	drogich
drogi	A	pl.ins	drogimi
drogi	A	pl.loc	drogich
drogi	A	pl.m.hum.acc	drogich
drogi	A	pl.m.hum.nom	drodzy
drogi	A	pl.nom	drogie
drogi	A	sg.f.acc	drogą
drogi	A	sg.f.dat	drogiej
drogi	A	sg.f.gen	drogiej
drogi	A	sg.f.ins	drogą
drogi	A	sg.f.loc	drogiej
drogi	A	sg.f.nom	droga
drogi	A	sg.m.anim.acc	drogiego
drogi	A	sg.m.dat	drogiemu
drogi	A	sg.m.gen	drogiego
drogi	A	sg.m.hum.acc	drogiego
drogi	A	sg.m.inan.acc	drogi
drogi	A	sg.m.ins	drogim
drogi	A	sg.m.loc	drogim
drogi	A	sg.m.nom	drogi
drogi	A	sg.n.acc	drogie
drogi	A	sg.n.dat	drogiemu
drogi	A	sg.n.gen	drogiego
drogi	A	sg.n.ins	drogim
drogi	A	sg.n.loc	drogim
drogi	A	sg.n.nom	drogie
drużyna	N	pl.acc	drużyny
drużyna	N	pl.dat	drużynom
drużyna	N	pl.gen	drużyn
drużyna	N	pl.ins	drużynami
drużyna	N	pl.loc	drużynach
drużyna	N	pl.nom	drużyny
drużyna	N	pl.voc	drużyny
drużyna	N	sg.acc	drużynę
drużyna	N	sg.dat	drużynie
drużyna	N	sg.gen	drużyny
drużyna	N	sg.ins	drużyną
drużyna	N	sg.loc	drużynie
drużyna	N	sg.nom	drużyna
drużyna	N	sg.voc	drużyno
drzewo	N	pl.acc	drzewa
drzewo	N	pl.dat	drzewom
drzewo	N	pl.gen	drzew
drzewo	N	pl.ins	drzewami
drzewo	N	pl.loc	drzewach
drzewo	N	pl.nom	drzewa
drzewo	N	pl.voc	drzewa
drzewo	N	sg.acc	drzewo
drzewo	N	sg.dat	drzewu
drzewo	N	sg.gen	drzewa
drzewo	N	sg.ins	drzewem
drzewo	N	sg.loc	drzewie
drzewo	N	sg.nom	drzewo
drzewo	N	sg.voc	drzewo
duch	N	pl.acc	duchy
duch	N	pl.dat	duchom
duch	N	pl.gen	duchów
duch	N	pl.ins	duchami
duch	N	pl.loc	duchach
duch	N	pl.nom	duchy
duch	N	pl.voc	duchy
duch	N	sg.acc	ducha
duch	N	sg.dat	duchowi
duch	N	sg.gen	ducha
duch	N	sg.ins	duchem
duch	N	sg.loc	duchu
duch	N	sg.nom	duch
duch	N	sg.voc	duchu
dumny	A	pl.acc	dumne
dumny	A	pl.dat	dumnym
dumny	A	pl.gen	dumnych
dumny	A	pl.ins	dumnymi
dumny	A	pl.loc	dumnych
dumny	A	pl.m.hum.acc	dumnych
dumny	A	pl.m.hum.nom	dumni
dumny	A	pl.nom	dumne
dumny	A	sg.f.acc	dumną
dumny	A	sg.f.dat	dumnej
dumny	A	sg.f.gen	dumnej
dumny	A	sg.f.ins	dumną
dumny	A	sg.f.loc	dumnej
dumny	A	sg.f.nom	dumna
dumny	A	sg.m.anim.acc	dumnego
dumny	A	sg.m.dat	dumnemu
dumny	A	sg.m.gen	dumnego
dumny	A	sg.m.hum.acc	dumnego
dumny	A	sg.m.inan.acc	dumny
dumny	A	sg.m.ins	dumnym
dumny	A	sg.m.loc	dumnym
dumny	A	sg.m.nom	dumny
dumny	A	sg.n.acc	dumne
dumny	A	sg.n.dat	dumnemu
dumny	A	sg.n.gen	dumnego
dumny	A	sg.n.ins	dumnym
dumny	A	sg.n.loc	dumnym
dumny	A	sg.n.nom	dumne
dupek	N	pl.acc	dupki
dupek	N	pl.dat	dupkom
dupek	N	pl.gen	dupków
dupek	N	pl.ins	dupkami
dupek	N	pl.loc	dupkach
dupek	N	pl.nom	dupki
dupek	N	pl.voc	dupki
dupek	N	sg.acc	dupka
dupek	N	sg.dat	dupkowi
dupek	N	sg.gen	dupka
dupek	N	sg.ins	dupkiem
dupek	N	sg.loc	dupku
dupek	N	sg.nom	dupek
dupek	N	sg.voc	dupku
dusza	N	pl.acc	dusze
dusza	N	pl.dat	duszom
dusza	N	pl.gen	dusz
dusza	N	pl.ins	duszami
dusza	N	pl.loc	duszach
dusza	N	pl.nom	dusze
dusza	N	pl.voc	dusze
dusza	N	sg.acc	duszę
dusza	N	sg.dat	duszy
dusza	N	sg.gen	duszy
dusza	N	sg.ins	duszą
dusza	N	sg.loc	duszy
dusza	N	sg.nom	dusza
dusza	N	sg.voc	duszo
duży	A	pl.acc	duże
duży	A	pl.dat	dużym
duży	A	pl.gen	dużych
duży	A	pl.ins	dużymi
duży	A	pl.loc	dużych
duży	A	pl.m.hum.acc	dużych
duży	A	pl.m.hum.nom	duży
duży	A	pl.nom	duże
duży	A	sg.f.acc	dużą
duży	A	sg.f.dat	dużej
duży	A	sg.f.gen	dużej
duży	A	sg.f.ins	dużą
duży	A	sg.f.loc	dużej
duży	A	sg.f.nom	duża
duży	A	sg.m.anim.acc	dużego
duży	A	sg.m.dat	dużemu
duży	A	sg.m.gen	dużego
duży	A	sg.m.hum.acc	dużego
duży	A	sg.m.inan.acc	duży
duży	A	sg.m.ins	dużym
duży	A	sg.m.loc	dużym
duży	A	sg.m.nom	duży
duży	A	sg.n.acc	duże
duży	A	sg.n.dat	dużemu
duży	A	sg.n.gen	dużego
duży	A	sg.n.ins	dużym
duży	A	sg.n.loc	dużym
duży	A	sg.n.nom	duże
dwójka	N	pl.acc	dwójki
dwójka	N	pl.dat	dwójkom
dwójka	N	pl.gen	dwójek
dwójka	N	pl.ins	dwójkami
dwójka	N	pl.loc	dwójkach
dwójka	N	pl.nom	dwójki
dwójka	N	pl.voc	dwójki
dwójka	N	sg.acc	dwójkę
dwójka	N	sg.dat	dwójce
dwójka	N	sg.gen	dwójki
dwójka	N	sg.ins	dwójką
dwójka	N	sg.loc	dwójce
dwójka	N	sg.nom	dwójka
dwójka	N	sg.voc	dwójko
dyrektor	N	pl.acc	dyrektorów
dyrektor	N	pl.dat	dyrektorom
dyrektor	N	pl.gen	dyrektorów
dyrektor	N	pl.ins	dyrektorami
dyrektor	N	pl.loc	dyrektorach
dyrektor	N	pl.nom	dyrektorzy
dyrektor	N	pl.voc	dyrektorzy
dyrektor	N	sg.acc	dyrektora
dyrektor	N	sg.dat	dyrektorowi
dyrektor	N	sg.gen	dyrektora
dyrektor	N	sg.ins	dyrektorem
dyrektor	N	sg.loc	dyrektorze
dyrektor	N	sg.nom	dyrektor
dyrektor	N	sg.voc	dyrektorze
dziać	V	cond.p1.pl	działybyśmy
dziać	V	cond.p1.pl.m.hum	dzialibyśmy
dziać	V	cond.p1.sg.f	działabym
dziać	V	cond.p1.sg.m	działbym
dziać	V	cond.p2.pl	działybyście
dziać	V	cond.p2.pl.m.hum	dzialibyście
dziać	V	cond.p2.sg.f	działabyś
dziać	V	cond.p2.sg.m	działbyś
dziać	V	cond.p3.pl	działyby
dziać	V	cond.p3.pl.m.hum	dzialiby
dziać	V	cond.p3.sg.f	działaby
dziać	V	cond.p3.sg.m	działby
dziać	V	cond.p3.sg.n	działoby
dziać	V	fut.p1.pl	będziemy działy
dziać	V	fut.p1.pl.m.hum	będziemy dziali
dziać	V	fut.p1.sg.f	będę działa
dziać	V	fut.p1.sg.m	będę dział
dziać	V	fut.p2.pl	będziecie działy
dziać	V	fut.p2.pl.m.hum	będziecie dziali
dziać	V	fut.p2.sg.f	będziesz działa
dziać	V	fut.p2.sg.m	będziesz dział
dziać	V	fut.p3.pl	będą działy
dziać	V	fut.p3.pl.m.hum	będą dziali
dziać	V	fut.p3.sg.f	będzie działa
dziać	V	fut.p3.sg.m	będzie dział
dziać	V	fut.p3.sg.n	będzie działo
dziać	V	imp.p1.pl	dziejmy
dziać	V	imp.p2.pl	dziejcie
dziać	V	imp.p2.sg	dziej
dziać	V	imp.p3.pl	niech dzieją
dziać	V	imp.p3.sg	niech dzieje
dziać	V	past.p1.pl	działyśmy
dziać	V	past.p1.pl.m.hum	dzialiśmy
dziać	V	past.p1.sg.f	działam
dziać	V	past.p1.sg.m	działem
dziać	V	past.p2.pl	działyście
dziać	V	past.p2.pl.m.hum	dzialiście
dziać	V	past.p2.sg.f	działaś
dziać	V	past.p2.sg.m	działeś
dziać	V	past.p3.pl	działy
dziać	V	past.p3.pl.m.hum	dziali
dziać	V	past.p3.sg.f	działa
dziać	V	past.p3.sg.m	dział
dziać	V	past.p3.sg.n	działo
dziać	V	pres.p1.pl	dziejemy
dziać	V	pres.p1.sg	dzieję
dziać	V	pres.p2.pl	dziejecie
dziać	V	pres.p2.sg	dziejesz
dziać	V	pres.p3.pl	dzieją
dziać	V	pres.p3.sg	dzieje
dziadek	N	pl.acc	dziadków
dziadek	N	pl.dat	dziadkom
dziadek	N	pl.gen	dziadków
dziadek	N	pl.ins	dziadkami
dziadek	N	pl.loc	dziadkach
dziadek	N	pl.nom	dziadkowie
dziadek	N	pl.voc	dziadkowie
dziadek	N	sg.acc	dziadka
dziadek	N	sg.dat	dziadkowi
dziadek	N	sg.gen	dziadka
dziadek	N	sg.ins	dziadkiem
dziadek	N	sg.loc	dziadku
dziadek	N	sg.nom	dziadek
dziadek	N	sg.voc	dziadku
działać	V	cond.p1.pl	działałybyśmy
działać	V	cond.p1.pl.m.hum	działalibyśmy
działać	V	cond.p1.sg.f	działałabym
działać	V	cond.p1.sg.m	działałbym
działać	V	cond.p2.pl	działałybyście
działać	V	cond.p2.pl.m.hum	działalibyście
działać	V	cond.p2.sg.f	działałabyś
działać	V	cond.p2.sg.m	działałbyś
działać	V	cond.p3.pl	działałyby
działać	V	cond.p3.pl.m.hum	działaliby
działać	V	cond.p3.sg.f	działałaby
działać	V	cond.p3.sg.m	działałby
działać	V	cond.p3.sg.n	działałoby
działać	V	fut.p1.pl	będziemy działały
działać	V	fut.p1.pl.m.hum	będziemy działali
działać	V	fut.p1.sg.f	będę działała
działać	V	fut.p1.sg.m	będę działał
działać	V	fut.p2.pl	będziecie działały
działać	V	fut.p2.pl.m.hum	będziecie działali
działać	V	fut.p2.sg.f	będziesz działała
działać	V	fut.p2.sg.m	będziesz działał
działać	V	fut.p3.pl	będą działały
działać	V	fut.p3.pl.m.hum	będą działali
działać	V	fut.p3.sg.f	będzie działała
działać	V	fut.p3.sg.m	będzie działał
działać	V	fut.p3.sg.n	będzie działało
działać	V	imp.p1.pl	działajmy
działać	V	imp.p2.pl	działajcie
działać	V	imp.p2.sg	działaj
działać	V	imp.p3.pl	niech działają
działać	V	imp.p3.sg	niech działa
działać	V	past.p1.pl	działałyśmy
działać	V	past.p1.pl.m.hum	działaliśmy
działać	V	past.p1.sg.f	działałam
działać	V	past.p1.sg.m	działałem
działać	V	past.p2.pl	działałyście
działać	V	past.p2.pl.m.hum	działaliście
działać	V	past.p2.sg.f	działałaś
działać	V	past.p2.sg.m	działałeś
działać	V	past.p3.pl	działały
działać	V	past.p3.pl.m.hum	działali
działać	V	past.p3.sg.f	działała
działać	V	past.p3.sg.m	działał
działać	V	past.p3.sg.n	działało
działać	V	pres.p1.pl	działamy
działać	V	pres.p1.sg	działam
działać	V	pres.p2.pl	działacie
działać	V	pres.p2.sg	działasz
działać	V	pres.p3.pl	działają
działać	V	pres.p3.sg	działa
działanie	N	pl.acc	działania
działanie	N	pl.dat	działaniom
działanie	N	pl.gen	działań
działanie	N	pl.ins	działaniami
działanie	N	pl.loc	działaniach
działanie	N	pl.nom	działania
działanie	N	pl.voc	działania
działanie	N	sg.acc	działanie
działanie	N	sg.dat	działaniu
działanie	N	sg.gen	działania
działanie	N	sg.ins	działaniem
działanie	N	sg.loc	działaniu
działanie	N	sg.nom	działanie
działanie	N	sg.voc	działanie
działo	N	pl.acc	działa
działo	N	pl.dat	działom
działo	N	pl.gen	dział
działo	N	pl.ins	działami
działo	N	pl.loc	działach
działo	N	pl.nom	działa
działo	N	pl.voc	działa
działo	N	sg.acc	działo
działo	N	sg.dat	działu
działo	N	sg.gen	działa
działo	N	sg.ins	działem
działo	N	sg.loc	dziale
działo	N	sg.nom	działo
działo	N	sg.voc	działo
dziecko	N	pl.acc	dzieci
dziecko	N	pl.dat	dzieciom
dziecko	N	pl.gen	dzieci
dziecko	N	pl.ins	dziećmi
dziecko	N	pl.loc	dzieciach
dziecko	N	pl.nom	dzieci
dziecko	N	pl.voc	dzieci
dziecko	N	sg.acc	dziecko
dziecko	N	sg.dat	dziecku
dziecko	N	sg.gen	dziecka
dziecko	N	sg.ins	dzieckiem
dziecko	N	sg.loc	dziecku
dziecko	N	sg.nom	dziecko
dziecko	N	sg.voc	dziecko
dziękować	V	cond.p1.pl	dziękowałybyśmy
dziękować	V	cond.p1.pl.m.hum	dziękowalibyśmy
dziękować	V	cond.p1.sg.f	dziękowałabym
dziękować	V	cond.p1.sg.m	dziękowałbym
dziękować	V	cond.p2.pl	dziękowałybyście
dziękować	V	cond.p2.pl.m.hum	dziękowalibyście
dziękować	V	cond.p2.sg.f	dziękowałabyś
dziękować	V	cond.p2.sg.m	dziękowałbyś
dziękować	V	cond.p3.pl	dziękowałyby
dziękować	V	cond.p3.pl.m.hum	dziękowaliby
dziękować	V	cond.p3.sg.f	dziękowałaby
dziękować	V	cond.p3.sg.m	dziękowałby
dziękować	V	cond.p3.sg.n	dziękowałoby
dziękować	V	fut.p1.pl	będziemy dziękowały
dziękować	V	fut.p1.pl.m.hum	będziemy dziękowali
dziękować	V	fut.p1.sg.f	będę dziękowała
dziękować	V	fut.p1.sg.m	będę dziękował
dziękować	V	fut.p2.pl	będziecie dziękowały
dziękować	V	fut.p2.pl.m.hum	będziecie dziękowali
dziękować	V	fut.p2.sg.f	będziesz dziękowała
dziękować	V	fut.p2.sg.m	będziesz dziękował
dziękować	V	fut.p3.pl	będą dziękowały
dziękować	V	fut.p3.pl.m.hum	będą dziękowali
dziękować	V	fut.p3.sg.f	będzie dziękowała
dziękować	V	fut.p3.sg.m	będzie dziękował
dziękować	V	fut.p3.sg.n	będzie dziękowało
dziękować	V	imp.p1.pl	dziękujmy
dziękować	V	imp.p2.pl	dziękujcie
dziękować	V	imp.p2.sg	dziękuj
dziękować	V	imp.p3.pl	niech dziękują
dziękować	V	imp.p3.sg	niech dziękuje
dziękować	V	past.p1.pl	dziękowałyśmy
dziękować	V	past.p1.pl.m.hum	dziękowaliśmy
dziękować	V	past.p1.sg.f	dziękowałam
dziękować	V	past.p1.sg.m	dziękowałem
dziękować	V	past.p2.pl	dziękowałyście
dziękować	V	past.p2.pl.m.hum	dziękowaliście
dziękować	V	past.p2.sg.f	dziękowałaś
dziękować	V	past.p2.sg.m	dziękowałeś
dziękować	V	past.p3.pl	dziękowały
dziękować	V	past.p3.pl.m.hum	dziękowali
dziękować	V	past.p3.sg.f	dziękowała
dziękować	V	past.p3.sg.m	dziękował
dziękować	V	past.p3.sg.n	dziękowało
dziękować	V	pres.p1.pl	dziękujemy
dziękować	V	pres.p1.sg	dziękuję
dziękować	V	pres.p2.pl	dziękujecie
dziękować	V	pres.p2.sg	dziękujesz
dziękować	V	pres.p3.pl	dziękują
dziękować	V	pres.p3.sg	dziękuje
dzieło	N	pl.acc	dzieła
dzieło	N	pl.dat	dziełom
dzieło	N	pl.gen	dzieł
dzieło	N	pl.ins	dziełami
dzieło	N	pl.loc	dziełach
dzieło	N	pl.nom	dzieła
dzieło	N	pl.voc	dzieła
dzieło	N	sg.acc	dzieło
dzieło	N	sg.dat	dziełu
dzieło	N	sg.gen	dzieła
dzieło	N	sg.ins	dziełem
dzieło	N	sg.loc	dziele
dzieło	N	sg.nom	dzieło
dzieło	N	sg.voc	dzieło
dzień	N	pl.acc	dni
dzień	N	pl.dat	dniom
dzień	N	pl.gen	dni
dzień	N	pl.ins	dniami
dzień	N	pl.loc	dniach
dzień	N	pl.nom	dni
dzień	N	pl.voc	dni
dzień	N	sg.acc	dzień
dzień	N	sg.dat	dniowi
dzień	N	sg.gen	dnia
dzień	N	sg.ins	dniem
dzień	N	sg.loc	dniu
dzień	N	sg.nom	dzień
dzień	N	sg.voc	dniu
dziewczyna	N	pl.acc	dziewczyny
dziewczyna	N	pl.dat	dziewczynom
dziewczyna	N	pl.gen	dziewczyn
dziewczyna	N	pl.ins	dziewczynami
dziewczyna	N	pl.loc	dziewczynach
dziewczyna	N	pl.nom	dziewczyny
dziewczyna	N	pl.voc	dziewczyny
dziewczyna	N	sg.acc	dziewczynę
dziewczyna	N	sg.dat	dziewczynie
dziewczyna	N	sg.gen	dziewczyny
dziewczyna	N	sg.ins	dziewczyną
dziewczyna	N	sg.loc	dziewczynie
dziewczyna	N	sg.nom	dziewczyna
dziewczyna	N	sg.voc	dziewczyno
dziewczynka	N	pl.acc	dziewczynki
dziewczynka	N	pl.dat	dziewczynkom
dziewczynka	N	pl.gen	dziewczynek
dziewczynka	N	pl.ins	dziewczynkami
dziewczynka	N	pl.loc	dziewczynkach
dziewczynka	N	pl.nom	dziewczynki
dziewczynka	N	pl.voc	dziewczynki
dziewczynka	N	sg.acc	dziewczynkę
dziewczynka	N	sg.dat	dziewczynce
dziewczynka	N	sg.gen	dziewczynki
dziewczynka	N	sg.ins	dziewczynką
dziewczynka	N	sg.loc	dziewczynce
dziewczynka	N	sg.nom	dziewczynka
dziewczynka	N	sg.voc	dziewczynko
dzisiejszy	A	pl.acc	dzisiejsze
dzisiejszy	A	pl.dat	dzisiejszym
dzisiejszy	A	pl.gen	dzisiejszych
dzisiejszy	A	pl.ins	dzisiejszymi
dzisiejszy	A	pl.loc	dzisiejszych
dzisiejszy	A	pl.m.hum.acc	dzisiejszych
dzisiejszy	A	pl.m.hum.nom	dzisiejsi
dzisiejszy	A	pl.nom	dzisiejsze
dzisiejszy	A	sg.f.acc	dzisiejszą
dzisiejszy	A	sg.f.dat	dzisiejszej
dzisiejszy	A	sg.f.gen	dzisiejszej
dzisiejszy	A	sg.f.ins	dzisiejszą
dzisiejszy	A	sg.f.loc	dzisiejszej
dzisiejszy	A	sg.f.nom	dzisiejsza
dzisiejszy	A	sg.m.anim.acc	dzisiejszego
dzisiejszy	A	sg.m.dat	dzisiejszemu
dzisiejszy	A	sg.m.gen	dzisiejszego
dzisiejszy	A	sg.m.hum.acc	dzisiejszego
dzisiejszy	A	sg.m.inan.acc	dzisiejszy
dzisiejszy	A	sg.m.ins	dzisiejszym
dzisiejszy	A	sg.m.loc	dzisiejszym
dzisiejszy	A	sg.m.nom	dzisiejszy
dzisiejszy	A	sg.n.acc	dzisiejsze
dzisiejszy	A	sg.n.dat	dzisiejszemu
dzisiejszy	A	sg.n.gen	dzisiejszego
dzisiejszy	A	sg.n.ins	dzisiejszym
dzisiejszy	A	sg.n.loc	dzisiejszym
dzisiejszy	A	sg.n.nom	dzisiejsze
dziura	N	pl.acc	dziury
dziura	N	pl.dat	dziurom
dziura	N	pl.gen	dziur
dziura	N	pl.ins	dziurami
dziura	N	pl.loc	dziurach
dziura	N	pl.nom	dziury
dziura	N	pl.voc	dziury
dziura	N	sg.acc	dziurę
dziura	N	sg.dat	dziurze
dziura	N	sg.gen	dziury
dziura	N	sg.ins	dziurą
dziura	N	sg.loc	dziurze
dziura	N	sg.nom	dziura
dziura	N	sg.voc	dziuro
dziwka	N	pl.acc	dziwki
dziwka	N	pl.dat	dziwkom
dziwka	N	pl.gen	dziwek
dziwka	N	pl.ins	dziwkami
dziwka	N	pl.loc	dziwkach
dziwka	N	pl.nom	dziwki
dziwka	N	pl.voc	dziwki
dziwka	N	sg.acc	dziwkę
dziwka	N	sg.dat	dziwce
dziwka	N	sg.gen	dziwki
dziwka	N	sg.ins	dziwką
dziwka	N	sg.loc	dziwce
dziwka	N	sg.nom	dziwka
dziwka	N	sg.voc	dziwko
dziwny	A	pl.acc	dziwne
dziwny	A	pl.dat	dziwnym
dziwny	A	pl.gen	dziwnych
dziwny	A	pl.ins	dziwnymi
dziwny	A	pl.loc	dziwnych
dziwny	A	pl.m.hum.acc	dziwnych
dziwny	A	pl.m.hum.nom	dziwni
dziwny	A	pl.nom	dziwne
dziwny	A	sg.f.acc	dziwną
dziwny	A	sg.f.dat	dziwnej
dziwny	A	sg.f.gen	dziwnej
dziwny	A	sg.f.ins	dziwną
dziwny	A	sg.f.loc	dziwnej
dziwny	A	sg.f.nom	dziwna
dziwny	A	sg.m.anim.acc	dziwnego
dziwny	A	sg.m.dat	dziwnemu
dziwny	A	sg.m.gen	dziwnego
dziwny	A	sg.m.hum.acc	dziwnego
dziwny	A	sg.m.inan.acc	dziwny
dziwny	A	sg.m.ins	dziwnym
dziwny	A	sg.m.loc	dziwnym
dziwny	A	sg.m.nom	dziwny
dziwny	A	sg.n.acc	dziwne
dziwny	A	sg.n.dat	dziwnemu
dziwny	A	sg.n.gen	dziwnego
dziwny	A	sg.n.ins	dziwnym
dziwny	A	sg.n.loc	dziwnym
dziwny	A	sg.n.nom	dziwne
ekipa	N	pl.acc	ekipy
ekipa	N	pl.dat	ekipom
ekipa	N	pl.gen	ekip
ekipa	N	pl.ins	ekipami
ekipa	N	pl.loc	ekipach
ekipa	N	pl.nom	ekipy
ekipa	N	pl.voc	ekipy
ekipa	N	sg.acc	ekipę
ekipa	N	sg.dat	ekipie
ekipa	N	sg.gen	ekipy
ekipa	N	sg.ins	ekipą
ekipa	N	sg.loc	ekipie
ekipa	N	sg.nom	ekipa
ekipa	N	sg.voc	ekipo
energia	N	pl.acc	energie
energia	N	pl.dat	energiom
energia	N	pl.gen	energii
energia	N	pl.ins	energiami
energia	N	pl.loc	energiach
energia	N	pl.nom	energie
energia	N	pl.voc	energie
energia	N	sg.acc	energię
energia	N	sg.dat	energii
energia	N	sg.gen	energii
energia	N	sg.ins	energią
energia	N	sg.loc	energii
energia	N	sg.nom	energia
energia	N	sg.voc	energio
facet	N	pl.acc	facetów
facet	N	pl.dat	facetom
facet	N	pl.gen	facetów
facet	N	pl.ins	facetami
facet	N	pl.loc	facetach
facet	N	pl.nom	faceci
facet	N	pl.voc	faceci
facet	N	sg.acc	faceta
facet	N	sg.dat	facetowi
facet	N	sg.gen	faceta
facet	N	sg.ins	facetem
facet	N	sg.loc	facecie
facet	N	sg.nom	facet
facet	N	sg.voc	facecie
fajny	A	pl.acc	fajne
fajny	A	pl.dat	fajnym
fajny	A	pl.gen	fajnych
fajny	A	pl.ins	fajnymi
fajny	A	pl.loc	fajnych
fajny	A	pl.m.hum.acc	fajnych
fajny	A	pl.m.hum.nom	fajni
fajny	A	pl.nom	fajne
fajny	A	sg.f.acc	fajną
fajny	A	sg.f.dat	fajnej
fajny	A	sg.f.gen	fajnej
fajny	A	sg.f.ins	fajną
fajny	A	sg.f.loc	fajnej
fajny	A	sg.f.nom	fajna
fajny	A	sg.m.anim.acc	fajnego
fajny	A	sg.m.dat	fajnemu
fajny	A	sg.m.gen	fajnego
fajny	A	sg.m.hum.acc	fajnego
fajny	A	sg.m.inan.acc	fajny
fajny	A	sg.m.ins	fajnym
fajny	A	sg.m.loc	fajnym
fajny	A	sg.m.nom	fajny
fajny	A	sg.n.acc	fajne
fajny	A	sg.n.dat	fajnemu
fajny	A	sg.n.gen	fajnego
fajny	A	sg.n.ins	fajnym
fajny	A	sg.n.loc	fajnym
fajny	A	sg.n.nom	fajne
fakt	N	pl.acc	fakty
fakt	N	pl.dat	faktom
fakt	N	pl.gen	faktów
fakt	N	pl.ins	faktami
fakt	N	pl.loc	faktach
fakt	N	pl.nom	fakty
fakt	N	pl.voc	fakty
fakt	N	sg.acc	fakt
fakt	N	sg.dat	faktowi
fakt	N	sg.gen	faktu
fakt	N	sg.ins	faktem
fakt	N	sg.loc	fakcie
fakt	N	sg.nom	fakt
fakt	N	sg.voc	fakcie
fałszywy	A	pl.acc	fałszywe
fałszywy	A	pl.dat	fałszywym
fałszywy	A	pl.gen	fałszywych
fałszywy	A	pl.ins	fałszywymi
fałszywy	A	pl.loc	fałszywych
fałszywy	A	pl.m.hum.acc	fałszywych
fałszywy	A	pl.m.hum.nom	fałszywi
fałszywy	A	pl.nom	fałszywe
fałszywy	A	sg.f.acc	fałszywą
fałszywy	A	sg.f.dat	fałszywej
fałszywy	A	sg.f.gen	fałszywej
fałszywy	A	sg.f.ins	fałszywą
fałszywy	A	sg.f.loc	fałszywej
fałszywy	A	sg.f.nom	fałszywa
fałszywy	A	sg.m.anim.acc	fałszywego
fałszywy	A	sg.m.dat	fałszywemu
fałszywy	A	sg.m.gen	fałszywego
fałszywy	A	sg.m.hum.acc	fałszywego
fałszywy	A	sg.m.inan.acc	fałszywy
fałszywy	A	sg.m.ins	fałszywym
fałszywy	A	sg.m.loc	fałszywym
fałszywy	A	sg.m.nom	fałszywy
fałszywy	A	sg.n.acc	fałszywe
fałszywy	A	sg.n.dat	fałszywemu
fałszywy	A	sg.n.gen	fałszywego
fałszywy	A	sg.n.ins	fałszywym
fałszywy	A	sg.n.loc	fałszywym
fałszywy	A	sg.n.nom	fałszywe
firma	N	pl.acc	firmy
firma	N	pl.dat	firmom
firma	N	pl.gen	firm
firma	N	pl.ins	firmami
firma	N	pl.loc	firmach
firma	N	pl.nom	firmy
firma	N	pl.voc	firmy
firma	N	sg.acc	firmę
firma	N	sg.dat	firmie
firma	N	sg.gen	firmy
firma	N	sg.ins	firmą
firma	N	sg.loc	firmie
firma	N	sg.nom	firma
firma	N	sg.voc	firmo
francuski	A	pl.acc	francuskie
francuski	A	pl.dat	francuskim
francuski	A	pl.gen	francuskich
francuski	A	pl.ins	francuskimi
francuski	A	pl.loc	francuskich
francuski	A	pl.m.hum.acc	francuskich
francuski	A	pl.m.hum.nom	francuscy
francuski	A	pl.nom	francuskie
francuski	A	sg.f.acc	francuską
francuski	A	sg.f.dat	francuskiej
francuski	A	sg.f.gen	francuskiej
francuski	A	sg.f.ins	francuską
francuski	A	sg.f.loc	francuskiej
francuski	A	sg.f.nom	francuska
francuski	A	sg.m.anim.acc	francuskiego
francuski	A	sg.m.dat	francuskiemu
francuski	A	sg.m.gen	francuskiego
francuski	A	sg.m.hum.acc	francuskiego
francuski	A	sg.m.inan.acc	francuski
francuski	A	sg.m.ins	francuskim
francuski	A	sg.m.loc	francuskim
francuski	A	sg.m.nom	francuski
francuski	A	sg.n.acc	francuskie
francuski	A	sg.n.dat	francuskiemu
francuski	A	sg.n.gen	francuskiego
francuski	A	sg.n.ins	francuskim
francuski	A	sg.n.loc	francuskim
francuski	A	sg.n.nom	francuskie
frank	N	pl.acc	franki
frank	N	pl.dat	frankom
frank	N	pl.gen	franków
frank	N	pl.ins	frankami
frank	N	pl.loc	frankach
frank	N	pl.nom	franki
frank	N	pl.voc	franki
frank	N	sg.acc	franka
frank	N	sg.dat	frankowi
frank	N	sg.gen	franka
frank	N	sg.ins	frankiem
frank	N	sg.loc	franku
frank	N	sg.nom	frank
frank	N	sg.voc	franku
gadać	V	cond.p1.pl	gadałybyśmy
gadać	V	cond.p1.pl.m.hum	gadalibyśmy
gadać	V	cond.p1.sg.f	gadałabym
gadać	V	cond.p1.sg.m	gadałbym
gadać	V	cond.p2.pl	gadałybyście
gadać	V	cond.p2.pl.m.hum	gadalibyście
gadać	V	cond.p2.sg.f	gadałabyś
gadać	V	cond.p2.sg.m	gadałbyś
gadać	V	cond.p3.pl	gadałyby
gadać	V	cond.p3.pl.m.hum	gadaliby
gadać	V	cond.p3.sg.f	gadałaby
gadać	V	cond.p3.sg.m	gadałby
gadać	V	cond.p3.sg.n	gadałoby
gadać	V	fut.p1.pl	będziemy gadały
gadać	V	fut.p1.pl.m.hum	będziemy gadali
gadać	V	fut.p1.sg.f	będę gadała
gadać	V	fut.p1.sg.m	będę gadał
gadać	V	fut.p2.pl	będziecie gadały
gadać	V	fut.p2.pl.m.hum	będziecie gadali
gadać	V	fut.p2.sg.f	będziesz gadała
gadać	V	fut.p2.sg.m	będziesz gadał
gadać	V	fut.p3.pl	będą gadały
gadać	V	fut.p3.pl.m.hum	będą gadali
gadać	V	fut.p3.sg.f	będzie gadała
gadać	V	fut.p3.sg.m	będzie gadał
gadać	V	fut.p3.sg.n	będzie gadało
gadać	V	imp.p1.pl	gadajmy
gadać	V	imp.p2.pl	gadajcie
gadać	V	imp.p2.sg	gadaj
gadać	V	imp.p3.pl	niech gadają
gadać	V	imp.p3.sg	niech gada
gadać	V	past.p1.pl	gadałyśmy
gadać	V	past.p1.pl.m.hum	gadaliśmy
gadać	V	past.p1.sg.f	gadałam
gadać	V	past.p1.sg.m	gadałem
gadać	V	past.p2.pl	gadałyście
gadać	V	past.p2.pl.m.hum	gadaliście
gadać	V	past.p2.sg.f	gadałaś
gadać	V	past.p2.sg.m	gadałeś
gadać	V	past.p3.pl	gadały
gadać	V	past.p3.pl.m.hum	gadali
gadać	V	past.p3.sg.f	gadała
gadać	V	past.p3.sg.m	gadał
gadać	V	past.p3.sg.n	gadało
gadać	V	pres.p1.pl	gadamy
gadać	V	pres.p1.sg	gadam
gadać	V	pres.p2.pl	gadacie
gadać	V	pres.p2.sg	gadasz
gadać	V	pres.p3.pl	gadają
gadać	V	pres.p3.sg	gada
gardło	N	pl.acc	gardła
gardło	N	pl.dat	gardłom
gardło	N	pl.gen	gardeł
gardło	N	pl.ins	gardłami
gardło	N	pl.loc	gardłach
gardło	N	pl.nom	gardła
gardło	N	pl.voc	gardła
gardło	N	sg.acc	gardło
gardło	N	sg.dat	gardłu
gardło	N	sg.gen	gardła
gardło	N	sg.ins	gardłem
gardło	N	sg.loc	gardle
gardło	N	sg.nom	gardło
gardło	N	sg.voc	gardło
gazeta	N	pl.acc	gazety
gazeta	N	pl.dat	gazetom
gazeta	N	pl.gen	gazet
gazeta	N	pl.ins	gazetami
gazeta	N	pl.loc	gazetach
gazeta	N	pl.nom	gazety
gazeta	N	pl.voc	gazety
gazeta	N	sg.acc	gazetę
gazeta	N	sg.dat	gazecie
gazeta	N	sg.gen	gazety
gazeta	N	sg.ins	gazetą
gazeta	N	sg.loc	gazecie
gazeta	N	sg.nom	gazeta
gazeta	N	sg.voc	gazeto
generał	N	pl.acc	generałów
generał	N	pl.dat	generałom
generał	N	pl.gen	generałów
generał	N	pl.ins	generałami
generał	N	pl.loc	generałach
generał	N	pl.nom	generałowie
generał	N	pl.voc	generałowie
generał	N	sg.acc	generała
generał	N	sg.dat	generałowi
generał	N	sg.gen	generała
generał	N	sg.ins	generałem
generał	N	sg.loc	generale
generał	N	sg.nom	generał
generał	N	sg.voc	generale
głęboki	A	pl.acc	głębokie
głęboki	A	pl.dat	głębokim
głęboki	A	pl.gen	głębokich
głęboki	A	pl.ins	głębokimi
głęboki	A	pl.loc	głębokich
głęboki	A	pl.m.hum.acc	głębokich
głęboki	A	pl.m.hum.nom	głębocy
głęboki	A	pl.nom	głębokie
głęboki	A	sg.f.acc	głęboką
głęboki	A	sg.f.dat	głębokiej
głęboki	A	sg.f.gen	głębokiej
głęboki	A	sg.f.ins	głęboką
głęboki	A	sg.f.loc	głębokiej
głęboki	A	sg.f.nom	głęboka
głęboki	A	sg.m.anim.acc	głębokiego
głęboki	A	sg.m.dat	głębokiemu
głęboki	A	sg.m.gen	głębokiego
głęboki	A	sg.m.hum.acc	głębokiego
głęboki	A	sg.m.inan.acc	głęboki
głęboki	A	sg.m.ins	głębokim
głęboki	A	sg.m.loc	głębokim
głęboki	A	sg.m.nom	głęboki
głęboki	A	sg.n.acc	głębokie
głęboki	A	sg.n.dat	głębokiemu
głęboki	A	sg.n.gen	głębokiego
głęboki	A	sg.n.ins	głębokim
głęboki	A	sg.n.loc	głębokim
głęboki	A	sg.n.nom	głębokie
glina	N	pl.acc	gliny
glina	N	pl.dat	glinom
glina	N	pl.gen	glin
glina	N	pl.ins	glinami
glina	N	pl.loc	glinach
glina	N	pl.nom	gliny
glina	N	pl.voc	gliny
glina	N	sg.acc	glinę
glina	N	sg.dat	glinie
glina	N	sg.gen	gliny
glina	N	sg.ins	gliną
glina	N	sg.loc	glinie
glina	N	sg.nom	glina
glina	N	sg.voc	glino
gliniarz	N	pl.acc	gliniarzy
gliniarz	N	pl.dat	gliniarzom
gliniarz	N	pl.gen	gliniarzy
gliniarz	N	pl.ins	gliniarzami
gliniarz	N	pl.loc	gliniarzach
gliniarz	N	pl.nom	gliniarze
gliniarz	N	pl.voc	gliniarze
gliniarz	N	sg.acc	gliniarza
gliniarz	N	sg.dat	gliniarzowi
gliniarz	N	sg.gen	gliniarza
gliniarz	N	sg.ins	gliniarzem
gliniarz	N	sg.loc	gliniarzu
gliniarz	N	sg.nom	gliniarz
gliniarz	N	sg.voc	gliniarzu
głodny	A	pl.acc	głodne
głodny	A	pl.dat	głodnym
głodny	A	pl.gen	głodnych
głodny	A	pl.ins	głodnymi
głodny	A	pl.loc	głodnych
głodny	A	pl.m.hum.acc	głodnych
głodny	A	pl.m.hum.nom	głodni
głodny	A	pl.nom	głodne
głodny	A	sg.f.acc	głodną
głodny	A	sg.f.dat	głodnej
głodny	A	sg.f.gen	głodnej
głodny	A	sg.f.ins	głodną
głodny	A	sg.f.loc	głodnej
głodny	A	sg.f.nom	głodna
głodny	A	sg.m.anim.acc	głodnego
głodny	A	sg.m.dat	głodnemu
głodny	A	sg.m.gen	głodnego
głodny	A	sg.m.hum.acc	głodnego
głodny	A	sg.m.inan.acc	głodny
głodny	A	sg.m.ins	głodnym
głodny	A	sg.m.loc	głodnym
głodny	A	sg.m.nom	głodny
głodny	A	sg.n.acc	głodne
głodny	A	sg.n.dat	głodnemu
głodny	A	sg.n.gen	głodnego
głodny	A	sg.n.ins	głodnym
głodny	A	sg.n.loc	głodnym
głodny	A	sg.n.nom	głodne
głos	N	pl.acc	głosy
głos	N	pl.dat	głosom
głos	N	pl.gen	głosów
głos	N	pl.ins	głosami
głos	N	pl.loc	głosach
głos	N	pl.nom	głosy
głos	N	pl.voc	głosy
głos	N	sg.acc	głos
głos	N	sg.dat	głosowi
głos	N	sg.gen	głosu
głos	N	sg.ins	głosem
głos	N	sg.loc	głosie
głos	N	sg.nom	głos
głos	N	sg.voc	głosie
głowa	N	pl.acc	głowy
głowa	N	pl.dat	głowom
głowa	N	pl.gen	głów
głowa	N	pl.ins	głowami
głowa	N	pl.loc	głowach
głowa	N	pl.nom	głowy
głowa	N	pl.voc	głowy
głowa	N	sg.acc	głowę
głowa	N	sg.dat	głowie
głowa	N	sg.gen	głowy
głowa	N	sg.ins	głową
głowa	N	sg.loc	głowie
głowa	N	sg.nom	głowa
głowa	N	sg.voc	głowo
głupi	A	pl.acc	głupie
głupi	A	pl.dat	głupim
głupi	A	pl.gen	głupich
głupi	A	pl.ins	głupimi
głupi	A	pl.loc	głupich
głupi	A	pl.m.hum.acc	głupich
głupi	A	pl.m.hum.nom	głupi
głupi	A	pl.nom	głupie
głupi	A	sg.f.acc	głupią
głupi	A	sg.f.dat	głupiej
głupi	A	sg.f.gen	głupiej
głupi	A	sg.f.ins	głupią
głupi	A	sg.f.loc	głupiej
głupi	A	sg.f.nom	głupia
głupi	A	sg.m.anim.acc	głupiego
głupi	A	sg.m.dat	głupiemu
głupi	A	sg.m.gen	głupiego
głupi	A	sg.m.hum.acc	głupiego
głupi	A	sg.m.inan.acc	głupi
głupi	A	sg.m.ins	głupim
głupi	A	sg.m.loc	głupim
głupi	A	sg.m.nom	głupi
głupi	A	sg.n.acc	głupie
głupi	A	sg.n.dat	głupiemu
głupi	A	sg.n.gen	głupiego
głupi	A	sg.n.ins	głupim
głupi	A	sg.n.loc	głupim
głupi	A	sg.n.nom	głupie
głupiec	N	pl.acc	głupców
głupiec	N	pl.dat	głupcom
głupiec	N	pl.gen	głupców
głupiec	N	pl.ins	głupcami
głupiec	N	pl.loc	głupcach
głupiec	N	pl.nom	głupcy
głupiec	N	pl.voc	głupcy
głupiec	N	sg.acc	głupca
głupiec	N	sg.dat	głupcowi
głupiec	N	sg.gen	głupca
głupiec	N	sg.ins	głupcem
głupiec	N	sg.loc	głupcu
głupiec	N	sg.nom	głupiec
głupiec	N	sg.voc	głupcze
godzina	N	pl.acc	godziny
godzina	N	pl.dat	godzinom
godzina	N	pl.gen	godzin
godzina	N	pl.ins	godzinami
godzina	N	pl.loc	godzinach
godzina	N	pl.nom	godziny
godzina	N	pl.voc	godziny
godzina	N	sg.acc	godzinę
godzina	N	sg.dat	godzinie
godzina	N	sg.gen	godziny
godzina	N	sg.ins	godziną
godzina	N	sg.loc	godzinie
godzina	N	sg.nom	godzina
godzina	N	sg.voc	godzino
góra	N	pl.acc	góry
góra	N	pl.dat	górom
góra	N	pl.gen	gór
góra	N	pl.ins	górami
góra	N	pl.loc	górach
góra	N	pl.nom	góry
góra	N	pl.voc	góry
góra	N	sg.acc	górę
góra	N	sg.dat	górze
góra	N	sg.gen	góry
góra	N	sg.ins	górą
góra	N	sg.loc	górze
góra	N	sg.nom	góra
góra	N	sg.voc	góro
gorący	A	pl.acc	gorące
gorący	A	pl.dat	gorącym
gorący	A	pl.gen	gorących
gorący	A	pl.ins	gorącymi
gorący	A	pl.loc	gorących
gorący	A	pl.m.hum.acc	gorących
gorący	A	pl.m.hum.nom	gorący
gorący	A	pl.nom	gorące
gorący	A	sg.f.acc	gorącą
gorący	A	sg.f.dat	gorącej
gorący	A	sg.f.gen	gorącej
gorący	A	sg.f.ins	gorącą
gorący	A	sg.f.loc	gorącej
gorący	A	sg.f.nom	gorąca
gorący	A	sg.m.anim.acc	gorącego
gorący	A	sg.m.dat	gorącemu
gorący	A	sg.m.gen	gorącego
gorący	A	sg.m.hum.acc	gorącego
gorący	A	sg.m.inan.acc	gorący
gorący	A	sg.m.ins	gorącym
gorący	A	sg.m.loc	gorącym
gorący	A	sg.m.nom	gorący
gorący	A	sg.n.acc	gorące
gorący	A	sg.n.dat	gorącemu
gorący	A	sg.n.gen	gorącego
gorący	A	sg.n.ins	gorącym
gorący	A	sg.n.loc	gorącym
gorący	A	sg.n.nom	gorące
gorzeć	V	cond.p1.pl	gorzałybyśmy
gorzeć	V	cond.p1.pl.m.hum	gorzelibyśmy
gorzeć	V	cond.p1.sg.f	gorzałabym
gorzeć	V	cond.p1.sg.m	gorzałbym
gorzeć	V	cond.p2.pl	gorzałybyście
gorzeć	V	cond.p2.pl.m.hum	gorzelibyście
gorzeć	V	cond.p2.sg.f	gorzałabyś
gorzeć	V	cond.p2.sg.m	gorzałbyś
gorzeć	V	cond.p3.pl	gorzałyby
gorzeć	V	cond.p3.pl.m.hum	gorzeliby
gorzeć	V	cond.p3.sg.f	gorzałaby
gorzeć	V	cond.p3.sg.m	gorzałby
gorzeć	V	cond.p3.sg.n	gorzałoby
gorzeć	V	fut.p1.pl	będziemy gorzały
gorzeć	V	fut.p1.pl.m.hum	będziemy gorzeli
gorzeć	V	fut.p1.sg.f	będę gorzała
gorzeć	V	fut.p1.sg.m	będę gorzał
gorzeć	V	fut.p2.pl	będziecie gorzały
gorzeć	V	fut.p2.pl.m.hum	będziecie gorzeli
gorzeć	V	fut.p2.sg.f	będziesz gorzała
gorzeć	V	fut.p2.sg.m	będziesz gorzał
gorzeć	V	fut.p3.pl	będą gorzały
gorzeć	V	fut.p3.pl.m.hum	będą gorzeli
gorzeć	V	fut.p3.sg.f	będzie gorzała
gorzeć	V	fut.p3.sg.m	będzie gorzał
gorzeć	V	fut.p3.sg.n	będzie gorzało
gorzeć	V	imp.p1.pl	gorzejmy
gorzeć	V	imp.p2.pl	gorzejcie
gorzeć	V	imp.p2.sg	gorzej
gorzeć	V	imp.p3.pl	niech gorzeją
gorzeć	V	imp.p3.sg	niech gorzeje
gorzeć	V	past.p1.pl	gorzałyśmy
gorzeć	V	past.p1.pl.m.hum	gorzeliśmy
gorzeć	V	past.p1.sg.f	gorzałam
gorzeć	V	past.p1.sg.m	gorzałem
gorzeć	V	past.p2.pl	gorzałyście
gorzeć	V	past.p2.pl.m.hum	gorzeliście
gorzeć	V	past.p2.sg.f	gorzałaś
gorzeć	V	past.p2.sg.m	gorzałeś
gorzeć	V	past.p3.pl	gorzały
gorzeć	V	past.p3.pl.m.hum	gorzeli
gorzeć	V	past.p3.sg.f	gorzała
gorzeć	V	past.p3.sg.m	gorzał
gorzeć	V	past.p3.sg.n	gorzało
gorzeć	V	pres.p1.pl	gorzejemy
gorzeć	V	pres.p1.sg	gorzeję
gorzeć	V	pres.p2.pl	gorzejecie
gorzeć	V	pres.p2.sg	gorzejesz
gorzeć	V	pres.p3.pl	gorzeją
gorzeć	V	pres.p3.sg	gorzeje
gość	N	pl.acc	gości
gość	N	pl.dat	gościom
gość	N	pl.gen	gości
gość	N	pl.ins	gośćmi
gość	N	pl.loc	gościach
gość	N	pl.nom	goście
gość	N	pl.voc	goście
gość	N	sg.acc	gościa
gość	N	sg.dat	gościowi
gość	N	sg.gen	gościa
gość	N	sg.ins	gościem
gość	N	sg.loc	gościu
gość	N	sg.nom	gość
gość	N	sg.voc	gościu
gotowy	A	pl.acc	gotowe
gotowy	A	pl.dat	gotowym
gotowy	A	pl.gen	gotowych
gotowy	A	pl.ins	gotowymi
gotowy	A	pl.loc	gotowych
gotowy	A	pl.m.hum.acc	gotowych
gotowy	A	pl.m.hum.nom	gotowi
gotowy	A	pl.nom	gotowe
gotowy	A	sg.f.acc	gotową
gotowy	A	sg.f.dat	gotowej
gotowy	A	sg.f.gen	gotowej
gotowy	A	sg.f.ins	gotową
gotowy	A	sg.f.loc	gotowej
gotowy	A	sg.f.nom	gotowa
gotowy	A	sg.m.anim.acc	gotowego
gotowy	A	sg.m.dat	gotowemu
gotowy	A	sg.m.gen	gotowego
gotowy	A	sg.m.hum.acc	gotowego
gotowy	A	sg.m.inan.acc	gotowy
gotowy	A	sg.m.ins	gotowym
gotowy	A	sg.m.loc	gotowym
gotowy	A	sg.m.nom	gotowy
gotowy	A	sg.n.acc	gotowe
gotowy	A	sg.n.dat	gotowemu
gotowy	A	sg.n.gen	gotowego
gotowy	A	sg.n.ins	gotowym
gotowy	A	sg.n.loc	gotowym
gotowy	A	sg.n.nom	gotowe
gówno	N	pl.acc	gówna
gówno	N	pl.dat	gównom
gówno	N	pl.gen	gówien
gówno	N	pl.ins	gównami
gówno	N	pl.loc	gównach
gówno	N	pl.nom	gówna
gówno	N	pl.voc	gówna
gówno	N	sg.acc	gówno
gówno	N	sg.dat	gównu
gówno	N	sg.gen	gówna
gówno	N	sg.ins	gównem
gówno	N	sg.loc	gównie
gówno	N	sg.nom	gówno
gówno	N	sg.voc	gówno
gra	N	pl.acc	gry
gra	N	pl.dat	grom
gra	N	pl.gen	gier
gra	N	pl.ins	grami
gra	N	pl.loc	grach
gra	N	pl.nom	gry
gra	N	pl.voc	gry
gra	N	sg.acc	grę
gra	N	sg.dat	grze
gra	N	sg.gen	gry
gra	N	sg.ins	grą
gra	N	sg.loc	grze
gra	N	sg.nom	gra
gra	N	sg.voc	gro
granica	N	pl.acc	granice
granica	N	pl.dat	granicom
granica	N	pl.gen	granic
granica	N	pl.ins	granicami
granica	N	pl.loc	granicach
granica	N	pl.nom	granice
granica	N	pl.voc	granice
granica	N	sg.acc	granicę
granica	N	sg.dat	granicy
granica	N	sg.gen	granicy
granica	N	sg.ins	granicą
granica	N	sg.loc	granicy
granica	N	sg.nom	granica
granica	N	sg.voc	granico
grozić	V	cond.p1.pl	groziłybyśmy
grozić	V	cond.p1.pl.m.hum	grozilibyśmy
grozić	V	cond.p1.sg.f	groziłabym
grozić	V	cond.p1.sg.m	groziłbym
grozić	V	cond.p2.pl	groziłybyście
grozić	V	cond.p2.pl.m.hum	grozilibyście
grozić	V	cond.p2.sg.f	groziłabyś
grozić	V	cond.p2.sg.m	groziłbyś
grozić	V	cond.p3.pl	groziłyby
grozić	V	cond.p3.pl.m.hum	groziliby
grozić	V	cond.p3.sg.f	groziłaby
grozić	V	cond.p3.sg.m	groziłby
grozić	V	cond.p3.sg.n	groziłoby
grozić	V	fut.p1.pl	będziemy groziły
grozić	V	fut.p1.pl.m.hum	będziemy grozili
grozić	V	fut.p1.sg.f	będę groziła
grozić	V	fut.p1.sg.m	będę groził
grozić	V	fut.p2.pl	będziecie groziły
grozić	V	fut.p2.pl.m.hum	będziecie grozili
grozić	V	fut.p2.sg.f	będziesz groziła
grozić	V	fut.p2.sg.m	będziesz groził
grozić	V	fut.p3.pl	będą groziły
grozić	V	fut.p3.pl.m.hum	będą grozili
grozić	V	fut.p3.sg.f	będzie groziła
grozić	V	fut.p3.sg.m	będzie groził
grozić	V	fut.p3.sg.n	będzie groziło
grozić	V	imp.p1.pl	groźmy
grozić	V	imp.p2.pl	groźcie
grozić	V	imp.p2.sg	groź
grozić	V	imp.p3.pl	niech grożą
grozić	V	imp.p3.sg	niech grozi
grozić	V	past.p1.pl	groziłyśmy
grozić	V	past.p1.pl.m.hum	groziliśmy
grozić	V	past.p1.sg.f	groziłam
grozić	V	past.p1.sg.m	groziłem
grozić	V	past.p2.pl	groziłyście
grozić	V	past.p2.pl.m.hum	groziliście
grozić	V	past.p2.sg.f	groziłaś
grozić	V	past.p2.sg.m	groziłeś
grozić	V	past.p3.pl	groziły
grozić	V	past.p3.pl.m.hum	grozili
grozić	V	past.p3.sg.f	groziła
grozić	V	past.p3.sg.m	groził
grozić	V	past.p3.sg.n	groziło
grozić	V	pres.p1.pl	grozimy
grozić	V	pres.p1.sg	grożę
grozić	V	pres.p2.pl	grozicie
grozić	V	pres.p2.sg	grozisz
grozić	V	pres.p3.pl	grożą
grozić	V	pres.p3.sg	grozi
grupa	N	pl.acc	grupy
grupa	N	pl.dat	grupom
grupa	N	pl.gen	grup
grupa	N	pl.ins	grupami
grupa	N	pl.loc	grupach
grupa	N	pl.nom	grupy
grupa	N	pl.voc	grupy
grupa	N	sg.acc	grupę
grupa	N	sg.dat	grupie
grupa	N	sg.gen	grupy
grupa	N	sg.ins	grupą
grupa	N	sg.loc	grupie
grupa	N	sg.nom	grupa
grupa	N	sg.voc	grupo
grzech	N	pl.acc	grzechy
grzech	N	pl.dat	grzechom
grzech	N	pl.gen	grzechów
grzech	N	pl.ins	grzechami
grzech	N	pl.loc	grzechach
grzech	N	pl.nom	grzechy
grzech	N	pl.voc	grzechy
grzech	N	sg.acc	grzech
grzech	N	sg.dat	grzechowi
grzech	N	sg.gen	grzechu
grzech	N	sg.ins	grzechem
grzech	N	sg.loc	grzechu
grzech	N	sg.nom	grzech
grzech	N	sg.voc	grzechu
gwiazda	N	pl.acc	gwiazdy
gwiazda	N	pl.dat	gwiazdom
gwiazda	N	pl.gen	gwiazd
gwiazda	N	pl.ins	gwiazdami
gwiazda	N	pl.loc	gwiazdach
gwiazda	N	pl.nom	gwiazdy
gwiazda	N	pl.voc	gwiazdy
gwiazda	N	sg.acc	gwiazdę
gwiazda	N	sg.dat	gwieździe
gwiazda	N	sg.gen	gwiazdy
gwiazda	N	sg.ins	gwiazdą
gwiazda	N	sg.loc	gwieździe
gwiazda	N	sg.nom	gwiazda
gwiazda	N	sg.voc	gwiazdo
hala	N	pl.acc	hale
hala	N	pl.dat	halom
hala	N	pl.gen	hal
hala	N	pl.ins	halami
hala	N	pl.loc	halach
hala	N	pl.nom	hale
hala	N	pl.voc	hale
hala	N	sg.acc	halę
hala	N	sg.dat	hali
hala	N	sg.gen	hali
hala	N	sg.ins	halą
hala	N	sg.loc	hali
hala	N	sg.nom	hala
hala	N	sg.voc	halo
henr	N	pl.acc	henry
henr	N	pl.dat	henrom
henr	N	pl.gen	henrów
henr	N	pl.ins	henrami
henr	N	pl.loc	henrach
henr	N	pl.nom	henry
henr	N	pl.voc	henry
henr	N	sg.acc	henr
henr	N	sg.dat	henrowi
henr	N	sg.gen	henra
henr	N	sg.ins	henrem
henr	N	sg.loc	henrze
henr	N	sg.nom	henr
henr	N	sg.voc	henrze
herbata	N	pl.acc	herbaty
herbata	N	pl.dat	herbatom
herbata	N	pl.gen	herbat
herbata	N	pl.ins	herbatami
herbata	N	pl.loc	herbatach
herbata	N	pl.nom	herbaty
herbata	N	pl.voc	herbaty
herbata	N	sg.acc	herbatę
herbata	N	sg.dat	herbacie
herbata	N	sg.gen	herbaty
herbata	N	sg.ins	herbatą
herbata	N	sg.loc	herbacie
herbata	N	sg.nom	herbata
herbata	N	sg.voc	herbato
historia	N	pl.acc	historie
historia	N	pl.dat	historiom
historia	N	pl.gen	historii
historia	N	pl.ins	historiami
historia	N	pl.loc	historiach
historia	N	pl.nom	historie
historia	N	pl.voc	historie
historia	N	sg.acc	historię
historia	N	sg.dat	historii
historia	N	sg.gen	historii
historia	N	sg.ins	historią
historia	N	sg.loc	historii
historia	N	sg.nom	historia
historia	N	sg.voc	historio
hotel	N	pl.acc	hotele
hotel	N	pl.dat	hotelom
hotel	N	pl.gen	hoteli
hotel	N	pl.ins	hotelami
hotel	N	pl.loc	hotelach
hotel	N	pl.nom	hotele
hotel	N	pl.voc	hotele
hotel	N	sg.acc	hotel
hotel	N	sg.dat	hotelowi
hotel	N	sg.gen	hotelu
hotel	N	sg.ins	hotelem
hotel	N	sg.loc	hotelu
hotel	N	sg.nom	hotel
hotel	N	sg.voc	hotelu
idealny	A	pl.acc	idealne
idealny	A	pl.dat	idealnym
idealny	A	pl.gen	idealnych
idealny	A	pl.ins	idealnymi
idealny	A	pl.loc	idealnych
idealny	A	pl.m.hum.acc	idealnych
idealny	A	pl.m.hum.nom	idealni
idealny	A	pl.nom	idealne
idealny	A	sg.f.acc	idealną
idealny	A	sg.f.dat	idealnej
idealny	A	sg.f.gen	idealnej
idealny	A	sg.f.ins	idealną
idealny	A	sg.f.loc	idealnej
idealny	A	sg.f.nom	idealna
idealny	A	sg.m.anim.acc	idealnego
idealny	A	sg.m.dat	idealnemu
idealny	A	sg.m.gen	idealnego
idealny	A	sg.m.hum.acc	idealnego
idealny	A	sg.m.inan.acc	idealny
idealny	A	sg.m.ins	idealnym
idealny	A	sg.m.loc	idealnym
idealny	A	sg.m.nom	idealny
idealny	A	sg.n.acc	idealne
idealny	A	sg.n.dat	idealnemu
idealny	A	sg.n.gen	idealnego
idealny	A	sg.n.ins	idealnym
idealny	A	sg.n.loc	idealnym
idealny	A	sg.n.nom	idealne
idiota	N	pl.acc	idiotów
idiota	N	pl.dat	idiotom
idiota	N	pl.gen	idiotów
idiota	N	pl.ins	idiotami
idiota	N	pl.loc	idiotach
idiota	N	pl.nom	idioci
idiota	N	pl.voc	idioci
idiota	N	sg.acc	idiotę
idiota	N	sg.dat	idiocie
idiota	N	sg.gen	idioty
idiota	N	sg.ins	idiotą
idiota	N	sg.loc	idiocie
idiota	N	sg.nom	idiota
idiota	N	sg.voc	idioto
ił	N	pl.acc	iły
ił	N	pl.dat	iłom
ił	N	pl.gen	iłów
ił	N	pl.ins	iłami
ił	N	pl.loc	iłach
ił	N	pl.nom	iły
ił	N	pl.voc	iły
ił	N	sg.acc	ił
ił	N	sg.dat	iłowi
ił	N	sg.gen	iłu
ił	N	sg.ins	iłem
ił	N	sg.loc	ile
ił	N	sg.nom	ił
ił	N	sg.voc	ile
ilość	N	pl.acc	ilości
ilość	N	pl.dat	ilościom
ilość	N	pl.gen	ilości
ilość	N	pl.ins	ilościami
ilość	N	pl.loc	ilościach
ilość	N	pl.nom	ilości
ilość	N	pl.voc	ilości
ilość	N	sg.acc	ilość
ilość	N	sg.dat	ilości
ilość	N	sg.gen	ilości
ilość	N	sg.ins	ilością
ilość	N	sg.loc	ilości
ilość	N	sg.nom	ilość
ilość	N	sg.voc	ilości
imię	N	pl.acc	imiona
imię	N	pl.dat	imionom
imię	N	pl.gen	imion
imię	N	pl.ins	imionami
imię	N	pl.loc	imionach
imię	N	pl.nom	imiona
imię	N	pl.voc	imiona
imię	N	sg.acc	imię
imię	N	sg.dat	imieniu
imię	N	sg.gen	imienia
imię	N	sg.ins	imieniem
imię	N	sg.loc	imieniu
imię	N	sg.nom	imię
imię	N	sg.voc	imię
impreza	N	pl.acc	imprezy
impreza	N	pl.dat	imprezom
impreza	N	pl.gen	imprez
impreza	N	pl.ins	imprezami
impreza	N	pl.loc	imprezach
impreza	N	pl.nom	imprezy
impreza	N	pl.voc	imprezy
impreza	N	sg.acc	imprezę
impreza	N	sg.dat	imprezie
impreza	N	sg.gen	imprezy
impreza	N	sg.ins	imprezą
impreza	N	sg.loc	imprezie
impreza	N	sg.nom	impreza
impreza	N	sg.voc	imprezo
informacja	N	pl.acc	informacje
informacja	N	pl.dat	informacjom
informacja	N	pl.gen	informacyj
informacja	N	pl.ins	informacjami
informacja	N	pl.loc	informacjach
informacja	N	pl.nom	informacje
informacja	N	pl.voc	informacje
informacja	N	sg.acc	informację
informacja	N	sg.dat	informacji
informacja	N	sg.gen	informacji
informacja	N	sg.ins	informacją
informacja	N	sg.loc	informacji
informacja	N	sg.nom	informacja
informacja	N	sg.voc	informacjo
interes	N	pl.acc	interesy
interes	N	pl.dat	interesom
interes	N	pl.gen	interesów
interes	N	pl.ins	interesami
interes	N	pl.loc	interesach
interes	N	pl.nom	interesy
interes	N	pl.voc	interesy
interes	N	sg.acc	interes
interes	N	sg.dat	interesowi
interes	N	sg.gen	interesu
interes	N	sg.ins	interesem
interes	N	sg.loc	interesie
interes	N	sg.nom	interes
interes	N	sg.voc	interesie
istota	N	pl.acc	istoty
istota	N	pl.dat	istotom
istota	N	pl.gen	istot
istota	N	pl.ins	istotami
istota	N	pl.loc	istotach
istota	N	pl.nom	istoty
istota	N	pl.voc	istoty
istota	N	sg.acc	istotę
istota	N	sg.dat	istocie
istota	N	sg.gen	istoty
istota	N	sg.ins	istotą
istota	N	sg.loc	istocie
istota	N	sg.nom	istota
istota	N	sg.voc	istoto
jajo	N	pl.acc	jaja
jajo	N	pl.dat	jajom
jajo	N	pl.gen	jaj
jajo	N	pl.ins	jajami
jajo	N	pl.loc	jajach
jajo	N	pl.nom	jaja
jajo	N	pl.voc	jaja
jajo	N	sg.acc	jajo
jajo	N	sg.dat	jaju
jajo	N	sg.gen	jaja
jajo	N	sg.ins	jajem
jajo	N	sg.loc	jaju
jajo	N	sg.nom	jajo
jajo	N	sg.voc	jajo
jakikolwiek	A	pl.acc	jakiekolwiek
jakikolwiek	A	pl.dat	jakimkolwiek
jakikolwiek	A	pl.gen	jakichkolwiek
jakikolwiek	A	pl.ins	jakimikolwiek
jakikolwiek	A	pl.loc	jakichkolwiek
jakikolwiek	A	pl.m.hum.acc	jakichkolwiek
jakikolwiek	A	pl.m.hum.nom	jacykolwiek
jakikolwiek	A	pl.nom	jakiekolwiek
jakikolwiek	A	sg.f.acc	jakąkolwiek
jakikolwiek	A	sg.f.dat	jakiejkolwiek
jakikolwiek	A	sg.f.gen	jakiejkolwiek
jakikolwiek	A	sg.f.ins	jakąkolwiek
jakikolwiek	A	sg.f.loc	jakiejkolwiek
jakikolwiek	A	sg.f.nom	jakakolwiek
jakikolwiek	A	sg.m.anim.acc	jakiegokolwiek
jakikolwiek	A	sg.m.dat	jakiemukolwiek
jakikolwiek	A	sg.m.gen	jakiegokolwiek
jakikolwiek	A	sg.m.hum.acc	jakiegokolwiek
jakikolwiek	A	sg.m.inan.acc	jakikolwiek
jakikolwiek	A	sg.m.ins	jakimkolwiek
jakikolwiek	A	sg.m.loc	jakimkolwiek
jakikolwiek	A	sg.m.nom	jakikolwiek
jakikolwiek	A	sg.n.acc	jakiekolwiek
jakikolwiek	A	sg.n.dat	jakiemukolwiek
jakikolwiek	A	sg.n.gen	jakiegokolwiek
jakikolwiek	A	sg.n.ins	jakimkolwiek
jakikolwiek	A	sg.n.loc	jakimkolwiek
jakikolwiek	A	sg.n.nom	jakiekolwiek
jasny	A	pl.acc	jasne
jasny	A	pl.dat	jasnym
jasny	A	pl.gen	jasnych
jasny	A	pl.ins	jasnymi
jasny	A	pl.loc	jasnych
jasny	A	pl.m.hum.acc	jasnych
jasny	A	pl.m.hum.nom	jaśni
jasny	A	pl.nom	jasne
jasny	A	sg.f.acc	jasną
jasny	A	sg.f.dat	jasnej
jasny	A	sg.f.gen	jasnej
jasny	A	sg.f.ins	jasną
jasny	A	sg.f.loc	jasnej
jasny	A	sg.f.nom	jasna
jasny	A	sg.m.anim.acc	jasnego
jasny	A	sg.m.dat	jasnemu
jasny	A	sg.m.gen	jasnego
jasny	A	sg.m.hum.acc	jasnego
jasny	A	sg.m.inan.acc	jasny
jasny	A	sg.m.ins	jasnym
jasny	A	sg.m.loc	jasnym
jasny	A	sg.m.nom	jasny
jasny	A	sg.n.acc	jasne
jasny	A	sg.n.dat	jasnemu
jasny	A	sg.n.gen	jasnego
jasny	A	sg.n.ins	jasnym
jasny	A	sg.n.loc	jasnym
jasny	A	sg.n.nom	jasne
jazda	N	pl.acc	jazdy
jazda	N	pl.dat	jazdom
jazda	N	pl.gen	jazd
jazda	N	pl.ins	jazdami
jazda	N	pl.loc	jazdach
jazda	N	pl.nom	jazdy
jazda	N	pl.voc	jazdy
jazda	N	sg.acc	jazdę
jazda	N	sg.dat	jeździe
jazda	N	sg.gen	jazdy
jazda	N	sg.ins	jazdą
jazda	N	sg.loc	jeździe
jazda	N	sg.nom	jazda
jazda	N	sg.voc	jazdo
jednostka	N	pl.acc	jednostki
jednostka	N	pl.dat	jednostkom
jednostka	N	pl.gen	jednostek
jednostka	N	pl.ins	jednostkami
jednostka	N	pl.loc	jednostkach
jednostka	N	pl.nom	jednostki
jednostka	N	pl.voc	jednostki
jednostka	N	sg.acc	jednostkę
jednostka	N	sg.dat	jednostce
jednostka	N	sg.gen	jednostki
jednostka	N	sg.ins	jednostką
jednostka	N	sg.loc	jednostce
jednostka	N	sg.nom	jednostka
jednostka	N	sg.voc	jednostko
jedyny	A	pl.acc	jedyne
jedyny	A	pl.dat	jedynym
jedyny	A	pl.gen	jedynych
jedyny	A	pl.ins	jedynymi
jedyny	A	pl.loc	jedynych
jedyny	A	pl.m.hum.acc	jedynych
jedyny	A	pl.m.hum.nom	jedyni
jedyny	A	pl.nom	jedyne
jedyny	A	sg.f.acc	jedyną
jedyny	A	sg.f.dat	jedynej
jedyny	A	sg.f.gen	jedynej
jedyny	A	sg.f.ins	jedyną
jedyny	A	sg.f.loc	jedynej
jedyny	A	sg.f.nom	jedyna
jedyny	A	sg.m.anim.acc	jedynego
jedyny	A	sg.m.dat	jedynemu
jedyny	A	sg.m.gen	jedynego
jedyny	A	sg.m.hum.acc	jedynego
jedyny	A	sg.m.inan.acc	jedyny
jedyny	A	sg.m.ins	jedynym
jedyny	A	sg.m.loc	jedynym
jedyny	A	sg.m.nom	jedyny
jedyny	A	sg.n.acc	jedyne
jedyny	A	sg.n.dat	jedynemu
jedyny	A	sg.n.gen	jedynego
jedyny	A	sg.n.ins	jedynym
jedyny	A	sg.n.loc	jedynym
jedyny	A	sg.n.nom	jedyne
jeździć	V	cond.p1.pl	jeździłybyśmy
jeździć	V	cond.p1.pl.m.hum	jeździlibyśmy
jeździć	V	cond.p1.sg.f	jeździłabym
jeździć	V	cond.p1.sg.m	jeździłbym
jeździć	V	cond.p2.pl	jeździłybyście
jeździć	V	cond.p2.pl.m.hum	jeździlibyście
jeździć	V	cond.p2.sg.f	jeździłabyś
jeździć	V	cond.p2.sg.m	jeździłbyś
jeździć	V	cond.p3.pl	jeździłyby
jeździć	V	cond.p3.pl.m.hum	jeździliby
jeździć	V	cond.p3.sg.f	jeździłaby
jeździć	V	cond.p3.sg.m	jeździłby
jeździć	V	cond.p3.sg.n	jeździłoby
jeździć	V	fut.p1.pl	będziemy jeździły
jeździć	V	fut.p1.pl.m.hum	będziemy jeździli
jeździć	V	fut.p1.sg.f	będę jeździła
jeździć	V	fut.p1.sg.m	będę jeździł
jeździć	V	fut.p2.pl	będziecie jeździły
jeździć	V	fut.p2.pl.m.hum	będziecie jeździli
jeździć	V	fut.p2.sg.f	będziesz jeździła
jeździć	V	fut.p2.sg.m	będziesz jeździł
jeździć	V	fut.p3.pl	będą jeździły
jeździć	V	fut.p3.pl.m.hum	będą jeździli
jeździć	V	fut.p3.sg.f	będzie jeździła
jeździć	V	fut.p3.sg.m	będzie jeździł
jeździć	V	fut.p3.sg.n	będzie jeździło
jeździć	V	imp.p1.pl	jeźdźmy
jeździć	V	imp.p2.pl	jeźdźcie
jeździć	V	imp.p2.sg	jeźdź
jeździć	V	imp.p3.pl	niech jeżdżą
jeździć	V	imp.p3.sg	niech jeździ
jeździć	V	past.p1.pl	jeździłyśmy
jeździć	V	past.p1.pl.m.hum	jeździliśmy
jeździć	V	past.p1.sg.f	jeździłam
jeździć	V	past.p1.sg.m	jeździłem
jeździć	V	past.p2.pl	jeździłyście
jeździć	V	past.p2.pl.m.hum	jeździliście
jeździć	V	past.p2.sg.f	jeździłaś
jeździć	V	past.p2.sg.m	jeździłeś
jeździć	V	past.p3.pl	jeździły
jeździć	V	past.p3.pl.m.hum	jeździli
jeździć	V	past.p3.sg.f	jeździła
jeździć	V	past.p3.sg.m	jeździł
jeździć	V	past.p3.sg.n	jeździło
jeździć	V	pres.p1.pl	jeździmy
jeździć	V	pres.p1.sg	jeżdżę
jeździć	V	pres.p2.pl	jeździcie
jeździć	V	pres.p2.sg	jeździsz
jeździć	V	pres.p3.pl	jeżdżą
jeździć	V	pres.p3.sg	jeździ
język	N	pl.acc	języki
język	N	pl.dat	językom
język	N	pl.gen	języków
język	N	pl.ins	językami
język	N	pl.loc	językach
język	N	pl.nom	języki
język	N	pl.voc	języki
język	N	sg.acc	język
język	N	sg.dat	językowi
język	N	sg.gen	języka
język	N	sg.ins	językiem
język	N	sg.loc	języku
język	N	sg.nom	język
język	N	sg.voc	języku
kamera	N	pl.acc	kamery
kamera	N	pl.dat	kamerom
kamera	N	pl.gen	kamer
kamera	N	pl.ins	kamerami
kamera	N	pl.loc	kamerach
kamera	N	pl.nom	kamery
kamera	N	pl.voc	kamery
kamera	N	sg.acc	kamerę
kamera	N	sg.dat	kamerze
kamera	N	sg.gen	kamery
kamera	N	sg.ins	kamerą
kamera	N	sg.loc	kamerze
kamera	N	sg.nom	kamera
kamera	N	sg.voc	kamero
kamień	N	pl.acc	kamienie
kamień	N	pl.dat	kamieniom
kamień	N	pl.gen	kamieni
kamień	N	pl.ins	kamieniami
kamień	N	pl.loc	kamieniach
kamień	N	pl.nom	kamienie
kamień	N	pl.voc	kamienie
kamień	N	sg.acc	kamień
kamień	N	sg.dat	kamieniowi
kamień	N	sg.gen	kamienia
kamień	N	sg.ins	kamieniem
kamień	N	sg.loc	kamieniu
kamień	N	sg.nom	kamień
kamień	N	sg.voc	kamieniu
kanał	N	pl.acc	kanały
kanał	N	pl.dat	kanałom
kanał	N	pl.gen	kanałów
kanał	N	pl.ins	kanałami
kanał	N	pl.loc	kanałach
kanał	N	pl.nom	kanały
kanał	N	pl.voc	kanały
kanał	N	sg.acc	kanał
kanał	N	sg.dat	kanałowi
kanał	N	sg.gen	kanału
kanał	N	sg.ins	kanałem
kanał	N	sg.loc	kanale
kanał	N	sg.nom	kanał
kanał	N	sg.voc	kanale
kapitan	N	pl.acc	kapitanów
kapitan	N	pl.dat	kapitanom
kapitan	N	pl.gen	kapitanów
kapitan	N	pl.ins	kapitanami
kapitan	N	pl.loc	kapitanach
kapitan	N	pl.nom	kapitanowie
kapitan	N	pl.voc	kapitanowie
kapitan	N	sg.acc	kapitana
kapitan	N	sg.dat	kapitanowi
kapitan	N	sg.gen	kapitana
kapitan	N	sg.ins	kapitanem
kapitan	N	sg.loc	kapitanie
kapitan	N	sg.nom	kapitan
kapitan	N	sg.voc	kapitanie
kara	N	pl.acc	kary
kara	N	pl.dat	karom
kara	N	pl.gen	kar
kara	N	pl.ins	karami
kara	N	pl.loc	karach
kara	N	pl.nom	kary
kara	N	pl.voc	kary
kara	N	sg.acc	karę
kara	N	sg.dat	karze
kara	N	sg.gen	kary
kara	N	sg.ins	karą
kara	N	sg.loc	karze
kara	N	sg.nom	kara
kara	N	sg.voc	karo
kariera	N	pl.acc	kariery
kariera	N	pl.dat	karierom
kariera	N	pl.gen	karier
kariera	N	pl.ins	karierami
kariera	N	pl.loc	karierach
kariera	N	pl.nom	kariery
kariera	N	pl.voc	kariery
kariera	N	sg.acc	karierę
kariera	N	sg.dat	karierze
kariera	N	sg.gen	kariery
kariera	N	sg.ins	karierą
kariera	N	sg.loc	karierze
kariera	N	sg.nom	kariera
kariera	N	sg.voc	kariero
karta	N	pl.acc	karty
karta	N	pl.dat	kartom
karta	N	pl.gen	kart
karta	N	pl.ins	kartami
karta	N	pl.loc	kartach
karta	N	pl.nom	karty
karta	N	pl.voc	karty
karta	N	sg.acc	kartę
karta	N	sg.dat	karcie
karta	N	sg.gen	karty
karta	N	sg.ins	kartą
karta	N	sg.loc	karcie
karta	N	sg.nom	karta
karta	N	sg.voc	karto
kasa	N	pl.acc	kasy
kasa	N	pl.dat	kasom
kasa	N	pl.gen	kas
kasa	N	pl.ins	kasami
kasa	N	pl.loc	kasach
kasa	N	pl.nom	kasy
kasa	N	pl.voc	kasy
kasa	N	sg.acc	kasę
kasa	N	sg.dat	kasie
kasa	N	sg.gen	kasy
kasa	N	sg.ins	kasą
kasa	N	sg.loc	kasie
kasa	N	sg.nom	kasa
kasa	N	sg.voc	kaso
kawa	N	pl.acc	kawy
kawa	N	pl.dat	kawom
kawa	N	pl.gen	kaw
kawa	N	pl.ins	kawami
kawa	N	pl.loc	kawach
kawa	N	pl.nom	kawy
kawa	N	pl.voc	kawy
kawa	N	sg.acc	kawę
kawa	N	sg.dat	kawie
kawa	N	sg.gen	kawy
kawa	N	sg.ins	kawą
kawa	N	sg.loc	kawie
kawa	N	sg.nom	kawa
kawa	N	sg.voc	kawo
kawałek	N	pl.acc	kawałki
kawałek	N	pl.dat	kawałkom
kawałek	N	pl.gen	kawałków
kawałek	N	pl.ins	kawałkami
kawałek	N	pl.loc	kawałkach
kawałek	N	pl.nom	kawałki
kawałek	N	pl.voc	kawałki
kawałek	N	sg.acc	kawałek
kawałek	N	sg.dat	kawałkowi
kawałek	N	sg.gen	kawałka
kawałek	N	sg.ins	kawałkiem
kawałek	N	sg.loc	kawałku
kawałek	N	sg.nom	kawałek
kawałek	N	sg.voc	kawałku
kierowca	N	pl.acc	kierowców
kierowca	N	pl.dat	kierowcom
kierowca	N	pl.gen	kierowców
kierowca	N	pl.ins	kierowcami
kierowca	N	pl.loc	kierowcach
kierowca	N	pl.nom	kierowcy
kierowca	N	pl.voc	kierowcy
kierowca	N	sg.acc	kierowcę
kierowca	N	sg.dat	kierowcy
kierowca	N	sg.gen	kierowcy
kierowca	N	sg.ins	kierowcą
kierowca	N	sg.loc	kierowcy
kierowca	N	sg.nom	kierowca
kierowca	N	sg.voc	kierowco
kierunek	N	pl.acc	kierunki
kierunek	N	pl.dat	kierunkom
kierunek	N	pl.gen	kierunków
kierunek	N	pl.ins	kierunkami
kierunek	N	pl.loc	kierunkach
kierunek	N	pl.nom	kierunki
kierunek	N	pl.voc	kierunki
kierunek	N	sg.acc	kierunek
kierunek	N	sg.dat	kierunkowi
kierunek	N	sg.gen	kierunku
kierunek	N	sg.ins	kierunkiem
kierunek	N	sg.loc	kierunku
kierunek	N	sg.nom	kierunek
kierunek	N	sg.voc	kierunku
kieszeń	N	pl.acc	kieszenie
kieszeń	N	pl.dat	kieszeniom
kieszeń	N	pl.gen	kieszeni
kieszeń	N	pl.ins	kieszeniami
kieszeń	N	pl.loc	kieszeniach
kieszeń	N	pl.nom	kieszenie
kieszeń	N	pl.voc	kieszenie
kieszeń	N	sg.acc	kieszeń
kieszeń	N	sg.dat	kieszeni
kieszeń	N	sg.gen	kieszeni
kieszeń	N	sg.ins	kieszenią
kieszeń	N	sg.loc	kieszeni
kieszeń	N	sg.nom	kieszeń
kieszeń	N	sg.voc	kieszeni
kłamać	V	cond.p1.pl	kłamałybyśmy
kłamać	V	cond.p1.pl.m.hum	kłamalibyśmy
kłamać	V	cond.p1.sg.f	kłamałabym
kłamać	V	cond.p1.sg.m	kłamałbym
kłamać	V	cond.p2.pl	kłamałybyście
kłamać	V	cond.p2.pl.m.hum	kłamalibyście
kłamać	V	cond.p2.sg.f	kłamałabyś
kłamać	V	cond.p2.sg.m	kłamałbyś
kłamać	V	cond.p3.pl	kłamałyby
kłamać	V	cond.p3.pl.m.hum	kłamaliby
kłamać	V	cond.p3.sg.f	kłamałaby
kłamać	V	cond.p3.sg.m	kłamałby
kłamać	V	cond.p3.sg.n	kłamałoby
kłamać	V	fut.p1.pl	będziemy kłamały
kłamać	V	fut.p1.pl.m.hum	będziemy kłamali
kłamać	V	fut.p1.sg.f	będę kłamała
kłamać	V	fut.p1.sg.m	będę kłamał
kłamać	V	fut.p2.pl	będziecie kłamały
kłamać	V	fut.p2.pl.m.hum	będziecie kłamali
kłamać	V	fut.p2.sg.f	będziesz kłamała
kłamać	V	fut.p2.sg.m	będziesz kłamał
kłamać	V	fut.p3.pl	będą kłamały
kłamać	V	fut.p3.pl.m.hum	będą kłamali
kłamać	V	fut.p3.sg.f	będzie kłamała
kłamać	V	fut.p3.sg.m	będzie kłamał
kłamać	V	fut.p3.sg.n	będzie kłamało
kłamać	V	imp.p1.pl	kłammy
kłamać	V	imp.p2.pl	kłamcie
kłamać	V	imp.p2.sg	kłam
kłamać	V	imp.p3.pl	niech kłamią
kłamać	V	imp.p3.sg	niech kłamie
kłamać	V	past.p1.pl	kłamałyśmy
kłamać	V	past.p1.pl.m.hum	kłamaliśmy
kłamać	V	past.p1.sg.f	kłamałam
kłamać	V	past.p1.sg.m	kłamałem
kłamać	V	past.p2.pl	kłamałyście
kłamać	V	past.p2.pl.m.hum	kłamaliście
kłamać	V	past.p2.sg.f	kłamałaś
kłamać	V	past.p2.sg.m	kłamałeś
kłamać	V	past.p3.pl	kłamały
kłamać	V	past.p3.pl.m.hum	kłamali
kłamać	V	past.p3.sg.f	kłamała
kłamać	V	past.p3.sg.m	kłamał
kłamać	V	past.p3.sg.n	kłamało
kłamać	V	pres.p1.pl	kłamiemy
kłamać	V	pres.p1.sg	kłamię
kłamać	V	pres.p2.pl	kłamiecie
kłamać	V	pres.p2.sg	kłamiesz
kłamać	V	pres.p3.pl	kłamią
kłamać	V	pres.p3.sg	kłamie
kłamstwo	N	pl.acc	kłamstwa
kłamstwo	N	pl.dat	kłamstwom
kłamstwo	N	pl.gen	kłamstw
kłamstwo	N	pl.ins	kłamstwami
kłamstwo	N	pl.loc	kłamstwach
kłamstwo	N	pl.nom	kłamstwa
kłamstwo	N	pl.voc	kłamstwa
kłamstwo	N	sg.acc	kłamstwo
kłamstwo	N	sg.dat	kłamstwu
kłamstwo	N	sg.gen	kłamstwa
kłamstwo	N	sg.ins	kłamstwem
kłamstwo	N	sg.loc	kłamstwie
kłamstwo	N	sg.nom	kłamstwo
kłamstwo	N	sg.voc	kłamstwo
klasa	N	pl.acc	klasy
klasa	N	pl.dat	klasom
klasa	N	pl.gen	klas
klasa	N	pl.ins	klasami
klasa	N	pl.loc	klasach
klasa	N	pl.nom	klasy
klasa	N	pl.voc	klasy
klasa	N	sg.acc	klasę
klasa	N	sg.dat	klasie
klasa	N	sg.gen	klasy
klasa	N	sg.ins	klasą
klasa	N	sg.loc	klasie
klasa	N	sg.nom	klasa
klasa	N	sg.voc	klaso
klatka	N	pl.acc	klatki
klatka	N	pl.dat	klatkom
klatka	N	pl.gen	klatek
klatka	N	pl.ins	klatkami
klatka	N	pl.loc	klatkach
klatka	N	pl.nom	klatki
klatka	N	pl.voc	klatki
klatka	N	sg.acc	klatkę
klatka	N	sg.dat	klatce
klatka	N	sg.gen	klatki
klatka	N	sg.ins	klatką
klatka	N	sg.loc	klatce
klatka	N	sg.nom	klatka
klatka	N	sg.voc	klatko
kłopot	N	pl.acc	kłopoty
kłopot	N	pl.dat	kłopotom
kłopot	N	pl.gen	kłopotów
kłopot	N	pl.ins	kłopotami
kłopot	N	pl.loc	kłopotach
kłopot	N	pl.nom	kłopoty
kłopot	N	pl.voc	kłopoty
kłopot	N	sg.acc	kłopot
kłopot	N	sg.dat	kłopotowi
kłopot	N	sg.gen	kłopotu
kłopot	N	sg.ins	kłopotem
kłopot	N	sg.loc	kłopocie
kłopot	N	sg.nom	kłopot
kłopot	N	sg.voc	kłopocie
klub	N	pl.acc	kluby
klub	N	pl.dat	klubom
klub	N	pl.gen	klubów
klub	N	pl.ins	klubami
klub	N	pl.loc	klubach
klub	N	pl.nom	kluby
klub	N	pl.voc	kluby
klub	N	sg.acc	klub
klub	N	sg.dat	klubowi
klub	N	sg.gen	klubu
klub	N	sg.ins	klubem
klub	N	sg.loc	klubie
klub	N	sg.nom	klub
klub	N	sg.voc	klubie
klucz	N	pl.acc	klucze
klucz	N	pl.dat	kluczom
klucz	N	pl.gen	kluczy
klucz	N	pl.ins	kluczami
klucz	N	pl.loc	kluczach
klucz	N	pl.nom	klucze
klucz	N	pl.voc	klucze
klucz	N	sg.acc	klucz
klucz	N	sg.dat	kluczowi
klucz	N	sg.gen	klucza
klucz	N	sg.ins	kluczem
klucz	N	sg.loc	kluczu
klucz	N	sg.nom	klucz
klucz	N	sg.voc	kluczu
kobieta	N	pl.acc	kobiety
kobieta	N	pl.dat	kobietom
kobieta	N	pl.gen	kobiet
kobieta	N	pl.ins	kobietami
kobieta	N	pl.loc	kobietach
kobieta	N	pl.nom	kobiety
kobieta	N	pl.voc	kobiety
kobieta	N	sg.acc	kobietę
kobieta	N	sg.dat	kobiecie
kobieta	N	sg.gen	kobiety
kobieta	N	sg.ins	kobietą
kobieta	N	sg.loc	kobiecie
kobieta	N	sg.nom	kobieta
kobieta	N	sg.voc	kobieto
kochać	V	cond.p1.pl	kochałybyśmy
kochać	V	cond.p1.pl.m.hum	kochalibyśmy
kochać	V	cond.p1.sg.f	kochałabym
kochać	V	cond.p1.sg.m	kochałbym
kochać	V	cond.p2.pl	kochałybyście
kochać	V	cond.p2.pl.m.hum	kochalibyście
kochać	V	cond.p2.sg.f	kochałabyś
kochać	V	cond.p2.sg.m	kochałbyś
kochać	V	cond.p3.pl	kochałyby
kochać	V	cond.p3.pl.m.hum	kochaliby
kochać	V	cond.p3.sg.f	kochałaby
kochać	V	cond.p3.sg.m	kochałby
kochać	V	cond.p3.sg.n	kochałoby
kochać	V	fut.p1.pl	będziemy kochały
kochać	V	fut.p1.pl.m.hum	będziemy kochali
kochać	V	fut.p1.sg.f	będę kochała
kochać	V	fut.p1.sg.m	będę kochał
kochać	V	fut.p2.pl	będziecie kochały
kochać	V	fut.p2.pl.m.hum	będziecie kochali
kochać	V	fut.p2.sg.f	będziesz kochała
kochać	V	fut.p2.sg.m	będziesz kochał
kochać	V	fut.p3.pl	będą kochały
kochać	V	fut.p3.pl.m.hum	będą kochali
kochać	V	fut.p3.sg.f	będzie kochała
kochać	V	fut.p3.sg.m	będzie kochał
kochać	V	fut.p3.sg.n	będzie kochało
kochać	V	imp.p1.pl	kochajmy
kochać	V	imp.p2.pl	kochajcie
kochać	V	imp.p2.sg	kochaj
kochać	V	imp.p3.pl	niech kochają
kochać	V	imp.p3.sg	niech kocha
kochać	V	past.p1.pl	kochałyśmy
kochać	V	past.p1.pl.m.hum	kochaliśmy
kochać	V	past.p1.sg.f	kochałam
kochać	V	past.p1.sg.m	kochałem
kochać	V	past.p2.pl	kochałyście
kochać	V	past.p2.pl.m.hum	kochaliście
kochać	V	past.p2.sg.f	kochałaś
kochać	V	past.p2.sg.m	kochałeś
kochać	V	past.p3.pl	kochały
kochać	V	past.p3.pl.m.hum	kochali
kochać	V	past.p3.sg.f	kochała
kochać	V	past.p3.sg.m	kochał
kochać	V	past.p3.sg.n	kochało
kochać	V	pres.p1.pl	kochamy
kochać	V	pres.p1.sg	kocham
kochać	V	pres.p2.pl	kochacie
kochać	V	pres.p2.sg	kochasz
kochać	V	pres.p3.pl	kochają
kochać	V	pres.p3.sg	kocha
kolacja	N	pl.acc	kolacje
kolacja	N	pl.dat	kolacjom
kolacja	N	pl.gen	kolacji
kolacja	N	pl.ins	kolacjami
kolacja	N	pl.loc	kolacjach
kolacja	N	pl.nom	kolacje
kolacja	N	pl.voc	kolacje
kolacja	N	sg.acc	kolację
kolacja	N	sg.dat	kolacji
kolacja	N	sg.gen	kolacji
kolacja	N	sg.ins	kolacją
kolacja	N	sg.loc	kolacji
kolacja	N	sg.nom	kolacja
kolacja	N	sg.voc	kolacjo
kolano	N	pl.acc	kolana
kolano	N	pl.dat	kolanom
kolano	N	pl.gen	kolan
kolano	N	pl.ins	kolanami
kolano	N	pl.loc	kolanach
kolano	N	pl.nom	kolana
kolano	N	pl.voc	kolana
kolano	N	sg.acc	kolano
kolano	N	sg.dat	kolanu
kolano	N	sg.gen	kolana
kolano	N	sg.ins	kolanem
kolano	N	sg.loc	kolanie
kolano	N	sg.nom	kolano
kolano	N	sg.voc	kolano
kolega	N	pl.acc	kolegów
kolega	N	pl.dat	kolegom
kolega	N	pl.gen	kolegów
kolega	N	pl.ins	kolegami
kolega	N	pl.loc	kolegach
kolega	N	pl.nom	koledzy
kolega	N	pl.voc	koledzy
kolega	N	sg.acc	kolegę
kolega	N	sg.dat	koledze
kolega	N	sg.gen	kolegi
kolega	N	sg.ins	kolegą
kolega	N	sg.loc	koledze
kolega	N	sg.nom	kolega
kolega	N	sg.voc	kolego
kolej	N	pl.acc	koleje
kolej	N	pl.dat	kolejom
kolej	N	pl.gen	kolei
kolej	N	pl.ins	kolejami
kolej	N	pl.loc	kolejach
kolej	N	pl.nom	koleje
kolej	N	pl.voc	koleje
kolej	N	sg.acc	kolej
kolej	N	sg.dat	kolei
kolej	N	sg.gen	kolei
kolej	N	sg.ins	koleją
kolej	N	sg.loc	kolei
kolej	N	sg.nom	kolej
kolej	N	sg.voc	kolei
kolejny	A	pl.acc	kolejne
kolejny	A	pl.dat	kolejnym
kolejny	A	pl.gen	kolejnych
kolejny	A	pl.ins	kolejnymi
kolejny	A	pl.loc	kolejnych
kolejny	A	pl.m.hum.acc	kolejnych
kolejny	A	pl.m.hum.nom	kolejni
kolejny	A	pl.nom	kolejne
kolejny	A	sg.f.acc	kolejną
kolejny	A	sg.f.dat	kolejnej
kolejny	A	sg.f.gen	kolejnej
kolejny	A	sg.f.ins	kolejną
kolejny	A	sg.f.loc	kolejnej
kolejny	A	sg.f.nom	kolejna
kolejny	A	sg.m.anim.acc	kolejnego
kolejny	A	sg.m.dat	kolejnemu
kolejny	A	sg.m.gen	kolejnego
kolejny	A	sg.m.hum.acc	kolejnego
kolejny	A	sg.m.inan.acc	kolejny
kolejny	A	sg.m.ins	kolejnym
kolejny	A	sg.m.loc	kolejnym
kolejny	A	sg.m.nom	kolejny
kolejny	A	sg.n.acc	kolejne
kolejny	A	sg.n.dat	kolejnemu
kolejny	A	sg.n.gen	kolejnego
kolejny	A	sg.n.ins	kolejnym
kolejny	A	sg.n.loc	kolejnym
kolejny	A	sg.n.nom	kolejne
komórka	N	pl.acc	komórki
komórka	N	pl.dat	komórkom
komórka	N	pl.gen	komórek
komórka	N	pl.ins	komórkami
komórka	N	pl.loc	komórkach
komórka	N	pl.nom	komórki
komórka	N	pl.voc	komórki
komórka	N	sg.acc	komórkę
komórka	N	sg.dat	komórce
komórka	N	sg.gen	komórki
komórka	N	sg.ins	komórką
komórka	N	sg.loc	komórce
komórka	N	sg.nom	komórka
komórka	N	sg.voc	komórko
komputer	N	pl.acc	komputery
komputer	N	pl.dat	komputerom
komputer	N	pl.gen	komputerów
komputer	N	pl.ins	komputerami
komputer	N	pl.loc	komputerach
komputer	N	pl.nom	komputery
komputer	N	pl.voc	komputery
komputer	N	sg.acc	komputer
komputer	N	sg.dat	komputerowi
komputer	N	sg.gen	komputera
komputer	N	sg.ins	komputerem
komputer	N	sg.loc	komputerze
komputer	N	sg.nom	komputer
komputer	N	sg.voc	komputerze
kontakt	N	pl.acc	kontakty
kontakt	N	pl.dat	kontaktom
kontakt	N	pl.gen	kontaktów
kontakt	N	pl.ins	kontaktami
kontakt	N	pl.loc	kontaktach
kontakt	N	pl.nom	kontakty
kontakt	N	pl.voc	kontakty
kontakt	N	sg.acc	kontakt
kontakt	N	sg.dat	kontaktowi
kontakt	N	sg.gen	kontaktu
kontakt	N	sg.ins	kontaktem
kontakt	N	sg.loc	kontakcie
kontakt	N	sg.nom	kontakt
kontakt	N	sg.voc	kontakcie
konto	N	pl.acc	konta
konto	N	pl.dat	kontom
konto	N	pl.gen	kont
konto	N	pl.ins	kontami
konto	N	pl.loc	kontach
konto	N	pl.nom	konta
konto	N	pl.voc	konta
konto	N	sg.acc	konto
konto	N	sg.dat	kontu
konto	N	sg.gen	konta
konto	N	sg.ins	kontem
konto	N	sg.loc	koncie
konto	N	sg.nom	konto
konto	N	sg.voc	konto
kontrola	N	pl.acc	kontrole
kontrola	N	pl.dat	kontrolom
kontrola	N	pl.gen	kontroli
kontrola	N	pl.ins	kontrolami
kontrola	N	pl.loc	kontrolach
kontrola	N	pl.nom	kontrole
kontrola	N	pl.voc	kontrole
kontrola	N	sg.acc	kontrolę
kontrola	N	sg.dat	kontroli
kontrola	N	sg.gen	kontroli
kontrola	N	sg.ins	kontrolą
kontrola	N	sg.loc	kontroli
kontrola	N	sg.nom	kontrola
kontrola	N	sg.voc	kontrolo
kontrolować	V	cond.p1.pl	kontrolowałybyśmy
kontrolować	V	cond.p1.pl.m.hum	kontrolowalibyśmy
kontrolować	V	cond.p1.sg.f	kontrolowałabym
kontrolować	V	cond.p1.sg.m	kontrolowałbym
kontrolować	V	cond.p2.pl	kontrolowałybyście
kontrolować	V	cond.p2.pl.m.hum	kontrolowalibyście
kontrolować	V	cond.p2.sg.f	kontrolowałabyś
kontrolować	V	cond.p2.sg.m	kontrolowałbyś
kontrolować	V	cond.p3.pl	kontrolowałyby
kontrolować	V	cond.p3.pl.m.hum	kontrolowaliby
kontrolować	V	cond.p3.sg.f	kontrolowałaby
kontrolować	V	cond.p3.sg.m	kontrolowałby
kontrolować	V	cond.p3.sg.n	kontrolowałoby
kontrolować	V	fut.p1.pl	będziemy kontrolowały
kontrolować	V	fut.p1.pl.m.hum	będziemy kontrolowali
kontrolować	V	fut.p1.sg.f	będę kontrolowała
kontrolować	V	fut.p1.sg.m	będę kontrolował
kontrolować	V	fut.p2.pl	będziecie kontrolowały
kontrolować	V	fut.p2.pl.m.hum	będziecie kontrolowali
kontrolować	V	fut.p2.sg.f	będziesz kontrolowała
kontrolować	V	fut.p2.sg.m	będziesz kontrolował
kontrolować	V	fut.p3.pl	będą kontrolowały
kontrolować	V	fut.p3.pl.m.hum	będą kontrolowali
kontrolować	V	fut.p3.sg.f	będzie kontrolowała
kontrolować	V	fut.p3.sg.m	będzie kontrolował
kontrolować	V	fut.p3.sg.n	będzie kontrolowało
kontrolować	V	imp.p1.pl	kontrolujmy
kontrolować	V	imp.p2.pl	kontrolujcie
kontrolować	V	imp.p2.sg	kontroluj
kontrolować	V	imp.p3.pl	niech kontrolują
kontrolować	V	imp.p3.sg	niech kontroluje
kontrolować	V	past.p1.pl	kontrolowałyśmy
kontrolować	V	past.p1.pl.m.hum	kontrolowaliśmy
kontrolować	V	past.p1.sg.f	kontrolowałam
kontrolować	V	past.p1.sg.m	kontrolowałem
kontrolować	V	past.p2.pl	kontrolowałyście
kontrolować	V	past.p2.pl.m.hum	kontrolowaliście
kontrolować	V	past.p2.sg.f	kontrolowałaś
kontrolować	V	past.p2.sg.m	kontrolowałeś
kontrolować	V	past.p3.pl	kontrolowały
kontrolować	V	past.p3.pl.m.hum	kontrolowali
kontrolować	V	past.p3.sg.f	kontrolowała
kontrolować	V	past.p3.sg.m	kontrolował
kontrolować	V	past.p3.sg.n	kontrolowało
kontrolować	V	pres.p1.pl	kontrolujemy
kontrolować	V	pres.p1.sg	kontroluję
kontrolować	V	pres.p2.pl	kontrolujecie
kontrolować	V	pres.p2.sg	kontrolujesz
kontrolować	V	pres.p3.pl	kontrolują
kontrolować	V	pres.p3.sg	kontroluje
korytarz	N	pl.acc	korytarze
korytarz	N	pl.dat	korytarzom
korytarz	N	pl.gen	korytarzy
korytarz	N	pl.ins	korytarzami
korytarz	N	pl.loc	korytarzach
korytarz	N	pl.nom	korytarze
korytarz	N	pl.voc	korytarze
korytarz	N	sg.acc	korytarz
korytarz	N	sg.dat	korytarzowi
korytarz	N	sg.gen	korytarza
korytarz	N	sg.ins	korytarzem
korytarz	N	sg.loc	korytarzu
korytarz	N	sg.nom	korytarz
korytarz	N	sg.voc	korytarzu
kościół	N	pl.acc	kościoły
kościół	N	pl.dat	kościołom
kościół	N	pl.gen	kościołów
kościół	N	pl.ins	kościołami
kościół	N	pl.loc	kościołach
kościół	N	pl.nom	kościoły
kościół	N	pl.voc	kościoły
kościół	N	sg.acc	kościół
kościół	N	sg.dat	kościołowi
kościół	N	sg.gen	kościoła
kościół	N	sg.ins	kościołem
kościół	N	sg.loc	kościele
kościół	N	sg.nom	kościół
kościół	N	sg.voc	kościele
koszmar	N	pl.acc	koszmary
koszmar	N	pl.dat	koszmarom
koszmar	N	pl.gen	koszmarów
koszmar	N	pl.ins	koszmarami
koszmar	N	pl.loc	koszmarach
koszmar	N	pl.nom	koszmary
koszmar	N	pl.voc	koszmary
koszmar	N	sg.acc	koszmar
koszmar	N	sg.dat	koszmarowi
koszmar	N	sg.gen	koszmaru
koszmar	N	sg.ins	koszmarem
koszmar	N	sg.loc	koszmarze
koszmar	N	sg.nom	koszmar
koszmar	N	sg.voc	koszmarze
kosztować	V	cond.p1.pl	kosztowałybyśmy
kosztować	V	cond.p1.pl.m.hum	kosztowalibyśmy
kosztować	V	cond.p1.sg.f	kosztowałabym
kosztować	V	cond.p1.sg.m	kosztowałbym
kosztować	V	cond.p2.pl	kosztowałybyście
kosztować	V	cond.p2.pl.m.hum	kosztowalibyście
kosztować	V	cond.p2.sg.f	kosztowałabyś
kosztować	V	cond.p2.sg.m	kosztowałbyś
kosztować	V	cond.p3.pl	kosztowałyby
kosztować	V	cond.p3.pl.m.hum	kosztowaliby
kosztować	V	cond.p3.sg.f	kosztowałaby
kosztować	V	cond.p3.sg.m	kosztowałby
kosztować	V	cond.p3.sg.n	kosztowałoby
kosztować	V	fut.p1.pl	będziemy kosztowały
kosztować	V	fut.p1.pl.m.hum	będziemy kosztowali
kosztować	V	fut.p1.sg.f	będę kosztowała
kosztować	V	fut.p1.sg.m	będę kosztował
kosztować	V	fut.p2.pl	będziecie kosztowały
kosztować	V	fut.p2.pl.m.hum	będziecie kosztowali
kosztować	V	fut.p2.sg.f	będziesz kosztowała
kosztować	V	fut.p2.sg.m	będziesz kosztował
kosztować	V	fut.p3.pl	będą kosztowały
kosztować	V	fut.p3.pl.m.hum	będą kosztowali
kosztować	V	fut.p3.sg.f	będzie kosztowała
kosztować	V	fut.p3.sg.m	będzie kosztował
kosztować	V	fut.p3.sg.n	będzie kosztowało
kosztować	V	imp.p1.pl	kosztujmy
kosztować	V	imp.p2.pl	kosztujcie
kosztować	V	imp.p2.sg	kosztuj
kosztować	V	imp.p3.pl	niech kosztują
kosztować	V	imp.p3.sg	niech kosztuje
kosztować	V	past.p1.pl	kosztowałyśmy
kosztować	V	past.p1.pl.m.hum	kosztowaliśmy
kosztować	V	past.p1.sg.f	kosztowałam
kosztować	V	past.p1.sg.m	kosztowałem
kosztować	V	past.p2.pl	kosztowałyście
kosztować	V	past.p2.pl.m.hum	kosztowaliście
kosztować	V	past.p2.sg.f	kosztowałaś
kosztować	V	past.p2.sg.m	kosztowałeś
kosztować	V	past.p3.pl	kosztowały
kosztować	V	past.p3.pl.m.hum	kosztowali
kosztować	V	past.p3.sg.f	kosztowała
kosztować	V	past.p3.sg.m	kosztował
kosztować	V	past.p3.sg.n	kosztowało
kosztować	V	pres.p1.pl	kosztujemy
kosztować	V	pres.p1.sg	kosztuję
kosztować	V	pres.p2.pl	kosztujecie
kosztować	V	pres.p2.sg	kosztujesz
kosztować	V	pres.p3.pl	kosztują
kosztować	V	pres.p3.sg	kosztuje
koszula	N	pl.acc	koszule
koszula	N	pl.dat	koszulom
koszula	N	pl.gen	koszul
koszula	N	pl.ins	koszulami
koszula	N	pl.loc	koszulach
koszula	N	pl.nom	koszule
koszula	N	pl.voc	koszule
koszula	N	sg.acc	koszulę
koszula	N	sg.dat	koszuli
koszula	N	sg.gen	koszuli
koszula	N	sg.ins	koszulą
koszula	N	sg.loc	koszuli
koszula	N	sg.nom	koszula
koszula	N	sg.voc	koszulo
kot	N	pl.acc	koty
kot	N	pl.dat	kotom
kot	N	pl.gen	kotów
kot	N	pl.ins	kotami
kot	N	pl.loc	kotach
kot	N	pl.nom	koty
kot	N	pl.voc	koty
kot	N	sg.acc	kota
kot	N	sg.dat	kotu
kot	N	sg.gen	kota
kot	N	sg.ins	kotem
kot	N	sg.loc	kocie
kot	N	sg.nom	kot
kot	N	sg.voc	kocie
kotek	N	pl.acc	kotki
kotek	N	pl.dat	kotkom
kotek	N	pl.gen	kotków
kotek	N	pl.ins	kotkami
kotek	N	pl.loc	kotkach
kotek	N	pl.nom	kotki
kotek	N	pl.voc	kotki
kotek	N	sg.acc	kotka
kotek	N	sg.dat	kotkowi
kotek	N	sg.gen	kotka
kotek	N	sg.ins	kotkiem
kotek	N	sg.loc	kotku
kotek	N	sg.nom	kotek
kotek	N	sg.voc	kotku
kradzież	N	pl.acc	kradzieże
kradzież	N	pl.dat	kradzieżom
kradzież	N	pl.gen	kradzieży
kradzież	N	pl.ins	kradzieżami
kradzież	N	pl.loc	kradzieżach
kradzież	N	pl.nom	kradzieże
kradzież	N	pl.voc	kradzieże
kradzież	N	sg.acc	kradzież
kradzież	N	sg.dat	kradzieży
kradzież	N	sg.gen	kradzieży
kradzież	N	sg.ins	kradzieżą
kradzież	N	sg.loc	kradzieży
kradzież	N	sg.nom	kradzież
kradzież	N	sg.voc	kradzieży
kraj	N	pl.acc	kraje
kraj	N	pl.dat	krajom
kraj	N	pl.gen	krajów
kraj	N	pl.ins	krajami
kraj	N	pl.loc	krajach
kraj	N	pl.nom	kraje
kraj	N	pl.voc	kraje
kraj	N	sg.acc	kraj
kraj	N	sg.dat	krajowi
kraj	N	sg.gen	kraju
kraj	N	sg.ins	krajem
kraj	N	sg.loc	kraju
kraj	N	sg.nom	kraj
kraj	N	sg.voc	kraju
kraść	V	cond.p1.pl	kradłybyśmy
kraść	V	cond.p1.pl.m.hum	kradlibyśmy
kraść	V	cond.p1.sg.f	kradłabym
kraść	V	cond.p1.sg.m	kradłbym
kraść	V	cond.p2.pl	kradłybyście
kraść	V	cond.p2.pl.m.hum	kradlibyście
kraść	V	cond.p2.sg.f	kradłabyś
kraść	V	cond.p2.sg.m	kradłbyś
kraść	V	cond.p3.pl	kradłyby
kraść	V	cond.p3.pl.m.hum	kradliby
kraść	V	cond.p3.sg.f	kradłaby
kraść	V	cond.p3.sg.m	kradłby
kraść	V	cond.p3.sg.n	kradłoby
kraść	V	fut.p1.pl	będziemy kradły
kraść	V	fut.p1.pl.m.hum	będziemy kradli
kraść	V	fut.p1.sg.f	będę kradła
kraść	V	fut.p1.sg.m	będę kradł
kraść	V	fut.p2.pl	będziecie kradły
kraść	V	fut.p2.pl.m.hum	będziecie kradli
kraść	V	fut.p2.sg.f	będziesz kradła
kraść	V	fut.p2.sg.m	będziesz kradł
kraść	V	fut.p3.pl	będą kradły
kraść	V	fut.p3.pl.m.hum	będą kradli
kraść	V	fut.p3.sg.f	będzie kradła
kraść	V	fut.p3.sg.m	będzie kradł
kraść	V	fut.p3.sg.n	będzie kradło
kraść	V	imp.p1.pl	kradnijmy
kraść	V	imp.p2.pl	kradnijcie
kraść	V	imp.p2.sg	kradnij
kraść	V	imp.p3.pl	niech kradną
kraść	V	imp.p3.sg	niech kradnie
kraść	V	past.p1.pl	kradłyśmy
kraść	V	past.p1.pl.m.hum	kradliśmy
kraść	V	past.p1.sg.f	kradłam
kraść	V	past.p1.sg.m	kradłem
kraść	V	past.p2.pl	kradłyście
kraść	V	past.p2.pl.m.hum	kradliście
kraść	V	past.p2.sg.f	kradłaś
kraść	V	past.p2.sg.m	kradłeś
kraść	V	past.p3.pl	kradły
kraść	V	past.p3.pl.m.hum	kradli
kraść	V	past.p3.sg.f	kradła
kraść	V	past.p3.sg.m	kradł
kraść	V	past.p3.sg.n	kradło
kraść	V	pres.p1.pl	kradniemy
kraść	V	pres.p1.sg	kradnę
kraść	V	pres.p2.pl	kradniecie
kraść	V	pres.p2.sg	kradniesz
kraść	V	pres.p3.pl	kradną
kraść	V	pres.p3.sg	kradnie
kręcić	V	cond.p1.pl	kręciłybyśmy
kręcić	V	cond.p1.pl.m.hum	kręcilibyśmy
kręcić	V	cond.p1.sg.f	kręciłabym
kręcić	V	cond.p1.sg.m	kręciłbym
kręcić	V	cond.p2.pl	kręciłybyście
kręcić	V	cond.p2.pl.m.hum	kręcilibyście
kręcić	V	cond.p2.sg.f	kręciłabyś
kręcić	V	cond.p2.sg.m	kręciłbyś
kręcić	V	cond.p3.pl	kręciłyby
kręcić	V	cond.p3.pl.m.hum	kręciliby
kręcić	V	cond.p3.sg.f	kręciłaby
kręcić	V	cond.p3.sg.m	kręciłby
kręcić	V	cond.p3.sg.n	kręciłoby
kręcić	V	fut.p1.pl	będziemy kręciły
kręcić	V	fut.p1.pl.m.hum	będziemy kręcili
kręcić	V	fut.p1.sg.f	będę kręciła
kręcić	V	fut.p1.sg.m	będę kręcił
kręcić	V	fut.p2.pl	będziecie kręciły
kręcić	V	fut.p2.pl.m.hum	będziecie kręcili
kręcić	V	fut.p2.sg.f	będziesz kręciła
kręcić	V	fut.p2.sg.m	będziesz kręcił
kręcić	V	fut.p3.pl	będą kręciły
kręcić	V	fut.p3.pl.m.hum	będą kręcili
kręcić	V	fut.p3.sg.f	będzie kręciła
kręcić	V	fut.p3.sg.m	będzie kręcił
kręcić	V	fut.p3.sg.n	będzie kręciło
kręcić	V	imp.p1.pl	kręćmy
kręcić	V	imp.p2.pl	kręćcie
kręcić	V	imp.p2.sg	kręć
kręcić	V	imp.p3.pl	niech kręcą
kręcić	V	imp.p3.sg	niech kręci
kręcić	V	past.p1.pl	kręciłyśmy
kręcić	V	past.p1.pl.m.hum	kręciliśmy
kręcić	V	past.p1.sg.f	kręciłam
kręcić	V	past.p1.sg.m	kręciłem
kręcić	V	past.p2.pl	kręciłyście
kręcić	V	past.p2.pl.m.hum	kręciliście
kręcić	V	past.p2.sg.f	kręciłaś
kręcić	V	past.p2.sg.m	kręciłeś
kręcić	V	past.p3.pl	kręciły
kręcić	V	past.p3.pl.m.hum	kręcili
kręcić	V	past.p3.sg.f	kręciła
kręcić	V	past.p3.sg.m	kręcił
kręcić	V	past.p3.sg.n	kręciło
kręcić	V	pres.p1.pl	kręcimy
kręcić	V	pres.p1.sg	kręcę
kręcić	V	pres.p2.pl	kręcicie
kręcić	V	pres.p2.sg	kręcisz
kręcić	V	pres.p3.pl	kręcą
kręcić	V	pres.p3.sg	kręci
krok	N	pl.acc	kroki
krok	N	pl.dat	krokom
krok	N	pl.gen	kroków
krok	N	pl.ins	krokami
krok	N	pl.loc	krokach
krok	N	pl.nom	kroki
krok	N	pl.voc	kroki
krok	N	sg.acc	krok
krok	N	sg.dat	krokowi
krok	N	sg.gen	kroku
krok	N	sg.ins	krokiem
krok	N	sg.loc	kroku
krok	N	sg.nom	krok
krok	N	sg.voc	kroku
krótki	A	pl.acc	krótkie
krótki	A	pl.dat	krótkim
krótki	A	pl.gen	krótkich
krótki	A	pl.ins	krótkimi
krótki	A	pl.loc	krótkich
krótki	A	pl.m.hum.acc	krótkich
krótki	A	pl.m.hum.nom	krótcy
krótki	A	pl.nom	krótkie
krótki	A	sg.f.acc	krótką
krótki	A	sg.f.dat	krótkiej
krótki	A	sg.f.gen	krótkiej
krótki	A	sg.f.ins	krótką
krótki	A	sg.f.loc	krótkiej
krótki	A	sg.f.nom	krótka
krótki	A	sg.m.anim.acc	krótkiego
krótki	A	sg.m.dat	krótkiemu
krótki	A	sg.m.gen	krótkiego
krótki	A	sg.m.hum.acc	krótkiego
krótki	A	sg.m.inan.acc	krótki
krótki	A	sg.m.ins	krótkim
krótki	A	sg.m.loc	krótkim
krótki	A	sg.m.nom	krótki
krótki	A	sg.n.acc	krótkie
krótki	A	sg.n.dat	krótkiemu
krótki	A	sg.n.gen	krótkiego
krótki	A	sg.n.ins	krótkim
krótki	A	sg.n.loc	krótkim
krótki	A	sg.n.nom	krótkie
krzyczeć	V	cond.p1.pl	krzyczałybyśmy
krzyczeć	V	cond.p1.pl.m.hum	krzyczelibyśmy
krzyczeć	V	cond.p1.sg.f	krzyczałabym
krzyczeć	V	cond.p1.sg.m	krzyczałbym
krzyczeć	V	cond.p2.pl	krzyczałybyście
krzyczeć	V	cond.p2.pl.m.hum	krzyczelibyście
krzyczeć	V	cond.p2.sg.f	krzyczałabyś
krzyczeć	V	cond.p2.sg.m	krzyczałbyś
krzyczeć	V	cond.p3.pl	krzyczałyby
krzyczeć	V	cond.p3.pl.m.hum	krzyczeliby
krzyczeć	V	cond.p3.sg.f	krzyczałaby
krzyczeć	V	cond.p3.sg.m	krzyczałby
krzyczeć	V	cond.p3.sg.n	krzyczałoby
krzyczeć	V	fut.p1.pl	będziemy krzyczały
krzyczeć	V	fut.p1.pl.m.hum	będziemy krzyczeli
krzyczeć	V	fut.p1.sg.f	będę krzyczała
krzyczeć	V	fut.p1.sg.m	będę krzyczał
krzyczeć	V	fut.p2.pl	będziecie krzyczały
krzyczeć	V	fut.p2.pl.m.hum	będziecie krzyczeli
krzyczeć	V	fut.p2.sg.f	będziesz krzyczała
krzyczeć	V	fut.p2.sg.m	będziesz krzyczał
krzyczeć	V	fut.p3.pl	będą krzyczały
krzyczeć	V	fut.p3.pl.m.hum	będą krzyczeli
krzyczeć	V	fut.p3.sg.f	będzie krzyczała
krzyczeć	V	fut.p3.sg.m	będzie krzyczał
krzyczeć	V	fut.p3.sg.n	będzie krzyczało
krzyczeć	V	imp.p1.pl	krzyczmy
krzyczeć	V	imp.p2.pl	krzyczcie
krzyczeć	V	imp.p2.sg	krzycz
krzyczeć	V	imp.p3.pl	niech krzyczą
krzyczeć	V	imp.p3.sg	niech krzyczy
krzyczeć	V	past.p1.pl	krzyczałyśmy
krzyczeć	V	past.p1.pl.m.hum	krzyczeliśmy
krzyczeć	V	past.p1.sg.f	krzyczałam
krzyczeć	V	past.p1.sg.m	krzyczałem
krzyczeć	V	past.p2.pl	krzyczałyście
krzyczeć	V	past.p2.pl.m.hum	krzyczeliście
krzyczeć	V	past.p2.sg.f	krzyczałaś
krzyczeć	V	past.p2.sg.m	krzyczałeś
krzyczeć	V	past.p3.pl	krzyczały
krzyczeć	V	past.p3.pl.m.hum	krzyczeli
krzyczeć	V	past.p3.sg.f	krzyczała
krzyczeć	V	past.p3.sg.m	krzyczał
krzyczeć	V	past.p3.sg.n	krzyczało
krzyczeć	V	pres.p1.pl	krzyczymy
krzyczeć	V	pres.p1.sg	krzyczę
krzyczeć	V	pres.p2.pl	krzyczycie
krzyczeć	V	pres.p2.sg	krzyczysz
krzyczeć	V	pres.p3.pl	krzyczą
krzyczeć	V	pres.p3.sg	krzyczy
krzywda	N	pl.acc	krzywdy
krzywda	N	pl.dat	krzywdom
krzywda	N	pl.gen	krzywd
krzywda	N	pl.ins	krzywdami
krzywda	N	pl.loc	krzywdach
krzywda	N	pl.nom	krzywdy
krzywda	N	pl.voc	krzywdy
krzywda	N	sg.acc	krzywdę
krzywda	N	sg.dat	krzywdzie
krzywda	N	sg.gen	krzywdy
krzywda	N	sg.ins	krzywdą
krzywda	N	sg.loc	krzywdzie
krzywda	N	sg.nom	krzywda
krzywda	N	sg.voc	krzywdo
książę	N	pl.acc	książąt
książę	N	pl.dat	książętom
książę	N	pl.gen	książąt
książę	N	pl.ins	książętami
książę	N	pl.loc	książętach
książę	N	pl.nom	książęta
książę	N	pl.voc	książęta
książę	N	sg.acc	księcia
książę	N	sg.dat	księciu
książę	N	sg.gen	księcia
książę	N	sg.ins	księciem
książę	N	sg.loc	księciu
książę	N	sg.nom	książę
książę	N	sg.voc	książę
księżniczka	N	pl.acc	księżniczki
księżniczka	N	pl.dat	księżniczkom
księżniczka	N	pl.gen	księżniczek
księżniczka	N	pl.ins	księżniczkami
księżniczka	N	pl.loc	księżniczkach
księżniczka	N	pl.nom	księżniczki
księżniczka	N	pl.voc	księżniczki
księżniczka	N	sg.acc	księżniczkę
księżniczka	N	sg.dat	księżniczce
księżniczka	N	sg.gen	księżniczki
księżniczka	N	sg.ins	księżniczką
księżniczka	N	sg.loc	księżniczce
księżniczka	N	sg.nom	księżniczka
księżniczka	N	sg.voc	księżniczko
kuchnia	N	pl.acc	kuchnie
kuchnia	N	pl.dat	kuchniom
kuchnia	N	pl.gen	kuchni
kuchnia	N	pl.ins	kuchniami
kuchnia	N	pl.loc	kuchniach
kuchnia	N	pl.nom	kuchnie
kuchnia	N	pl.voc	kuchnie
kuchnia	N	sg.acc	kuchnię
kuchnia	N	sg.dat	kuchni
kuchnia	N	sg.gen	kuchni
kuchnia	N	sg.ins	kuchnią
kuchnia	N	sg.loc	kuchni
kuchnia	N	sg.nom	kuchnia
kuchnia	N	sg.voc	kuchnio
kula	N	pl.acc	kule
kula	N	pl.dat	kulom
kula	N	pl.gen	kul
kula	N	pl.ins	kulami
kula	N	pl.loc	kulach
kula	N	pl.nom	kule
kula	N	pl.voc	kule
kula	N	sg.acc	kulę
kula	N	sg.dat	kuli
kula	N	sg.gen	kuli
kula	N	sg.ins	kulą
kula	N	sg.loc	kuli
kula	N	sg.nom	kula
kula	N	sg.voc	kulo
kumpel	N	pl.acc	kumpli
kumpel	N	pl.dat	kumplom
kumpel	N	pl.gen	kumpli
kumpel	N	pl.ins	kumplami
kumpel	N	pl.loc	kumplach
kumpel	N	pl.nom	kumple
kumpel	N	pl.voc	kumple
kumpel	N	sg.acc	kumpla
kumpel	N	sg.dat	kumplowi
kumpel	N	sg.gen	kumpla
kumpel	N	sg.ins	kumplem
kumpel	N	sg.loc	kumplu
kumpel	N	sg.nom	kumpel
kumpel	N	sg.voc	kumplu
kupa	N	pl.acc	kupy
kupa	N	pl.dat	kupom
kupa	N	pl.gen	kup
kupa	N	pl.ins	kupami
kupa	N	pl.loc	kupach
kupa	N	pl.nom	kupy
kupa	N	pl.voc	kupy
kupa	N	sg.acc	kupę
kupa	N	sg.dat	kupie
kupa	N	sg.gen	kupy
kupa	N	sg.ins	kupą
kupa	N	sg.loc	kupie
kupa	N	sg.nom	kupa
kupa	N	sg.voc	kupo
kupić	V	cond.p1.pl	kupiłybyśmy
kupić	V	cond.p1.pl.m.hum	kupilibyśmy
kupić	V	cond.p1.sg.f	kupiłabym
kupić	V	cond.p1.sg.m	kupiłbym
kupić	V	cond.p2.pl	kupiłybyście
kupić	V	cond.p2.pl.m.hum	kupilibyście
kupić	V	cond.p2.sg.f	kupiłabyś
kupić	V	cond.p2.sg.m	kupiłbyś
kupić	V	cond.p3.pl	kupiłyby
kupić	V	cond.p3.pl.m.hum	kupiliby
kupić	V	cond.p3.sg.f	kupiłaby
kupić	V	cond.p3.sg.m	kupiłby
kupić	V	cond.p3.sg.n	kupiłoby
kupić	V	fut.p1.pl	kupimy
kupić	V	fut.p1.sg	kupię
kupić	V	fut.p2.pl	kupicie
kupić	V	fut.p2.sg	kupisz
kupić	V	fut.p3.pl	kupią
kupić	V	fut.p3.sg	kupi
kupić	V	imp.p1.pl	kupmy
kupić	V	imp.p1.sg	niech kupię
kupić	V	imp.p2.pl	kupcie
kupić	V	imp.p2.sg	kup
kupić	V	imp.p3.pl	niech kupią
kupić	V	imp.p3.sg	niech kupi
kupić	V	past.p1.pl	kupiłyśmy
kupić	V	past.p1.pl.m.hum	kupiliśmy
kupić	V	past.p1.sg.f	kupiłam
kupić	V	past.p1.sg.m	kupiłem
kupić	V	past.p2.pl	kupiłyście
kupić	V	past.p2.pl.m.hum	kupiliście
kupić	V	past.p2.sg.f	kupiłaś
kupić	V	past.p2.sg.m	kupiłeś
kupić	V	past.p3.pl	kupiły
kupić	V	past.p3.pl.m.hum	kupili
kupić	V	past.p3.sg.f	kupiła
kupić	V	past.p3.sg.m	kupił
kupić	V	past.p3.sg.n	kupiło
kupować	V	cond.p1.pl	kupowałybyśmy
kupować	V	cond.p1.pl.m.hum	kupowalibyśmy
kupować	V	cond.p1.sg.f	kupowałabym
kupować	V	cond.p1.sg.m	kupowałbym
kupować	V	cond.p2.pl	kupowałybyście
kupować	V	cond.p2.pl.m.hum	kupowalibyście
kupować	V	cond.p2.sg.f	kupowałabyś
kupować	V	cond.p2.sg.m	kupowałbyś
kupować	V	cond.p3.pl	kupowałyby
kupować	V	cond.p3.pl.m.hum	kupowaliby
kupować	V	cond.p3.sg.f	kupowałaby
kupować	V	cond.p3.sg.m	kupowałby
kupować	V	cond.p3.sg.n	kupowałoby
kupować	V	fut.p1.pl	będziemy kupowały
kupować	V	fut.p1.pl.m.hum	będziemy kupowali
kupować	V	fut.p1.sg.f	będę kupowała
kupować	V	fut.p1.sg.m	będę kupował
kupować	V	fut.p2.pl	będziecie kupowały
kupować	V	fut.p2.pl.m.hum	będziecie kupowali
kupować	V	fut.p2.sg.f	będziesz kupowała
kupować	V	fut.p2.sg.m	będziesz kupował
kupować	V	fut.p3.pl	będą kupowały
kupować	V	fut.p3.pl.m.hum	będą kupowali
kupować	V	fut.p3.sg.f	będzie kupowała
kupować	V	fut.p3.sg.m	będzie kupował
kupować	V	fut.p3.sg.n	będzie kupowało
kupować	V	imp.p1.pl	kupujmy
kupować	V	imp.p2.pl	kupujcie
kupować	V	imp.p2.sg	kupuj
kupować	V	imp.p3.pl	niech kupują
kupować	V	imp.p3.sg	niech kupuje
kupować	V	past.p1.pl	kupowałyśmy
kupować	V	past.p1.pl.m.hum	kupowaliśmy
kupować	V	past.p1.sg.f	kupowałam
kupować	V	past.p1.sg.m	kupowałem
kupować	V	past.p2.pl	kupowałyście
kupować	V	past.p2.pl.m.hum	kupowaliście
kupować	V	past.p2.sg.f	kupowałaś
kupować	V	past.p2.sg.m	kupowałeś
kupować	V	past.p3.pl	kupowały
kupować	V	past.p3.pl.m.hum	kupowali
kupować	V	past.p3.sg.f	kupowała
kupować	V	past.p3.sg.m	kupował
kupować	V	past.p3.sg.n	kupowało
kupować	V	pres.p1.pl	kupujemy
kupować	V	pres.p1.sg	kupuję
kupować	V	pres.p2.pl	kupujecie
kupować	V	pres.p2.sg	kupujesz
kupować	V	pres.p3.pl	kupują
kupować	V	pres.p3.sg	kupuje
kurczak	N	pl.acc	kurczaki
kurczak	N	pl.dat	kurczakom
kurczak	N	pl.gen	kurczaków
kurczak	N	pl.ins	kurczakami
kurczak	N	pl.loc	kurczakach
kurczak	N	pl.nom	kurczaki
kurczak	N	pl.voc	kurczaki
kurczak	N	sg.acc	kurczaka
kurczak	N	sg.dat	kurczakowi
kurczak	N	sg.gen	kurczaka
kurczak	N	sg.ins	kurczakiem
kurczak	N	sg.loc	kurczaku
kurczak	N	sg.nom	kurczak
kurczak	N	sg.voc	kurczaku
kurwa	N	pl.acc	kurwy
kurwa	N	pl.dat	kurwom
kurwa	N	pl.gen	kurew
kurwa	N	pl.ins	kurwami
kurwa	N	pl.loc	kurwach
kurwa	N	pl.nom	kurwy
kurwa	N	pl.voc	kurwy
kurwa	N	sg.acc	kurwę
kurwa	N	sg.dat	kurwie
kurwa	N	sg.gen	kurwy
kurwa	N	sg.ins	kurwą
kurwa	N	sg.loc	kurwie
kurwa	N	sg.nom	kurwa
kurwa	N	sg.voc	kurwo
kwiat	N	pl.acc	kwiaty
kwiat	N	pl.dat	kwiatom
kwiat	N	pl.gen	kwiatów
kwiat	N	pl.ins	kwiatami
kwiat	N	pl.loc	kwiatach
kwiat	N	pl.nom	kwiaty
kwiat	N	pl.voc	kwiaty
kwiat	N	sg.acc	kwiat
kwiat	N	sg.dat	kwiatowi
kwiat	N	sg.gen	kwiatu
kwiat	N	sg.ins	kwiatem
kwiat	N	sg.loc	kwiecie
kwiat	N	sg.nom	kwiat
kwiat	N	sg.voc	kwiecie
laboratorium	N	pl.acc	laboratoria
laboratorium	N	pl.dat	laboratoriom
laboratorium	N	pl.gen	laboratoriów
laboratorium	N	pl.ins	laboratoriami
laboratorium	N	pl.loc	laboratoriach
laboratorium	N	pl.nom	laboratoria
laboratorium	N	pl.voc	laboratoria
laboratorium	N	sg.acc	laboratorium
laboratorium	N	sg.dat	laboratorium
laboratorium	N	sg.gen	laboratorium
laboratorium	N	sg.ins	laboratorium
laboratorium	N	sg.loc	laboratorium
laboratorium	N	sg.nom	laboratorium
laboratorium	N	sg.voc	laboratorium
lada	N	pl.acc	lady
lada	N	pl.dat	ladom
lada	N	pl.gen	lad
lada	N	pl.ins	ladami
lada	N	pl.loc	ladach
lada	N	pl.nom	lady
lada	N	pl.voc	lady
lada	N	sg.acc	ladę
lada	N	sg.dat	ladzie
lada	N	sg.gen	lady
lada	N	sg.ins	ladą
lada	N	sg.loc	ladzie
lada	N	sg.nom	lada
lada	N	sg.voc	lado
ładny	A	pl.acc	ładne
ładny	A	pl.dat	ładnym
ładny	A	pl.gen	ładnych
ładny	A	pl.ins	ładnymi
ładny	A	pl.loc	ładnych
ładny	A	pl.m.hum.acc	ładnych
ładny	A	pl.m.hum.nom	ładni
ładny	A	pl.nom	ładne
ładny	A	sg.f.acc	ładną
ładny	A	sg.f.dat	ładnej
ładny	A	sg.f.gen	ładnej
ładny	A	sg.f.ins	ładną
ładny	A	sg.f.loc	ładnej
ładny	A	sg.f.nom	ładna
ładny	A	sg.m.anim.acc	ładnego
ładny	A	sg.m.dat	ładnemu
ładny	A	sg.m.gen	ładnego
ładny	A	sg.m.hum.acc	ładnego
ładny	A	sg.m.inan.acc	ładny
ładny	A	sg.m.ins	ładnym
ładny	A	sg.m.loc	ładnym
ładny	A	sg.m.nom	ładny
ładny	A	sg.n.acc	ładne
ładny	A	sg.n.dat	ładnemu
ładny	A	sg.n.gen	ładnego
ładny	A	sg.n.ins	ładnym
ładny	A	sg.n.loc	ładnym
ładny	A	sg.n.nom	ładne
łapać	V	cond.p1.pl	łapałybyśmy
łapać	V	cond.p1.pl.m.hum	łapalibyśmy
łapać	V	cond.p1.sg.f	łapałabym
łapać	V	cond.p1.sg.m	łapałbym
łapać	V	cond.p2.pl	łapałybyście
łapać	V	cond.p2.pl.m.hum	łapalibyście
łapać	V	cond.p2.sg.f	łapałabyś
łapać	V	cond.p2.sg.m	łapałbyś
łapać	V	cond.p3.pl	łapałyby
łapać	V	cond.p3.pl.m.hum	łapaliby
łapać	V	cond.p3.sg.f	łapałaby
łapać	V	cond.p3.sg.m	łapałby
łapać	V	cond.p3.sg.n	łapałoby
łapać	V	fut.p1.pl	będziemy łapały
łapać	V	fut.p1.pl.m.hum	będziemy łapali
łapać	V	fut.p1.sg.f	będę łapała
łapać	V	fut.p1.sg.m	będę łapał
łapać	V	fut.p2.pl	będziecie łapały
łapać	V	fut.p2.pl.m.hum	będziecie łapali
łapać	V	fut.p2.sg.f	będziesz łapała
łapać	V	fut.p2.sg.m	będziesz łapał
łapać	V	fut.p3.pl	będą łapały
łapać	V	fut.p3.pl.m.hum	będą łapali
łapać	V	fut.p3.sg.f	będzie łapała
łapać	V	fut.p3.sg.m	będzie łapał
łapać	V	fut.p3.sg.n	będzie łapało
łapać	V	imp.p1.pl	łapmy
łapać	V	imp.p2.pl	łapcie
łapać	V	imp.p2.sg	łap
łapać	V	imp.p3.pl	niech łapią
łapać	V	imp.p3.sg	niech łapie
łapać	V	past.p1.pl	łapałyśmy
łapać	V	past.p1.pl.m.hum	łapaliśmy
łapać	V	past.p1.sg.f	łapałam
łapać	V	past.p1.sg.m	łapałem
łapać	V	past.p2.pl	łapałyście
łapać	V	past.p2.pl.m.hum	łapaliście
łapać	V	past.p2.sg.f	łapałaś
łapać	V	past.p2.sg.m	łapałeś
łapać	V	past.p3.pl	łapały
łapać	V	past.p3.pl.m.hum	łapali
łapać	V	past.p3.sg.f	łapała
łapać	V	past.p3.sg.m	łapał
łapać	V	past.p3.sg.n	łapało
łapać	V	pres.p1.pl	łapiemy
łapać	V	pres.p1.sg	łapię
łapać	V	pres.p2.pl	łapiecie
łapać	V	pres.p2.sg	łapiesz
łapać	V	pres.p3.pl	łapią
łapać	V	pres.p3.sg	łapie
latać	V	cond.p1.pl	latałybyśmy
latać	V	cond.p1.pl.m.hum	latalibyśmy
latać	V	cond.p1.sg.f	latałabym
latać	V	cond.p1.sg.m	latałbym
latać	V	cond.p2.pl	latałybyście
latać	V	cond.p2.pl.m.hum	latalibyście
latać	V	cond.p2.sg.f	latałabyś
latać	V	cond.p2.sg.m	latałbyś
latać	V	cond.p3.pl	latałyby
latać	V	cond.p3.pl.m.hum	lataliby
latać	V	cond.p3.sg.f	latałaby
latać	V	cond.p3.sg.m	latałby
latać	V	cond.p3.sg.n	latałoby
latać	V	fut.p1.pl	będziemy latały
latać	V	fut.p1.pl.m.hum	będziemy latali
latać	V	fut.p1.sg.f	będę latała
latać	V	fut.p1.sg.m	będę latał
latać	V	fut.p2.pl	będziecie latały
latać	V	fut.p2.pl.m.hum	będziecie latali
latać	V	fut.p2.sg.f	będziesz latała
latać	V	fut.p2.sg.m	będziesz latał
latać	V	fut.p3.pl	będą latały
latać	V	fut.p3.pl.m.hum	będą latali
latać	V	fut.p3.sg.f	będzie latała
latać	V	fut.p3.sg.m	będzie latał
latać	V	fut.p3.sg.n	będzie latało
latać	V	imp.p1.pl	latajmy
latać	V	imp.p2.pl	latajcie
latać	V	imp.p2.sg	lataj
latać	V	imp.p3.pl	niech latają
latać	V	imp.p3.sg	niech lata
latać	V	past.p1.pl	latałyśmy
latać	V	past.p1.pl.m.hum	lataliśmy
latać	V	past.p1.sg.f	latałam
latać	V	past.p1.sg.m	latałem
latać	V	past.p2.pl	latałyście
latać	V	past.p2.pl.m.hum	lataliście
latać	V	past.p2.sg.f	latałaś
latać	V	past.p2.sg.m	latałeś
latać	V	past.p3.pl	latały
latać	V	past.p3.pl.m.hum	latali
latać	V	past.p3.sg.f	latała
latać	V	past.p3.sg.m	latał
latać	V	past.p3.sg.n	latało
latać	V	pres.p1.pl	latamy
latać	V	pres.p1.sg	latam
latać	V	pres.p2.pl	latacie
latać	V	pres.p2.sg	latasz
latać	V	pres.p3.pl	latają
latać	V	pres.p3.sg	lata
łatwy	A	pl.acc	łatwe
łatwy	A	pl.dat	łatwym
łatwy	A	pl.gen	łatwych
łatwy	A	pl.ins	łatwymi
łatwy	A	pl.loc	łatwych
łatwy	A	pl.m.hum.acc	łatwych
łatwy	A	pl.m.hum.nom	łatwi
łatwy	A	pl.nom	łatwe
łatwy	A	sg.f.acc	łatwą
łatwy	A	sg.f.dat	łatwej
łatwy	A	sg.f.gen	łatwej
łatwy	A	sg.f.ins	łatwą
łatwy	A	sg.f.loc	łatwej
łatwy	A	sg.f.nom	łatwa
łatwy	A	sg.m.anim.acc	łatwego
łatwy	A	sg.m.dat	łatwemu
łatwy	A	sg.m.gen	łatwego
łatwy	A	sg.m.hum.acc	łatwego
łatwy	A	sg.m.inan.acc	łatwy
łatwy	A	sg.m.ins	łatwym
łatwy	A	sg.m.loc	łatwym
łatwy	A	sg.m.nom	łatwy
łatwy	A	sg.n.acc	łatwe
łatwy	A	sg.n.dat	łatwemu
łatwy	A	sg.n.gen	łatwego
łatwy	A	sg.n.ins	łatwym
łatwy	A	sg.n.loc	łatwym
łatwy	A	sg.n.nom	łatwe
łazienka	N	pl.acc	łazienki
łazienka	N	pl.dat	łazienkom
łazienka	N	pl.gen	łazienek
łazienka	N	pl.ins	łazienkami
łazienka	N	pl.loc	łazienkach
łazienka	N	pl.nom	łazienki
łazienka	N	pl.voc	łazienki
łazienka	N	sg.acc	łazienkę
łazienka	N	sg.dat	łazience
łazienka	N	sg.gen	łazienki
łazienka	N	sg.ins	łazienką
łazienka	N	sg.loc	łazience
łazienka	N	sg.nom	łazienka
łazienka	N	sg.voc	łazienko
lekarstwo	N	pl.acc	lekarstwa
lekarstwo	N	pl.dat	lekarstwom
lekarstwo	N	pl.gen	lekarstew
lekarstwo	N	pl.ins	lekarstwami
lekarstwo	N	pl.loc	lekarstwach
lekarstwo	N	pl.nom	lekarstwa
lekarstwo	N	pl.voc	lekarstwa
lekarstwo	N	sg.acc	lekarstwo
lekarstwo	N	sg.dat	lekarstwu
lekarstwo	N	sg.gen	lekarstwa
lekarstwo	N	sg.ins	lekarstwem
lekarstwo	N	sg.loc	lekarstwie
lekarstwo	N	sg.nom	lekarstwo
lekarstwo	N	sg.voc	lekarstwo
lekarz	N	pl.acc	lekarzy
lekarz	N	pl.dat	lekarzom
lekarz	N	pl.gen	lekarzy
lekarz	N	pl.ins	lekarzami
lekarz	N	pl.loc	lekarzach
lekarz	N	pl.nom	lekarze
lekarz	N	pl.voc	lekarze
lekarz	N	sg.acc	lekarza
lekarz	N	sg.dat	lekarzowi
lekarz	N	sg.gen	lekarza
lekarz	N	sg.ins	lekarzem
lekarz	N	sg.loc	lekarzu
lekarz	N	sg.nom	lekarz
lekarz	N	sg.voc	lekarzu
lekcja	N	pl.acc	lekcje
lekcja	N	pl.dat	lekcjom
lekcja	N	pl.gen	lekcji
lekcja	N	pl.ins	lekcjami
lekcja	N	pl.loc	lekcjach
lekcja	N	pl.nom	lekcje
lekcja	N	pl.voc	lekcje
lekcja	N	sg.acc	lekcję
lekcja	N	sg.dat	lekcji
lekcja	N	sg.gen	lekcji
lekcja	N	sg.ins	lekcją
lekcja	N	sg.loc	lekcji
lekcja	N	sg.nom	lekcja
lekcja	N	sg.voc	lekcjo
lekki	A	pl.acc	lekkie
lekki	A	pl.dat	lekkim
lekki	A	pl.gen	lekkich
lekki	A	pl.ins	lekkimi
lekki	A	pl.loc	lekkich
lekki	A	pl.m.hum.acc	lekkich
lekki	A	pl.m.hum.nom	lekcy
lekki	A	pl.nom	lekkie
lekki	A	sg.f.acc	lekką
lekki	A	sg.f.dat	lekkiej
lekki	A	sg.f.gen	lekkiej
lekki	A	sg.f.ins	lekką
lekki	A	sg.f.loc	lekkiej
lekki	A	sg.f.nom	lekka
lekki	A	sg.m.anim.acc	lekkiego
lekki	A	sg.m.dat	lekkiemu
lekki	A	sg.m.gen	lekkiego
lekki	A	sg.m.hum.acc	lekkiego
lekki	A	sg.m.inan.acc	lekki
lekki	A	sg.m.ins	lekkim
lekki	A	sg.m.loc	lekkim
lekki	A	sg.m.nom	lekki
lekki	A	sg.n.acc	lekkie
lekki	A	sg.n.dat	lekkiemu
lekki	A	sg.n.gen	lekkiego
lekki	A	sg.n.ins	lekkim
lekki	A	sg.n.loc	lekkim
lekki	A	sg.n.nom	lekkie
lepszy	A	pl.acc	lepsze
lepszy	A	pl.dat	lepszym
lepszy	A	pl.gen	lepszych
lepszy	A	pl.ins	lepszymi
lepszy	A	pl.loc	lepszych
lepszy	A	pl.m.hum.acc	lepszych
lepszy	A	pl.m.hum.nom	lepsi
lepszy	A	pl.nom	lepsze
lepszy	A	sg.f.acc	lepszą
lepszy	A	sg.f.dat	lepszej
lepszy	A	sg.f.gen	lepszej
lepszy	A	sg.f.ins	lepszą
lepszy	A	sg.f.loc	lepszej
lepszy	A	sg.f.nom	lepsza
lepszy	A	sg.m.anim.acc	lepszego
lepszy	A	sg.m.dat	lepszemu
lepszy	A	sg.m.gen	lepszego
lepszy	A	sg.m.hum.acc	lepszego
lepszy	A	sg.m.inan.acc	lepszy
lepszy	A	sg.m.ins	lepszym
lepszy	A	sg.m.loc	lepszym
lepszy	A	sg.m.nom	lepszy
lepszy	A	sg.n.acc	lepsze
lepszy	A	sg.n.dat	lepszemu
lepszy	A	sg.n.gen	lepszego
lepszy	A	sg.n.ins	lepszym
lepszy	A	sg.n.loc	lepszym
lepszy	A	sg.n.nom	lepsze
lewa	N	pl.acc	lewy
lewa	N	pl.dat	lewom
lewa	N	pl.gen	lew
lewa	N	pl.ins	lewami
lewa	N	pl.loc	lewach
lewa	N	pl.nom	lewy
lewa	N	pl.voc	lewy
lewa	N	sg.acc	lewę
lewa	N	sg.dat	lewie
lewa	N	sg.gen	lewy
lewa	N	sg.ins	lewą
lewa	N	sg.loc	lewie
lewa	N	sg.nom	lewa
lewa	N	sg.voc	lewo
liceum	N	pl.acc	licea
liceum	N	pl.dat	liceom
liceum	N	pl.gen	liceów
liceum	N	pl.ins	liceami
liceum	N	pl.loc	liceach
liceum	N	pl.nom	licea
liceum	N	pl.voc	licea
liceum	N	sg.acc	liceum
liceum	N	sg.dat	liceum
liceum	N	sg.gen	liceum
liceum	N	sg.ins	liceum
liceum	N	sg.loc	liceum
liceum	N	sg.nom	liceum
liceum	N	sg.voc	liceum
liczba	N	pl.acc	liczby
liczba	N	pl.dat	liczbom
liczba	N	pl.gen	liczb
liczba	N	pl.ins	liczbami
liczba	N	pl.loc	liczbach
liczba	N	pl.nom	liczby
liczba	N	pl.voc	liczby
liczba	N	sg.acc	liczbę
liczba	N	sg.dat	liczbie
liczba	N	sg.gen	liczby
liczba	N	sg.ins	liczbą
liczba	N	sg.loc	liczbie
liczba	N	sg.nom	liczba
liczba	N	sg.voc	liczbo
linia	N	pl.acc	linie
linia	N	pl.dat	liniom
linia	N	pl.gen	linii
linia	N	pl.ins	liniami
linia	N	pl.loc	liniach
linia	N	pl.nom	linie
linia	N	pl.voc	linie
linia	N	sg.acc	linię
linia	N	sg.dat	linii
linia	N	sg.gen	linii
linia	N	sg.ins	linią
linia	N	sg.loc	linii
linia	N	sg.nom	linia
linia	N	sg.voc	linio
liść	N	pl.acc	liście
liść	N	pl.dat	liściom
liść	N	pl.gen	liści
liść	N	pl.ins	liściami
liść	N	pl.loc	liściach
liść	N	pl.nom	liście
liść	N	pl.voc	liście
liść	N	sg.acc	liść
liść	N	sg.dat	liściowi
liść	N	sg.gen	liścia
liść	N	sg.ins	liściem
liść	N	sg.loc	liściu
liść	N	sg.nom	liść
liść	N	sg.voc	liściu
lista	N	pl.acc	listy
lista	N	pl.dat	listom
lista	N	pl.gen	list
lista	N	pl.ins	listami
lista	N	pl.loc	listach
lista	N	pl.nom	listy
lista	N	pl.voc	listy
lista	N	sg.acc	listę
lista	N	sg.dat	liście
lista	N	sg.gen	listy
lista	N	sg.ins	listą
lista	N	sg.loc	liście
lista	N	sg.nom	list
lista	N	sg.voc	listo
łódź	N	pl.acc	łodzie
łódź	N	pl.dat	łodziom
łódź	N	pl.gen	łodzi
łódź	N	pl.ins	łodziami
łódź	N	pl.loc	łodziach
łódź	N	pl.nom	łodzie
łódź	N	pl.voc	łodzie
łódź	N	sg.acc	łódź
łódź	N	sg.dat	łodzi
łódź	N	sg.gen	łodzi
łódź	N	sg.ins	łodzią
łódź	N	sg.loc	łodzi
łódź	N	sg.nom	łódź
łódź	N	sg.voc	łodzi
lotnisko	N	pl.acc	lotniska
lotnisko	N	pl.dat	lotniskom
lotnisko	N	pl.gen	lotnisek
lotnisko	N	pl.ins	lotniskami
lotnisko	N	pl.loc	lotniskach
lotnisko	N	pl.nom	lotniska
lotnisko	N	pl.voc	lotniska
lotnisko	N	sg.acc	lotnisko
lotnisko	N	sg.dat	lotnisku
lotnisko	N	sg.gen	lotniska
lotnisko	N	sg.ins	lotniskiem
lotnisko	N	sg.loc	lotnisku
lotnisko	N	sg.nom	lotnisko
lotnisko	N	sg.voc	lotnisko
łóżko	N	pl.acc	łóżka
łóżko	N	pl.dat	łóżkom
łóżko	N	pl.gen	łóżek
łóżko	N	pl.ins	łóżkami
łóżko	N	pl.loc	łóżkach
łóżko	N	pl.nom	łóżka
łóżko	N	pl.voc	łóżka
łóżko	N	sg.acc	łóżko
łóżko	N	sg.dat	łóżku
łóżko	N	sg.gen	łóżka
łóżko	N	sg.ins	łóżkiem
łóżko	N	sg.loc	łóżku
łóżko	N	sg.nom	łóżko
łóżko	N	sg.voc	łóżko
lubić	V	cond.p1.pl	lubiłybyśmy
lubić	V	cond.p1.pl.m.hum	lubilibyśmy
lubić	V	cond.p1.sg.f	lubiłabym
lubić	V	cond.p1.sg.m	lubiłbym
lubić	V	cond.p2.pl	lubiłybyście
lubić	V	cond.p2.pl.m.hum	lubilibyście
lubić	V	cond.p2.sg.f	lubiłabyś
lubić	V	cond.p2.sg.m	lubiłbyś
lubić	V	cond.p3.pl	lubiłyby
lubić	V	cond.p3.pl.m.hum	lubiliby
lubić	V	cond.p3.sg.f	lubiłaby
lubić	V	cond.p3.sg.m	lubiłby
lubić	V	cond.p3.sg.n	lubiłoby
lubić	V	fut.p1.pl	będziemy lubiły
lubić	V	fut.p1.pl.m.hum	będziemy lubili
lubić	V	fut.p1.sg.f	będę lubiła
lubić	V	fut.p1.sg.m	będę lubił
lubić	V	fut.p2.pl	będziecie lubiły
lubić	V	fut.p2.pl.m.hum	będziecie lubili
lubić	V	fut.p2.sg.f	będziesz lubiła
lubić	V	fut.p2.sg.m	będziesz lubił
lubić	V	fut.p3.pl	będą lubiły
lubić	V	fut.p3.pl.m.hum	będą lubili
lubić	V	fut.p3.sg.f	będzie lubiła
lubić	V	fut.p3.sg.m	będzie lubił
lubić	V	fut.p3.sg.n	będzie lubiło
lubić	V	imp.p1.pl	lubmy
lubić	V	imp.p2.pl	lubcie
lubić	V	imp.p2.sg	lub
lubić	V	imp.p3.pl	niech lubią
lubić	V	imp.p3.sg	niech lubi
lubić	V	past.p1.pl	lubiłyśmy
lubić	V	past.p1.pl.m.hum	lubiliśmy
lubić	V	past.p1.sg.f	lubiłam
lubić	V	past.p1.sg.m	lubiłem
lubić	V	past.p2.pl	lubiłyście
lubić	V	past.p2.pl.m.hum	lubiliście
lubić	V	past.p2.sg.f	lubiłaś
lubić	V	past.p2.sg.m	lubiłeś
lubić	V	past.p3.pl	lubiły
lubić	V	past.p3.pl.m.hum	lubili
lubić	V	past.p3.sg.f	lubiła
lubić	V	past.p3.sg.m	lubił
lubić	V	past.p3.sg.n	lubiło
lubić	V	pres.p1.pl	lubimy
lubić	V	pres.p1.sg	lubię
lubić	V	pres.p2.pl	lubicie
lubić	V	pres.p2.sg	lubisz
lubić	V	pres.p3.pl	lubią
lubić	V	pres.p3.sg	lubi
luby	A	pl.acc	lube
luby	A	pl.dat	lubym
luby	A	pl.gen	lubych
luby	A	pl.ins	lubymi
luby	A	pl.loc	lubych
luby	A	pl.m.hum.acc	lubych
luby	A	pl.m.hum.nom	lubi
luby	A	pl.nom	lube
luby	A	sg.f.acc	lubą
luby	A	sg.f.dat	lubej
luby	A	sg.f.gen	lubej
luby	A	sg.f.ins	lubą
luby	A	sg.f.loc	lubej
luby	A	sg.f.nom	luba
luby	A	sg.m.anim.acc	lubego
luby	A	sg.m.dat	lubemu
luby	A	sg.m.gen	lubego
luby	A	sg.m.hum.acc	lubego
luby	A	sg.m.inan.acc	luby
luby	A	sg.m.ins	lubym
luby	A	sg.m.loc	lubym
luby	A	sg.m.nom	luby
luby	A	sg.n.acc	lube
luby	A	sg.n.dat	lubemu
luby	A	sg.n.gen	lubego
luby	A	sg.n.ins	lubym
luby	A	sg.n.loc	lubym
luby	A	sg.n.nom	lube
ludzki	A	pl.acc	ludzkie
ludzki	A	pl.dat	ludzkim
ludzki	A	pl.gen	ludzkich
ludzki	A	pl.ins	ludzkimi
ludzki	A	pl.loc	ludzkich
ludzki	A	pl.m.hum.acc	ludzkich
ludzki	A	pl.m.hum.nom	ludzcy
ludzki	A	pl.nom	ludzkie
ludzki	A	sg.f.acc	ludzką
ludzki	A	sg.f.dat	ludzkiej
ludzki	A	sg.f.gen	ludzkiej
ludzki	A	sg.f.ins	ludzką
ludzki	A	sg.f.loc	ludzkiej
ludzki	A	sg.f.nom	ludzka
ludzki	A	sg.m.anim.acc	ludzkiego
ludzki	A	sg.m.dat	ludzkiemu
ludzki	A	sg.m.gen	ludzkiego
ludzki	A	sg.m.hum.acc	ludzkiego
ludzki	A	sg.m.inan.acc	ludzki
ludzki	A	sg.m.ins	ludzkim
ludzki	A	sg.m.loc	ludzkim
ludzki	A	sg.m.nom	ludzki
ludzki	A	sg.n.acc	ludzkie
ludzki	A	sg.n.dat	ludzkiemu
ludzki	A	sg.n.gen	ludzkiego
ludzki	A	sg.n.ins	ludzkim
ludzki	A	sg.n.loc	ludzkim
ludzki	A	sg.n.nom	ludzkie
mądry	A	pl.acc	mądre
mądry	A	pl.dat	mądrym
mądry	A	pl.gen	mądrych
mądry	A	pl.ins	mądrymi
mądry	A	pl.loc	mądrych
mądry	A	pl.m.hum.acc	mądrych
mądry	A	pl.m.hum.nom	mądrzy
mądry	A	pl.nom	mądre
mądry	A	sg.f.acc	mądrą
mądry	A	sg.f.dat	mądrej
mądry	A	sg.f.gen	mądrej
mądry	A	sg.f.ins	mądrą
mądry	A	sg.f.loc	mądrej
mądry	A	sg.f.nom	mądra
mądry	A	sg.m.anim.acc	mądrego
mądry	A	sg.m.dat	mądremu
mądry	A	sg.m.gen	mądrego
mądry	A	sg.m.hum.acc	mądrego
mądry	A	sg.m.inan.acc	mądry
mądry	A	sg.m.ins	mądrym
mądry	A	sg.m.loc	mądrym
mądry	A	sg.m.nom	mądry
mądry	A	sg.n.acc	mądre
mądry	A	sg.n.dat	mądremu
mądry	A	sg.n.gen	mądrego
mądry	A	sg.n.ins	mądrym
mądry	A	sg.n.loc	mądrym
mądry	A	sg.n.nom	mądre
magazyn	N	pl.acc	magazyny
magazyn	N	pl.dat	magazynom
magazyn	N	pl.gen	magazynów
magazyn	N	pl.ins	magazynami
magazyn	N	pl.loc	magazynach
magazyn	N	pl.nom	magazyny
magazyn	N	pl.voc	magazyny
magazyn	N	sg.acc	magazyn
magazyn	N	sg.dat	magazynowi
magazyn	N	sg.gen	magazynu
magazyn	N	sg.ins	magazynem
magazyn	N	sg.loc	magazynie
magazyn	N	sg.nom	magazyn
magazyn	N	sg.voc	magazynie
mały	A	pl.acc	małe
mały	A	pl.dat	małym
mały	A	pl.gen	małych
mały	A	pl.ins	małymi
mały	A	pl.loc	małych
mały	A	pl.m.hum.acc	małych
mały	A	pl.m.hum.nom	mali
mały	A	pl.nom	małe
mały	A	sg.f.acc	małą
mały	A	sg.f.dat	małej
mały	A	sg.f.gen	małej
mały	A	sg.f.ins	małą
mały	A	sg.f.loc	małej
mały	A	sg.f.nom	mała
mały	A	sg.m.anim.acc	małego
mały	A	sg.m.dat	małemu
mały	A	sg.m.gen	małego
mały	A	sg.m.hum.acc	małego
mały	A	sg.m.inan.acc	mały
mały	A	sg.m.ins	małym
mały	A	sg.m.loc	małym
mały	A	sg.m.nom	mały
mały	A	sg.n.acc	małe
mały	A	sg.n.dat	małemu
mały	A	sg.n.gen	małego
mały	A	sg.n.ins	małym
mały	A	sg.n.loc	małym
mały	A	sg.n.nom	małe
małżeństwo	N	pl.acc	małżeństwa
małżeństwo	N	pl.dat	małżeństwom
małżeństwo	N	pl.gen	małżeństew
małżeństwo	N	pl.ins	małżeństwami
małżeństwo	N	pl.loc	małżeństwach
małżeństwo	N	pl.nom	małżeństwa
małżeństwo	N	pl.voc	małżeństwa
małżeństwo	N	sg.acc	małżeństwo
małżeństwo	N	sg.dat	małżeństwu
małżeństwo	N	sg.gen	małżeństwa
małżeństwo	N	sg.ins	małżeństwem
małżeństwo	N	sg.loc	małżeństwie
małżeństwo	N	sg.nom	małżeństwo
małżeństwo	N	sg.voc	małżeństwo
mama	N	pl.acc	mamy
mama	N	pl.dat	mamom
mama	N	pl.gen	mam
mama	N	pl.ins	mamami
mama	N	pl.loc	mamach
mama	N	pl.nom	mamy
mama	N	pl.voc	mamy
mama	N	sg.acc	mamę
mama	N	sg.dat	mamie
mama	N	sg.gen	mamy
mama	N	sg.ins	mamą
mama	N	sg.loc	mamie
mama	N	sg.nom	mama
mama	N	sg.voc	mamo
mamusia	N	pl.acc	mamusie
mamusia	N	pl.dat	mamusiom
mamusia	N	pl.gen	mamuś
mamusia	N	pl.ins	mamusiami
mamusia	N	pl.loc	mamusiach
mamusia	N	pl.nom	mamusie
mamusia	N	pl.voc	mamusie
mamusia	N	sg.acc	mamusię
mamusia	N	sg.dat	mamusi
mamusia	N	sg.gen	mamusi
mamusia	N	sg.ins	mamusią
mamusia	N	sg.loc	mamusi
mamusia	N	sg.nom	mamusia
mamusia	N	sg.voc	mamusiu
mapa	N	pl.acc	mapy
mapa	N	pl.dat	mapom
mapa	N	pl.gen	map
mapa	N	pl.ins	mapami
mapa	N	pl.loc	mapach
mapa	N	pl.nom	mapy
mapa	N	pl.voc	mapy
mapa	N	sg.acc	mapę
mapa	N	sg.dat	mapie
mapa	N	sg.gen	mapy
mapa	N	sg.ins	mapą
mapa	N	sg.loc	mapie
mapa	N	sg.nom	mapa
mapa	N	sg.voc	mapo
martwy	A	pl.acc	martwe
martwy	A	pl.dat	martwym
martwy	A	pl.gen	martwych
martwy	A	pl.ins	martwymi
martwy	A	pl.loc	martwych
martwy	A	pl.m.hum.acc	martwych
martwy	A	pl.m.hum.nom	martwi
martwy	A	pl.nom	martwe
martwy	A	sg.f.acc	martwą
martwy	A	sg.f.dat	martwej
martwy	A	sg.f.gen	martwej
martwy	A	sg.f.ins	martwą
martwy	A	sg.f.loc	martwej
martwy	A	sg.f.nom	martwa
martwy	A	sg.m.anim.acc	martwego
martwy	A	sg.m.dat	martwemu
martwy	A	sg.m.gen	martwego
martwy	A	sg.m.hum.acc	martwego
martwy	A	sg.m.inan.acc	martwy
martwy	A	sg.m.ins	martwym
martwy	A	sg.m.loc	martwym
martwy	A	sg.m.nom	martwy
martwy	A	sg.n.acc	martwe
martwy	A	sg.n.dat	martwemu
martwy	A	sg.n.gen	martwego
martwy	A	sg.n.ins	martwym
martwy	A	sg.n.loc	martwym
martwy	A	sg.n.nom	martwe
marzenie	N	pl.acc	marzenia
marzenie	N	pl.dat	marzeniom
marzenie	N	pl.gen	marzeń
marzenie	N	pl.ins	marzeniami
marzenie	N	pl.loc	marzeniach
marzenie	N	pl.nom	marzenia
marzenie	N	pl.voc	marzenia
marzenie	N	sg.acc	marzenie
marzenie	N	sg.dat	marzeniu
marzenie	N	sg.gen	marzenia
marzenie	N	sg.ins	marzeniem
marzenie	N	sg.loc	marzeniu
marzenie	N	sg.nom	marzenie
marzenie	N	sg.voc	marzenie
marzyć	V	cond.p1.pl	marzyłybyśmy
marzyć	V	cond.p1.pl.m.hum	marzylibyśmy
marzyć	V	cond.p1.sg.f	marzyłabym
marzyć	V	cond.p1.sg.m	marzyłbym
marzyć	V	cond.p2.pl	marzyłybyście
marzyć	V	cond.p2.pl.m.hum	marzylibyście
marzyć	V	cond.p2.sg.f	marzyłabyś
marzyć	V	cond.p2.sg.m	marzyłbyś
marzyć	V	cond.p3.pl	marzyłyby
marzyć	V	cond.p3.pl.m.hum	marzyliby
marzyć	V	cond.p3.sg.f	marzyłaby
marzyć	V	cond.p3.sg.m	marzyłby
marzyć	V	cond.p3.sg.n	marzyłoby
marzyć	V	fut.p1.pl	będziemy marzyły
marzyć	V	fut.p1.pl.m.hum	będziemy marzyli
marzyć	V	fut.p1.sg.f	będę marzyła
marzyć	V	fut.p1.sg.m	będę marzył
marzyć	V	fut.p2.pl	będziecie marzyły
marzyć	V	fut.p2.pl.m.hum	będziecie marzyli
marzyć	V	fut.p2.sg.f	będziesz marzyła
marzyć	V	fut.p2.sg.m	będziesz marzył
marzyć	V	fut.p3.pl	będą marzyły
marzyć	V	fut.p3.pl.m.hum	będą marzyli
marzyć	V	fut.p3.sg.f	będzie marzyła
marzyć	V	fut.p3.sg.m	będzie marzył
marzyć	V	fut.p3.sg.n	będzie marzyło
marzyć	V	imp.p1.pl	marzmy
marzyć	V	imp.p2.pl	marzcie
marzyć	V	imp.p2.sg	marz
marzyć	V	imp.p3.pl	niech marzą
marzyć	V	imp.p3.sg	niech marzy
marzyć	V	past.p1.pl	marzyłyśmy
marzyć	V	past.p1.pl.m.hum	marzyliśmy
marzyć	V	past.p1.sg.f	marzyłam
marzyć	V	past.p1.sg.m	marzyłem
marzyć	V	past.p2.pl	marzyłyście
marzyć	V	past.p2.pl.m.hum	marzyliście
marzyć	V	past.p2.sg.f	marzyłaś
marzyć	V	past.p2.sg.m	marzyłeś
marzyć	V	past.p3.pl	marzyły
marzyć	V	past.p3.pl.m.hum	marzyli
marzyć	V	past.p3.sg.f	marzyła
marzyć	V	past.p3.sg.m	marzył
marzyć	V	past.p3.sg.n	marzyło
marzyć	V	pres.p1.pl	marzymy
marzyć	V	pres.p1.sg	marzę
marzyć	V	pres.p2.pl	marzycie
marzyć	V	pres.p2.sg	marzysz
marzyć	V	pres.p3.pl	marzą
marzyć	V	pres.p3.sg	marzy
maszyna	N	pl.acc	maszyny
maszyna	N	pl.dat	maszynom
maszyna	N	pl.gen	maszyn
maszyna	N	pl.ins	maszynami
maszyna	N	pl.loc	maszynach
maszyna	N	pl.nom	maszyny
maszyna	N	pl.voc	maszyny
maszyna	N	sg.acc	maszynę
maszyna	N	sg.dat	maszynie
maszyna	N	sg.gen	maszyny
maszyna	N	sg.ins	maszyną
maszyna	N	sg.loc	maszynie
maszyna	N	sg.nom	maszyna
maszyna	N	sg.voc	maszyno
materiał	N	pl.acc	materiały
materiał	N	pl.dat	materiałom
materiał	N	pl.gen	materiałów
materiał	N	pl.ins	materiałami
materiał	N	pl.loc	materiałach
materiał	N	pl.nom	materiały
materiał	N	pl.voc	materiały
materiał	N	sg.acc	materiał
materiał	N	sg.dat	materiałowi
materiał	N	sg.gen	materiału
materiał	N	sg.ins	materiałem
materiał	N	sg.loc	materiale
materiał	N	sg.nom	materiał
materiał	N	sg.voc	materiale
matka	N	pl.acc	matki
matka	N	pl.dat	matkom
matka	N	pl.gen	matek
matka	N	pl.ins	matkami
matka	N	pl.loc	matkach
matka	N	pl.nom	matki
matka	N	pl.voc	matki
matka	N	sg.acc	matkę
matka	N	sg.dat	matce
matka	N	sg.gen	matki
matka	N	sg.ins	matką
matka	N	sg.loc	matce
matka	N	sg.nom	matka
matka	N	sg.voc	matko
mąż	N	pl.acc	mężów
mąż	N	pl.dat	mężom
mąż	N	pl.gen	mężów
mąż	N	pl.ins	mężami
mąż	N	pl.loc	mężach
mąż	N	pl.nom	mężowie
mąż	N	pl.voc	mężowie
mąż	N	sg.acc	męża
mąż	N	sg.dat	mężowi
mąż	N	sg.gen	męża
mąż	N	sg.ins	mężem
mąż	N	sg.loc	mężu
mąż	N	sg.nom	mąż
mąż	N	sg.voc	mężu
medyczny	A	pl.acc	medyczne
medyczny	A	pl.dat	medycznym
medyczny	A	pl.gen	medycznych
medyczny	A	pl.ins	medycznymi
medyczny	A	pl.loc	medycznych
medyczny	A	pl.m.hum.acc	medycznych
medyczny	A	pl.m.hum.nom	medyczni
medyczny	A	pl.nom	medyczne
medyczny	A	sg.f.acc	medyczną
medyczny	A	sg.f.dat	medycznej
medyczny	A	sg.f.gen	medycznej
medyczny	A	sg.f.ins	medyczną
medyczny	A	sg.f.loc	medycznej
medyczny	A	sg.f.nom	medyczna
medyczny	A	sg.m.anim.acc	medycznego
medyczny	A	sg.m.dat	medycznemu
medyczny	A	sg.m.gen	medycznego
medyczny	A	sg.m.hum.acc	medycznego
medyczny	A	sg.m.inan.acc	medyczny
medyczny	A	sg.m.ins	medycznym
medyczny	A	sg.m.loc	medycznym
medyczny	A	sg.m.nom	medyczny
medyczny	A	sg.n.acc	medyczne
medyczny	A	sg.n.dat	medycznemu
medyczny	A	sg.n.gen	medycznego
medyczny	A	sg.n.ins	medycznym
medyczny	A	sg.n.loc	medycznym
medyczny	A	sg.n.nom	medyczne
mężczyzna	N	pl.acc	mężczyzn
mężczyzna	N	pl.dat	mężczyznom
mężczyzna	N	pl.gen	mężczyzn
mężczyzna	N	pl.ins	mężczyznami
mężczyzna	N	pl.loc	mężczyznach
mężczyzna	N	pl.nom	mężczyźni
mężczyzna	N	pl.voc	mężczyźni
mężczyzna	N	sg.acc	mężczyznę
mężczyzna	N	sg.dat	mężczyźnie
mężczyzna	N	sg.gen	mężczyzny
mężczyzna	N	sg.ins	mężczyzną
mężczyzna	N	sg.loc	mężczyźnie
mężczyzna	N	sg.nom	mężczyzna
mężczyzna	N	sg.voc	mężczyzno
miał	N	pl.acc	miały
miał	N	pl.dat	miałom
miał	N	pl.gen	miałów
miał	N	pl.ins	miałami
miał	N	pl.loc	miałach
miał	N	pl.nom	miały
miał	N	pl.voc	miały
miał	N	sg.acc	miał
miał	N	sg.dat	miałowi
miał	N	sg.gen	miału
miał	N	sg.ins	miałem
miał	N	sg.loc	miale
miał	N	sg.nom	miał
miał	N	sg.voc	miale
miasto	N	pl.acc	miasta
miasto	N	pl.dat	miastom
miasto	N	pl.gen	miast
miasto	N	pl.ins	miastami
miasto	N	pl.loc	miastach
miasto	N	pl.nom	miasta
miasto	N	pl.voc	miasta
miasto	N	sg.acc	miasto
miasto	N	sg.dat	miastu
miasto	N	sg.gen	miasta
miasto	N	sg.ins	miastem
miasto	N	sg.loc	mieście
miasto	N	sg.nom	miasto
miasto	N	sg.voc	miasto
miecz	N	pl.acc	miecze
miecz	N	pl.dat	mieczom
miecz	N	pl.gen	mieczy
miecz	N	pl.ins	mieczami
miecz	N	pl.loc	mieczach
miecz	N	pl.nom	miecze
miecz	N	pl.voc	miecze
miecz	N	sg.acc	miecz
miecz	N	sg.dat	mieczowi
miecz	N	sg.gen	mieczu
miecz	N	sg.ins	mieczem
miecz	N	sg.loc	mieczu
miecz	N	sg.nom	miecz
miecz	N	sg.voc	mieczu
miejsce	N	pl.acc	miejsca
miejsce	N	pl.dat	miejscom
miejsce	N	pl.gen	miejsc
miejsce	N	pl.ins	miejscami
miejsce	N	pl.loc	miejscach
miejsce	N	pl.nom	miejsca
miejsce	N	pl.voc	miejsca
miejsce	N	sg.acc	miejsce
miejsce	N	sg.dat	miejscu
miejsce	N	sg.gen	miejsca
miejsce	N	sg.ins	miejscem
miejsce	N	sg.loc	miejscu
miejsce	N	sg.nom	miejsce
miejsce	N	sg.voc	miejsce
miesiąc	N	pl.acc	miesiące
miesiąc	N	pl.dat	miesiącom
miesiąc	N	pl.gen	miesięcy
miesiąc	N	pl.ins	miesiącami
miesiąc	N	pl.loc	miesiącach
miesiąc	N	pl.nom	miesiące
miesiąc	N	pl.voc	miesiące
miesiąc	N	sg.acc	miesiąc
miesiąc	N	sg.dat	miesiącowi
miesiąc	N	sg.gen	miesiąca
miesiąc	N	sg.ins	miesiącem
miesiąc	N	sg.loc	miesiącu
miesiąc	N	sg.nom	miesiąc
miesiąc	N	sg.voc	miesiącu
mięso	N	pl.acc	mięsa
mięso	N	pl.dat	mięsom
mięso	N	pl.gen	mięs
mięso	N	pl.ins	mięsami
mięso	N	pl.loc	mięsach
mięso	N	pl.nom	mięsa
mięso	N	pl.voc	mięsa
mięso	N	sg.acc	mięso
mięso	N	sg.dat	mięsu
mięso	N	sg.gen	mięsa
mięso	N	sg.ins	mięsem
mięso	N	sg.loc	mięsie
mięso	N	sg.nom	mięso
mięso	N	sg.voc	mięso
mieszać	V	cond.p1.pl	mieszałybyśmy
mieszać	V	cond.p1.pl.m.hum	mieszalibyśmy
mieszać	V	cond.p1.sg.f	mieszałabym
mieszać	V	cond.p1.sg.m	mieszałbym
mieszać	V	cond.p2.pl	mieszałybyście
mieszać	V	cond.p2.pl.m.hum	mieszalibyście
mieszać	V	cond.p2.sg.f	mieszałabyś
mieszać	V	cond.p2.sg.m	mieszałbyś
mieszać	V	cond.p3.pl	mieszałyby
mieszać	V	cond.p3.pl.m.hum	mieszaliby
mieszać	V	cond.p3.sg.f	mieszałaby
mieszać	V	cond.p3.sg.m	mieszałby
mieszać	V	cond.p3.sg.n	mieszałoby
mieszać	V	fut.p1.pl	będziemy mieszały
mieszać	V	fut.p1.pl.m.hum	będziemy mieszali
mieszać	V	fut.p1.sg.f	będę mieszała
mieszać	V	fut.p1.sg.m	będę mieszał
mieszać	V	fut.p2.pl	będziecie mieszały
mieszać	V	fut.p2.pl.m.hum	będziecie mieszali
mieszać	V	fut.p2.sg.f	będziesz mieszała
mieszać	V	fut.p2.sg.m	będziesz mieszał
mieszać	V	fut.p3.pl	będą mieszały
mieszać	V	fut.p3.pl.m.hum	będą mieszali
mieszać	V	fut.p3.sg.f	będzie mieszała
mieszać	V	fut.p3.sg.m	będzie mieszał
mieszać	V	fut.p3.sg.n	będzie mieszało
mieszać	V	imp.p1.pl	mieszajmy
mieszać	V	imp.p2.pl	mieszajcie
mieszać	V	imp.p2.sg	mieszaj
mieszać	V	imp.p3.pl	niech mieszają
mieszać	V	imp.p3.sg	niech miesza
mieszać	V	past.p1.pl	mieszałyśmy
mieszać	V	past.p1.pl.m.hum	mieszaliśmy
mieszać	V	past.p1.sg.f	mieszałam
mieszać	V	past.p1.sg.m	mieszałem
mieszać	V	past.p2.pl	mieszałyście
mieszać	V	past.p2.pl.m.hum	mieszaliście
mieszać	V	past.p2.sg.f	mieszałaś
mieszać	V	past.p2.sg.m	mieszałeś
mieszać	V	past.p3.pl	mieszały
mieszać	V	past.p3.pl.m.hum	mieszali
mieszać	V	past.p3.sg.f	mieszała
mieszać	V	past.p3.sg.m	mieszał
mieszać	V	past.p3.sg.n	mieszało
mieszać	V	pres.p1.pl	mieszamy
mieszać	V	pres.p1.sg	mieszam
mieszać	V	pres.p2.pl	mieszacie
mieszać	V	pres.p2.sg	mieszasz
mieszać	V	pres.p3.pl	mieszają
mieszać	V	pres.p3.sg	miesza
mieszkać	V	cond.p1.pl	mieszkałybyśmy
mieszkać	V	cond.p1.pl.m.hum	mieszkalibyśmy
mieszkać	V	cond.p1.sg.f	mieszkałabym
mieszkać	V	cond.p1.sg.m	mieszkałbym
mieszkać	V	cond.p2.pl	mieszkałybyście
mieszkać	V	cond.p2.pl.m.hum	mieszkalibyście
mieszkać	V	cond.p2.sg.f	mieszkałabyś
mieszkać	V	cond.p2.sg.m	mieszkałbyś
mieszkać	V	cond.p3.pl	mieszkałyby
mieszkać	V	cond.p3.pl.m.hum	mieszkaliby
mieszkać	V	cond.p3.sg.f	mieszkałaby
mieszkać	V	cond.p3.sg.m	mieszkałby
mieszkać	V	cond.p3.sg.n	mieszkałoby
mieszkać	V	fut.p1.pl	będziemy mieszkały
mieszkać	V	fut.p1.pl.m.hum	będziemy mieszkali
mieszkać	V	fut.p1.sg.f	będę mieszkała
mieszkać	V	fut.p1.sg.m	będę mieszkał
mieszkać	V	fut.p2.pl	będziecie mieszkały
mieszkać	V	fut.p2.pl.m.hum	będziecie mieszkali
mieszkać	V	fut.p2.sg.f	będziesz mieszkała
mieszkać	V	fut.p2.sg.m	będziesz mieszkał
mieszkać	V	fut.p3.pl	będą mieszkały
mieszkać	V	fut.p3.pl.m.hum	będą mieszkali
mieszkać	V	fut.p3.sg.f	będzie mieszkała
mieszkać	V	fut.p3.sg.m	będzie mieszkał
mieszkać	V	fut.p3.sg.n	będzie mieszkało
mieszkać	V	imp.p1.pl	mieszkajmy
mieszkać	V	imp.p2.pl	mieszkajcie
mieszkać	V	imp.p2.sg	mieszkaj
mieszkać	V	imp.p3.pl	niech mieszkają
mieszkać	V	imp.p3.sg	niech mieszka
mieszkać	V	past.p1.pl	mieszkałyśmy
mieszkać	V	past.p1.pl.m.hum	mieszkaliśmy
mieszkać	V	past.p1.sg.f	mieszkałam
mieszkać	V	past.p1.sg.m	mieszkałem
mieszkać	V	past.p2.pl	mieszkałyście
mieszkać	V	past.p2.pl.m.hum	mieszkaliście
mieszkać	V	past.p2.sg.f	mieszkałaś
mieszkać	V	past.p2.sg.m	mieszkałeś
mieszkać	V	past.p3.pl	mieszkały
mieszkać	V	past.p3.pl.m.hum	mieszkali
mieszkać	V	past.p3.sg.f	mieszkała
mieszkać	V	past.p3.sg.m	mieszkał
mieszkać	V	past.p3.sg.n	mieszkało
mieszkać	V	pres.p1.pl	mieszkamy
mieszkać	V	pres.p1.sg	mieszkam
mieszkać	V	pres.p2.pl	mieszkacie
mieszkać	V	pres.p2.sg	mieszkasz
mieszkać	V	pres.p3.pl	mieszkają
mieszkać	V	pres.p3.sg	mieszka
mieszkanie	N	pl.acc	mieszkania
mieszkanie	N	pl.dat	mieszkaniom
mieszkanie	N	pl.gen	mieszkań
mieszkanie	N	pl.ins	mieszkaniami
mieszkanie	N	pl.loc	mieszkaniach
mieszkanie	N	pl.nom	mieszkania
mieszkanie	N	pl.voc	mieszkania
mieszkanie	N	sg.acc	mieszkanie
mieszkanie	N	sg.dat	mieszkaniu
mieszkanie	N	sg.gen	mieszkania
mieszkanie	N	sg.ins	mieszkaniem
mieszkanie	N	sg.loc	mieszkaniu
mieszkanie	N	sg.nom	mieszkanie
mieszkanie	N	sg.voc	mieszkanie
mila	N	pl.acc	mile
mila	N	pl.dat	milom
mila	N	pl.gen	mil
mila	N	pl.ins	milami
mila	N	pl.loc	milach
mila	N	pl.nom	mile
mila	N	pl.voc	mile
mila	N	sg.acc	milę
mila	N	sg.dat	mili
mila	N	sg.gen	mili
mila	N	sg.ins	milą
mila	N	sg.loc	mili
mila	N	sg.nom	mila
mila	N	sg.voc	milo
miłość	N	pl.acc	miłości
miłość	N	pl.dat	miłościom
miłość	N	pl.gen	miłości
miłość	N	pl.ins	miłościami
miłość	N	pl.loc	miłościach
miłość	N	pl.nom	miłości
miłość	N	pl.voc	miłości
miłość	N	sg.acc	miłość
miłość	N	sg.dat	miłości
miłość	N	sg.gen	miłości
miłość	N	sg.ins	miłością
miłość	N	sg.loc	miłości
miłość	N	sg.nom	miłość
miłość	N	sg.voc	miłości
miły	A	pl.acc	miłe
miły	A	pl.dat	miłym
miły	A	pl.gen	miłych
miły	A	pl.ins	miłymi
miły	A	pl.loc	miłych
miły	A	pl.m.hum.acc	miłych
miły	A	pl.m.hum.nom	mili
miły	A	pl.nom	miłe
miły	A	sg.f.acc	miłą
miły	A	sg.f.dat	miłej
miły	A	sg.f.gen	miłej
miły	A	sg.f.ins	miłą
miły	A	sg.f.loc	miłej
miły	A	sg.f.nom	miła
miły	A	sg.m.anim.acc	miłego
miły	A	sg.m.dat	miłemu
miły	A	sg.m.gen	miłego
miły	A	sg.m.hum.acc	miłego
miły	A	sg.m.inan.acc	miły
miły	A	sg.m.ins	miłym
miły	A	sg.m.loc	miłym
miły	A	sg.m.nom	miły
miły	A	sg.n.acc	miłe
miły	A	sg.n.dat	miłemu
miły	A	sg.n.gen	miłego
miły	A	sg.n.ins	miłym
miły	A	sg.n.loc	miłym
miły	A	sg.n.nom	miłe
minuta	N	pl.acc	minuty
minuta	N	pl.dat	minutom
minuta	N	pl.gen	minut
minuta	N	pl.ins	minutami
minuta	N	pl.loc	minutach
minuta	N	pl.nom	minuty
minuta	N	pl.voc	minuty
minuta	N	sg.acc	minutę
minuta	N	sg.dat	minucie
minuta	N	sg.gen	minuty
minuta	N	sg.ins	minutą
minuta	N	sg.loc	minucie
minuta	N	sg.nom	minuta
minuta	N	sg.voc	minuto
misja	N	pl.acc	misje
misja	N	pl.dat	misjom
misja	N	pl.gen	misji
misja	N	pl.ins	misjami
misja	N	pl.loc	misjach
misja	N	pl.nom	misje
misja	N	pl.voc	misje
misja	N	sg.acc	misję
misja	N	sg.dat	misji
misja	N	sg.gen	misji
misja	N	sg.ins	misją
misja	N	sg.loc	misji
misja	N	sg.nom	misja
misja	N	sg.voc	misjo
mistrz	N	pl.acc	mistrzów
mistrz	N	pl.dat	mistrzom
mistrz	N	pl.gen	mistrzów
mistrz	N	pl.ins	mistrzami
mistrz	N	pl.loc	mistrzach
mistrz	N	pl.nom	mistrzowie
mistrz	N	pl.voc	mistrzowie
mistrz	N	sg.acc	mistrza
mistrz	N	sg.dat	mistrzowi
mistrz	N	sg.gen	mistrza
mistrz	N	sg.ins	mistrzem
mistrz	N	sg.loc	mistrzu
mistrz	N	sg.nom	mistrz
mistrz	N	sg.voc	mistrzu
młody	A	pl.acc	młode
młody	A	pl.dat	młodym
młody	A	pl.gen	młodych
młody	A	pl.ins	młodymi
młody	A	pl.loc	młodych
młody	A	pl.m.hum.acc	młodych
młody	A	pl.m.hum.nom	młodzi
młody	A	pl.nom	młode
młody	A	sg.f.acc	młodą
młody	A	sg.f.dat	młodej
młody	A	sg.f.gen	młodej
młody	A	sg.f.ins	młodą
młody	A	sg.f.loc	młodej
młody	A	sg.f.nom	młoda
młody	A	sg.m.anim.acc	młodego
młody	A	sg.m.dat	młodemu
młody	A	sg.m.gen	młodego
młody	A	sg.m.hum.acc	młodego
młody	A	sg.m.inan.acc	młody
młody	A	sg.m.ins	młodym
młody	A	sg.m.loc	młodym
młody	A	sg.m.nom	młody
młody	A	sg.n.acc	młode
młody	A	sg.n.dat	młodemu
młody	A	sg.n.gen	młodego
młody	A	sg.n.ins	młodym
młody	A	sg.n.loc	młodym
młody	A	sg.n.nom	młode
moc	N	pl.acc	moce
moc	N	pl.dat	mocom
moc	N	pl.gen	mocy
moc	N	pl.ins	mocami
moc	N	pl.loc	mocach
moc	N	pl.nom	moce
moc	N	pl.voc	moce
moc	N	sg.acc	moc
moc	N	sg.dat	mocy
moc	N	sg.gen	mocy
moc	N	sg.ins	mocą
moc	N	sg.loc	mocy
moc	N	sg.nom	moc
moc	N	sg.voc	mocy
mocny	A	pl.acc	mocne
mocny	A	pl.dat	mocnym
mocny	A	pl.gen	mocnych
mocny	A	pl.ins	mocnymi
mocny	A	pl.loc	mocnych
mocny	A	pl.m.hum.acc	mocnych
mocny	A	pl.m.hum.nom	mocni
mocny	A	pl.nom	mocne
mocny	A	sg.f.acc	mocną
mocny	A	sg.f.dat	mocnej
mocny	A	sg.f.gen	mocnej
mocny	A	sg.f.ins	mocną
mocny	A	sg.f.loc	mocnej
mocny	A	sg.f.nom	mocna
mocny	A	sg.m.anim.acc	mocnego
mocny	A	sg.m.dat	mocnemu
mocny	A	sg.m.gen	mocnego
mocny	A	sg.m.hum.acc	mocnego
mocny	A	sg.m.inan.acc	mocny
mocny	A	sg.m.ins	mocnym
mocny	A	sg.m.loc	mocnym
mocny	A	sg.m.nom	mocny
mocny	A	sg.n.acc	mocne
mocny	A	sg.n.dat	mocnemu
mocny	A	sg.n.gen	mocnego
mocny	A	sg.n.ins	mocnym
mocny	A	sg.n.loc	mocnym
mocny	A	sg.n.nom	mocne
moment	N	pl.acc	momenty
moment	N	pl.dat	momentom
moment	N	pl.gen	momentów
moment	N	pl.ins	momentami
moment	N	pl.loc	momentach
moment	N	pl.nom	momenty
moment	N	pl.voc	momenty
moment	N	sg.acc	moment
moment	N	sg.dat	momentowi
moment	N	sg.gen	momentu
moment	N	sg.ins	momentem
moment	N	sg.loc	momencie
moment	N	sg.nom	moment
moment	N	sg.voc	momencie
morderca	N	pl.acc	morderców
morderca	N	pl.dat	mordercom
morderca	N	pl.gen	morderców
morderca	N	pl.ins	mordercami
morderca	N	pl.loc	mordercach
morderca	N	pl.nom	mordercy
morderca	N	pl.voc	mordercy
morderca	N	sg.acc	mordercę
morderca	N	sg.dat	mordercy
morderca	N	sg.gen	mordercy
morderca	N	sg.ins	mordercą
morderca	N	sg.loc	mordercy
morderca	N	sg.nom	morderca
morderca	N	sg.voc	morderco
morderstwo	N	pl.acc	morderstwa
morderstwo	N	pl.dat	morderstwom
morderstwo	N	pl.gen	morderstw
morderstwo	N	pl.ins	morderstwami
morderstwo	N	pl.loc	morderstwach
morderstwo	N	pl.nom	morderstwa
morderstwo	N	pl.voc	morderstwa
morderstwo	N	sg.acc	morderstwo
morderstwo	N	sg.dat	morderstwu
morderstwo	N	sg.gen	morderstwa
morderstwo	N	sg.ins	morderstwem
morderstwo	N	sg.loc	morderstwie
morderstwo	N	sg.nom	morderstwo
morderstwo	N	sg.voc	morderstwo
morze	N	pl.acc	morza
morze	N	pl.dat	morzom
morze	N	pl.gen	mórz
morze	N	pl.ins	morzami
morze	N	pl.loc	morzach
morze	N	pl.nom	morza
morze	N	pl.voc	morza
morze	N	sg.acc	morze
morze	N	sg.dat	morzu
morze	N	sg.gen	morza
morze	N	sg.ins	morzem
morze	N	sg.loc	morzu
morze	N	sg.nom	morze
morze	N	sg.voc	morze
most	N	pl.acc	mosty
most	N	pl.dat	mostom
most	N	pl.gen	mostów
most	N	pl.ins	mostami
most	N	pl.loc	mostach
most	N	pl.nom	mosty
most	N	pl.voc	mosty
most	N	sg.acc	most
most	N	sg.dat	mostowi
most	N	sg.gen	mostu
most	N	sg.ins	mostem
most	N	sg.loc	moście
most	N	sg.nom	most
most	N	sg.voc	moście
mowa	N	pl.acc	mowy
mowa	N	pl.dat	mowom
mowa	N	pl.gen	mów
mowa	N	pl.ins	mowami
mowa	N	pl.loc	mowach
mowa	N	pl.nom	mowy
mowa	N	pl.voc	mowy
mowa	N	sg.acc	mowę
mowa	N	sg.dat	mowie
mowa	N	sg.gen	mowy
mowa	N	sg.ins	mową
mowa	N	sg.loc	mowie
mowa	N	sg.nom	mowa
mowa	N	sg.voc	mowo
mózg	N	pl.acc	mózgi
mózg	N	pl.dat	mózgom
mózg	N	pl.gen	mózgów
mózg	N	pl.ins	mózgami
mózg	N	pl.loc	mózgach
mózg	N	pl.nom	mózgi
mózg	N	pl.voc	mózgi
mózg	N	sg.acc	mózg
mózg	N	sg.dat	mózgowi
mózg	N	sg.gen	mózgu
mózg	N	sg.ins	mózgiem
mózg	N	sg.loc	mózgu
mózg	N	sg.nom	mózg
mózg	N	sg.voc	mózgu
możliwość	N	pl.acc	możliwości
możliwość	N	pl.dat	możliwościom
możliwość	N	pl.gen	możliwości
możliwość	N	pl.ins	możliwościami
możliwość	N	pl.loc	możliwościach
możliwość	N	pl.nom	możliwości
możliwość	N	pl.voc	możliwości
możliwość	N	sg.acc	możliwość
możliwość	N	sg.dat	możliwości
możliwość	N	sg.gen	możliwości
możliwość	N	sg.ins	możliwością
możliwość	N	sg.loc	możliwości
możliwość	N	sg.nom	możliwość
możliwość	N	sg.voc	możliwości
możliwy	A	pl.acc	możliwe
możliwy	A	pl.dat	możliwym
możliwy	A	pl.gen	możliwych
możliwy	A	pl.ins	możliwymi
możliwy	A	pl.loc	możliwych
możliwy	A	pl.m.hum.acc	możliwych
możliwy	A	pl.m.hum.nom	możliwi
możliwy	A	pl.nom	możliwe
możliwy	A	sg.f.acc	możliwą
możliwy	A	sg.f.dat	możliwej
możliwy	A	sg.f.gen	możliwej
możliwy	A	sg.f.ins	możliwą
możliwy	A	sg.f.loc	możliwej
możliwy	A	sg.f.nom	możliwa
możliwy	A	sg.m.anim.acc	możliwego
możliwy	A	sg.m.dat	możliwemu
możliwy	A	sg.m.gen	możliwego
możliwy	A	sg.m.hum.acc	możliwego
możliwy	A	sg.m.inan.acc	możliwy
możliwy	A	sg.m.ins	możliwym
możliwy	A	sg.m.loc	możliwym
możliwy	A	sg.m.nom	możliwy
możliwy	A	sg.n.acc	możliwe
możliwy	A	sg.n.dat	możliwemu
możliwy	A	sg.n.gen	możliwego
możliwy	A	sg.n.ins	możliwym
możliwy	A	sg.n.loc	możliwym
możliwy	A	sg.n.nom	możliwe
muzyk	N	pl.acc	muzyków
muzyk	N	pl.dat	muzykom
muzyk	N	pl.gen	muzyków
muzyk	N	pl.ins	muzykami
muzyk	N	pl.loc	muzykach
muzyk	N	pl.nom	muzycy
muzyk	N	pl.voc	muzycy
muzyk	N	sg.acc	muzyka
muzyk	N	sg.dat	muzykowi
muzyk	N	sg.gen	muzyka
muzyk	N	sg.ins	muzykiem
muzyk	N	sg.loc	muzyku
muzyk	N	sg.nom	muzyk
muzyk	N	sg.voc	muzyku
mylić	V	cond.p1.pl	myliłybyśmy
mylić	V	cond.p1.pl.m.hum	mylilibyśmy
mylić	V	cond.p1.sg.f	myliłabym
mylić	V	cond.p1.sg.m	myliłbym
mylić	V	cond.p2.pl	myliłybyście
mylić	V	cond.p2.pl.m.hum	mylilibyście
mylić	V	cond.p2.sg.f	myliłabyś
mylić	V	cond.p2.sg.m	myliłbyś
mylić	V	cond.p3.pl	myliłyby
mylić	V	cond.p3.pl.m.hum	myliliby
mylić	V	cond.p3.sg.f	myliłaby
mylić	V	cond.p3.sg.m	myliłby
mylić	V	cond.p3.sg.n	myliłoby
mylić	V	fut.p1.pl	będziemy myliły
mylić	V	fut.p1.pl.m.hum	będziemy mylili
mylić	V	fut.p1.sg.f	będę myliła
mylić	V	fut.p1.sg.m	będę mylił
mylić	V	fut.p2.pl	będziecie myliły
mylić	V	fut.p2.pl.m.hum	będziecie mylili
mylić	V	fut.p2.sg.f	będziesz myliła
mylić	V	fut.p2.sg.m	będziesz mylił
mylić	V	fut.p3.pl	będą myliły
mylić	V	fut.p3.pl.m.hum	będą mylili
mylić	V	fut.p3.sg.f	będzie myliła
mylić	V	fut.p3.sg.m	będzie mylił
mylić	V	fut.p3.sg.n	będzie myliło
mylić	V	imp.p1.pl	mylmy
mylić	V	imp.p2.pl	mylcie
mylić	V	imp.p2.sg	myl
mylić	V	imp.p3.pl	niech mylą
mylić	V	imp.p3.sg	niech myli
mylić	V	past.p1.pl	myliłyśmy
mylić	V	past.p1.pl.m.hum	myliliśmy
mylić	V	past.p1.sg.f	myliłam
mylić	V	past.p1.sg.m	myliłem
mylić	V	past.p2.pl	myliłyście
mylić	V	past.p2.pl.m.hum	myliliście
mylić	V	past.p2.sg.f	myliłaś
mylić	V	past.p2.sg.m	myliłeś
mylić	V	past.p3.pl	myliły
mylić	V	past.p3.pl.m.hum	mylili
mylić	V	past.p3.sg.f	myliła
mylić	V	past.p3.sg.m	mylił
mylić	V	past.p3.sg.n	myliło
mylić	V	pres.p1.pl	mylimy
mylić	V	pres.p1.sg	mylę
mylić	V	pres.p2.pl	mylicie
mylić	V	pres.p2.sg	mylisz
mylić	V	pres.p3.pl	mylą
mylić	V	pres.p3.sg	myli
myśl	N	pl.acc	myśli
myśl	N	pl.dat	myślom
myśl	N	pl.gen	myśli
myśl	N	pl.ins	myślami
myśl	N	pl.loc	myślach
myśl	N	pl.nom	myśli
myśl	N	pl.voc	myśli
myśl	N	sg.acc	myśl
myśl	N	sg.dat	myśli
myśl	N	sg.gen	myśli
myśl	N	sg.ins	myślą
myśl	N	sg.loc	myśli
myśl	N	sg.nom	myśl
myśl	N	sg.voc	myśli
nadchodzić	V	cond.p1.pl	nadchodziłybyśmy
nadchodzić	V	cond.p1.pl.m.hum	nadchodzilibyśmy
nadchodzić	V	cond.p1.sg.f	nadchodziłabym
nadchodzić	V	cond.p1.sg.m	nadchodziłbym
nadchodzić	V	cond.p2.pl	nadchodziłybyście
nadchodzić	V	cond.p2.pl.m.hum	nadchodzilibyście
nadchodzić	V	cond.p2.sg.f	nadchodziłabyś
nadchodzić	V	cond.p2.sg.m	nadchodziłbyś
nadchodzić	V	cond.p3.pl	nadchodziłyby
nadchodzić	V	cond.p3.pl.m.hum	nadchodziliby
nadchodzić	V	cond.p3.sg.f	nadchodziłaby
nadchodzić	V	cond.p3.sg.m	nadchodziłby
nadchodzić	V	cond.p3.sg.n	nadchodziłoby
nadchodzić	V	fut.p1.pl	będziemy nadchodziły
nadchodzić	V	fut.p1.pl.m.hum	będziemy nadchodzili
nadchodzić	V	fut.p1.sg.f	będę nadchodziła
nadchodzić	V	fut.p1.sg.m	będę nadchodził
nadchodzić	V	fut.p2.pl	będziecie nadchodziły
nadchodzić	V	fut.p2.pl.m.hum	będziecie nadchodzili
nadchodzić	V	fut.p2.sg.f	będziesz nadchodziła
nadchodzić	V	fut.p2.sg.m	będziesz nadchodził
nadchodzić	V	fut.p3.pl	będą nadchodziły
nadchodzić	V	fut.p3.pl.m.hum	będą nadchodzili
nadchodzić	V	fut.p3.sg.f	będzie nadchodziła
nadchodzić	V	fut.p3.sg.m	będzie nadchodził
nadchodzić	V	fut.p3.sg.n	będzie nadchodziło
nadchodzić	V	imp.p1.pl	nadchodźmy
nadchodzić	V	imp.p2.pl	nadchodźcie
nadchodzić	V	imp.p2.sg	nadchodź
nadchodzić	V	imp.p3.pl	niech nadchodzą
nadchodzić	V	imp.p3.sg	niech nadchodzi
nadchodzić	V	past.p1.pl	nadchodziłyśmy
nadchodzić	V	past.p1.pl.m.hum	nadchodziliśmy
nadchodzić	V	past.p1.sg.f	nadchodziłam
nadchodzić	V	past.p1.sg.m	nadchodziłem
nadchodzić	V	past.p2.pl	nadchodziłyście
nadchodzić	V	past.p2.pl.m.hum	nadchodziliście
nadchodzić	V	past.p2.sg.f	nadchodziłaś
nadchodzić	V	past.p2.sg.m	nadchodziłeś
nadchodzić	V	past.p3.pl	nadchodziły
nadchodzić	V	past.p3.pl.m.hum	nadchodzili
nadchodzić	V	past.p3.sg.f	nadchodziła
nadchodzić	V	past.p3.sg.m	nadchodził
nadchodzić	V	past.p3.sg.n	nadchodziło
nadchodzić	V	pres.p1.pl	nadchodzimy
nadchodzić	V	pres.p1.sg	nadchodzę
nadchodzić	V	pres.p2.pl	nadchodzicie
nadchodzić	V	pres.p2.sg	nadchodzisz
nadchodzić	V	pres.p3.pl	nadchodzą
nadchodzić	V	pres.p3.sg	nadchodzi
nadzieja	N	pl.acc	nadzieje
nadzieja	N	pl.dat	nadziejom
nadzieja	N	pl.gen	nadziei
nadzieja	N	pl.ins	nadziejami
nadzieja	N	pl.loc	nadziejach
nadzieja	N	pl.nom	nadzieje
nadzieja	N	pl.voc	nadzieje
nadzieja	N	sg.acc	nadzieję
nadzieja	N	sg.dat	nadziei
nadzieja	N	sg.gen	nadziei
nadzieja	N	sg.ins	nadzieją
nadzieja	N	sg.loc	nadziei
nadzieja	N	sg.nom	nadzieja
nadzieja	N	sg.voc	nadziejo
nagi	A	pl.acc	nagie
nagi	A	pl.dat	nagim
nagi	A	pl.gen	nagich
nagi	A	pl.ins	nagimi
nagi	A	pl.loc	nagich
nagi	A	pl.m.hum.acc	nagich
nagi	A	pl.m.hum.nom	nadzy
nagi	A	pl.nom	nagie
nagi	A	sg.f.acc	nagą
nagi	A	sg.f.dat	nagiej
nagi	A	sg.f.gen	nagiej
nagi	A	sg.f.ins	nagą
nagi	A	sg.f.loc	nagiej
nagi	A	sg.f.nom	naga
nagi	A	sg.m.anim.acc	nagiego
nagi	A	sg.m.dat	nagiemu
nagi	A	sg.m.gen	nagiego
nagi	A	sg.m.hum.acc	nagiego
nagi	A	sg.m.inan.acc	nagi
nagi	A	sg.m.ins	nagim
nagi	A	sg.m.loc	nagim
nagi	A	sg.m.nom	nagi
nagi	A	sg.n.acc	nagie
nagi	A	sg.n.dat	nagiemu
nagi	A	sg.n.gen	nagiego
nagi	A	sg.n.ins	nagim
nagi	A	sg.n.loc	nagim
nagi	A	sg.n.nom	nagie
nagroda	N	pl.acc	nagrody
nagroda	N	pl.dat	nagrodom
nagroda	N	pl.gen	nagród
nagroda	N	pl.ins	nagrodami
nagroda	N	pl.loc	nagrodach
nagroda	N	pl.nom	nagrody
nagroda	N	pl.voc	nagrody
nagroda	N	sg.acc	nagrodę
nagroda	N	sg.dat	nagrodzie
nagroda	N	sg.gen	nagrody
nagroda	N	sg.ins	nagrodą
nagroda	N	sg.loc	nagrodzie
nagroda	N	sg.nom	nagroda
nagroda	N	sg.voc	nagrodo
najlepszy	A	pl.acc	najlepsze
najlepszy	A	pl.dat	najlepszym
najlepszy	A	pl.gen	najlepszych
najlepszy	A	pl.ins	najlepszymi
najlepszy	A	pl.loc	najlepszych
najlepszy	A	pl.m.hum.acc	najlepszych
najlepszy	A	pl.m.hum.nom	najlepsi
najlepszy	A	pl.nom	najlepsze
najlepszy	A	sg.f.acc	najlepszą
najlepszy	A	sg.f.dat	najlepszej
najlepszy	A	sg.f.gen	najlepszej
najlepszy	A	sg.f.ins	najlepszą
najlepszy	A	sg.f.loc	najlepszej
najlepszy	A	sg.f.nom	najlepsza
najlepszy	A	sg.m.anim.acc	najlepszego
najlepszy	A	sg.m.dat	najlepszemu
najlepszy	A	sg.m.gen	najlepszego
najlepszy	A	sg.m.hum.acc	najlepszego
najlepszy	A	sg.m.inan.acc	najlepszy
najlepszy	A	sg.m.ins	najlepszym
najlepszy	A	sg.m.loc	najlepszym
najlepszy	A	sg.m.nom	najlepszy
najlepszy	A	sg.n.acc	najlepsze
najlepszy	A	sg.n.dat	najlepszemu
najlepszy	A	sg.n.gen	najlepszego
najlepszy	A	sg.n.ins	najlepszym
najlepszy	A	sg.n.loc	najlepszym
najlepszy	A	sg.n.nom	najlepsze
należeć	V	cond.p1.pl	należałybyśmy
należeć	V	cond.p1.pl.m.hum	należelibyśmy
należeć	V	cond.p1.sg.f	należałabym
należeć	V	cond.p1.sg.m	należałbym
należeć	V	cond.p2.pl	należałybyście
należeć	V	cond.p2.pl.m.hum	należelibyście
należeć	V	cond.p2.sg.f	należałabyś
należeć	V	cond.p2.sg.m	należałbyś
należeć	V	cond.p3.pl	należałyby
należeć	V	cond.p3.pl.m.hum	należeliby
należeć	V	cond.p3.sg.f	należałaby
należeć	V	cond.p3.sg.m	należałby
należeć	V	cond.p3.sg.n	należałoby
należeć	V	fut.p1.pl	będziemy należały
należeć	V	fut.p1.pl.m.hum	będziemy należeli
należeć	V	fut.p1.sg.f	będę należała
należeć	V	fut.p1.sg.m	będę należał
należeć	V	fut.p2.pl	będziecie należały
należeć	V	fut.p2.pl.m.hum	będziecie należeli
należeć	V	fut.p2.sg.f	będziesz należała
należeć	V	fut.p2.sg.m	będziesz należał
należeć	V	fut.p3.pl	będą należały
należeć	V	fut.p3.pl.m.hum	będą należeli
należeć	V	fut.p3.sg.f	będzie należała
należeć	V	fut.p3.sg.m	będzie należał
należeć	V	fut.p3.sg.n	będzie należało
należeć	V	imp.p1.pl	należmy
należeć	V	imp.p2.pl	należcie
należeć	V	imp.p2.sg	należ
należeć	V	imp.p3.pl	niech należą
należeć	V	imp.p3.sg	niech należy
należeć	V	past.p1.pl	należałyśmy
należeć	V	past.p1.pl.m.hum	należeliśmy
należeć	V	past.p1.sg.f	należałam
należeć	V	past.p1.sg.m	należałem
należeć	V	past.p2.pl	należałyście
należeć	V	past.p2.pl.m.hum	należeliście
należeć	V	past.p2.sg.f	należałaś
należeć	V	past.p2.sg.m	należałeś
należeć	V	past.p3.pl	należały
należeć	V	past.p3.pl.m.hum	należeli
należeć	V	past.p3.sg.f	należała
należeć	V	past.p3.sg.m	należał
należeć	V	past.p3.sg.n	należało
należeć	V	pres.p1.pl	należymy
należeć	V	pres.p1.sg	należę
należeć	V	pres.p2.pl	należycie
należeć	V	pres.p2.sg	należysz
należeć	V	pres.p3.pl	należą
należeć	V	pres.p3.sg	należy
napis	N	pl.acc	napisy
napis	N	pl.dat	napisom
napis	N	pl.gen	napisów
napis	N	pl.ins	napisami
napis	N	pl.loc	napisach
napis	N	pl.nom	napisy
napis	N	pl.voc	napisy
napis	N	sg.acc	napis
napis	N	sg.dat	napisowi
napis	N	sg.gen	napisu
napis	N	sg.ins	napisem
napis	N	sg.loc	napisie
napis	N	sg.nom	napis
napis	N	sg.voc	napisie
napisać	V	cond.p1.pl	napisałybyśmy
napisać	V	cond.p1.pl.m.hum	napisalibyśmy
napisać	V	cond.p1.sg.f	napisałabym
napisać	V	cond.p1.sg.m	napisałbym
napisać	V	cond.p2.pl	napisałybyście
napisać	V	cond.p2.pl.m.hum	napisalibyście
napisać	V	cond.p2.sg.f	napisałabyś
napisać	V	cond.p2.sg.m	napisałbyś
napisać	V	cond.p3.pl	napisałyby
napisać	V	cond.p3.pl.m.hum	napisaliby
napisać	V	cond.p3.sg.f	napisałaby
napisać	V	cond.p3.sg.m	napisałby
napisać	V	cond.p3.sg.n	napisałoby
napisać	V	fut.p1.pl	napiszemy
napisać	V	fut.p1.sg	napiszę
napisać	V	fut.p2.pl	napiszecie
napisać	V	fut.p2.sg	napiszesz
napisać	V	fut.p3.pl	napiszą
napisać	V	fut.p3.sg	napisze
napisać	V	imp.p1.pl	napiszmy
napisać	V	imp.p1.sg	niech napiszę
napisać	V	imp.p2.pl	napiszcie
napisać	V	imp.p2.sg	napisz
napisać	V	imp.p3.pl	niech napiszą
napisać	V	imp.p3.sg	niech napisze
napisać	V	past.p1.pl	napisałyśmy
napisać	V	past.p1.pl.m.hum	napisaliśmy
napisać	V	past.p1.sg.f	napisałam
napisać	V	past.p1.sg.m	napisałem
napisać	V	past.p2.pl	napisałyście
napisać	V	past.p2.pl.m.hum	napisaliście
napisać	V	past.p2.sg.f	napisałaś
napisać	V	past.p2.sg.m	napisałeś
napisać	V	past.p3.pl	napisały
napisać	V	past.p3.pl.m.hum	napisali
napisać	V	past.p3.sg.f	napisała
napisać	V	past.p3.sg.m	napisał
napisać	V	past.p3.sg.n	napisało
narkotyk	N	pl.acc	narkotyki
narkotyk	N	pl.dat	narkotykom
narkotyk	N	pl.gen	narkotyków
narkotyk	N	pl.ins	narkotykami
narkotyk	N	pl.loc	narkotykach
narkotyk	N	pl.nom	narkotyki
narkotyk	N	pl.voc	narkotyki
narkotyk	N	sg.acc	narkotyk
narkotyk	N	sg.dat	narkotykowi
narkotyk	N	sg.gen	narkotyku
narkotyk	N	sg.ins	narkotykiem
narkotyk	N	sg.loc	narkotyku
narkotyk	N	sg.nom	narkotyk
narkotyk	N	sg.voc	narkotyku
narzędzie	N	pl.acc	narzędzia
narzędzie	N	pl.dat	narzędziom
narzędzie	N	pl.gen	narzędzi
narzędzie	N	pl.ins	narzędziami
narzędzie	N	pl.loc	narzędziach
narzędzie	N	pl.nom	narzędzia
narzędzie	N	pl.voc	narzędzia
narzędzie	N	sg.acc	narzędzie
narzędzie	N	sg.dat	narzędziu
narzędzie	N	sg.gen	narzędzia
narzędzie	N	sg.ins	narzędziem
narzędzie	N	sg.loc	narzędziu
narzędzie	N	sg.nom	narzędzie
narzędzie	N	sg.voc	narzędzie
następny	A	pl.acc	następne
następny	A	pl.dat	następnym
następny	A	pl.gen	następnych
następny	A	pl.ins	następnymi
następny	A	pl.loc	następnych
następny	A	pl.m.hum.acc	następnych
następny	A	pl.m.hum.nom	następni
następny	A	pl.nom	następne
następny	A	sg.f.acc	następną
następny	A	sg.f.dat	następnej
następny	A	sg.f.gen	następnej
następny	A	sg.f.ins	następną
następny	A	sg.f.loc	następnej
następny	A	sg.f.nom	następna
następny	A	sg.m.anim.acc	następnego
następny	A	sg.m.dat	następnemu
następny	A	sg.m.gen	następnego
następny	A	sg.m.hum.acc	następnego
następny	A	sg.m.inan.acc	następny
następny	A	sg.m.ins	następnym
następny	A	sg.m.loc	następnym
następny	A	sg.m.nom	następny
następny	A	sg.n.acc	następne
następny	A	sg.n.dat	następnemu
następny	A	sg.n.gen	następnego
następny	A	sg.n.ins	następnym
następny	A	sg.n.loc	następnym
następny	A	sg.n.nom	następne
nauczyciel	N	pl.acc	nauczycieli
nauczyciel	N	pl.dat	nauczycielom
nauczyciel	N	pl.gen	nauczycieli
nauczyciel	N	pl.ins	nauczycielami
nauczyciel	N	pl.loc	nauczycielach
nauczyciel	N	pl.nom	nauczyciele
nauczyciel	N	pl.voc	nauczyciele
nauczyciel	N	sg.acc	nauczyciela
nauczyciel	N	sg.dat	nauczycielowi
nauczyciel	N	sg.gen	nauczyciela
nauczyciel	N	sg.ins	nauczycielem
nauczyciel	N	sg.loc	nauczycielu
nauczyciel	N	sg.nom	nauczyciel
nauczyciel	N	sg.voc	nauczycielu
nauka	N	pl.acc	nauki
nauka	N	pl.dat	naukom
nauka	N	pl.gen	nauk
nauka	N	pl.ins	naukami
nauka	N	pl.loc	naukach
nauka	N	pl.nom	nauki
nauka	N	pl.voc	nauki
nauka	N	sg.acc	naukę
nauka	N	sg.dat	nauce
nauka	N	sg.gen	nauki
nauka	N	sg.ins	nauką
nauka	N	sg.loc	nauce
nauka	N	sg.nom	nauka
nauka	N	sg.voc	nauko
nazwa	N	pl.acc	nazwy
nazwa	N	pl.dat	nazwom
nazwa	N	pl.gen	nazw
nazwa	N	pl.ins	nazwami
nazwa	N	pl.loc	nazwach
nazwa	N	pl.nom	nazwy
nazwa	N	pl.voc	nazwy
nazwa	N	sg.acc	nazwę
nazwa	N	sg.dat	nazwie
nazwa	N	sg.gen	nazwy
nazwa	N	sg.ins	nazwą
nazwa	N	sg.loc	nazwie
nazwa	N	sg.nom	nazwa
nazwa	N	sg.voc	nazwo
nazwisko	N	pl.acc	nazwiska
nazwisko	N	pl.dat	nazwiskom
nazwisko	N	pl.gen	nazwisek
nazwisko	N	pl.ins	nazwiskami
nazwisko	N	pl.loc	nazwiskach
nazwisko	N	pl.nom	nazwiska
nazwisko	N	pl.voc	nazwiska
nazwisko	N	sg.acc	nazwisko
nazwisko	N	sg.dat	nazwisku
nazwisko	N	sg.gen	nazwiska
nazwisko	N	sg.ins	nazwiskiem
nazwisko	N	sg.loc	nazwisku
nazwisko	N	sg.nom	nazwisko
nazwisko	N	sg.voc	nazwisko
nazywać	V	cond.p1.pl	nazywałybyśmy
nazywać	V	cond.p1.pl.m.hum	nazywalibyśmy
nazywać	V	cond.p1.sg.f	nazywałabym
nazywać	V	cond.p1.sg.m	nazywałbym
nazywać	V	cond.p2.pl	nazywałybyście
nazywać	V	cond.p2.pl.m.hum	nazywalibyście
nazywać	V	cond.p2.sg.f	nazywałabyś
nazywać	V	cond.p2.sg.m	nazywałbyś
nazywać	V	cond.p3.pl	nazywałyby
nazywać	V	cond.p3.pl.m.hum	nazywaliby
nazywać	V	cond.p3.sg.f	nazywałaby
nazywać	V	cond.p3.sg.m	nazywałby
nazywać	V	cond.p3.sg.n	nazywałoby
nazywać	V	fut.p1.pl	będziemy nazywały
nazywać	V	fut.p1.pl.m.hum	będziemy nazywali
nazywać	V	fut.p1.sg.f	będę nazywała
nazywać	V	fut.p1.sg.m	będę nazywał
nazywać	V	fut.p2.pl	będziecie nazywały
nazywać	V	fut.p2.pl.m.hum	będziecie nazywali
nazywać	V	fut.p2.sg.f	będziesz nazywała
nazywać	V	fut.p2.sg.m	będziesz nazywał
nazywać	V	fut.p3.pl	będą nazywały
nazywać	V	fut.p3.pl.m.hum	będą nazywali
nazywać	V	fut.p3.sg.f	będzie nazywała
nazywać	V	fut.p3.sg.m	będzie nazywał
nazywać	V	fut.p3.sg.n	będzie nazywało
nazywać	V	imp.p1.pl	nazywajmy
nazywać	V	imp.p2.pl	nazywajcie
nazywać	V	imp.p2.sg	nazywaj
nazywać	V	imp.p3.pl	niech nazywają
nazywać	V	imp.p3.sg	niech nazywa
nazywać	V	past.p1.pl	nazywałyśmy
nazywać	V	past.p1.pl.m.hum	nazywaliśmy
nazywać	V	past.p1.sg.f	nazywałam
nazywać	V	past.p1.sg.m	nazywałem
nazywać	V	past.p2.pl	nazywałyście
nazywać	V	past.p2.pl.m.hum	nazywaliście
nazywać	V	past.p2.sg.f	nazywałaś
nazywać	V	past.p2.sg.m	nazywałeś
nazywać	V	past.p3.pl	nazywały
nazywać	V	past.p3.pl.m.hum	nazywali
nazywać	V	past.p3.sg.f	nazywała
nazywać	V	past.p3.sg.m	nazywał
nazywać	V	past.p3.sg.n	nazywało
nazywać	V	pres.p1.pl	nazywamy
nazywać	V	pres.p1.sg	nazywam
nazywać	V	pres.p2.pl	nazywacie
nazywać	V	pres.p2.sg	nazywasz
nazywać	V	pres.p3.pl	nazywają
nazywać	V	pres.p3.sg	nazywa
niebezpieczeństwo	N	pl.acc	niebezpieczeństwa
niebezpieczeństwo	N	pl.dat	niebezpieczeństwom
niebezpieczeństwo	N	pl.gen	niebezpieczeństw
niebezpieczeństwo	N	pl.ins	niebezpieczeństwami
niebezpieczeństwo	N	pl.loc	niebezpieczeństwach
niebezpieczeństwo	N	pl.nom	niebezpieczeństwa
niebezpieczeństwo	N	pl.voc	niebezpieczeństwa
niebezpieczeństwo	N	sg.acc	niebezpieczeństwo
niebezpieczeństwo	N	sg.dat	niebezpieczeństwu
niebezpieczeństwo	N	sg.gen	niebezpieczeństwa
niebezpieczeństwo	N	sg.ins	niebezpieczeństwem
niebezpieczeństwo	N	sg.loc	niebezpieczeństwie
niebezpieczeństwo	N	sg.nom	niebezpieczeństwo
niebezpieczeństwo	N	sg.voc	niebezpieczeństwo
niebo	N	pl.acc	nieba
niebo	N	pl.dat	niebom
niebo	N	pl.gen	nieb
niebo	N	pl.ins	niebami
niebo	N	pl.loc	niebach
niebo	N	pl.nom	nieba
niebo	N	pl.voc	nieba
niebo	N	sg.acc	niebo
niebo	N	sg.dat	niebu
niebo	N	sg.gen	nieba
niebo	N	sg.ins	niebem
niebo	N	sg.loc	niebie
niebo	N	sg.nom	niebo
niebo	N	sg.voc	niebo
niektóry	A	pl.acc	niektóre
niektóry	A	pl.dat	niektórym
niektóry	A	pl.gen	niektórych
niektóry	A	pl.ins	niektórymi
niektóry	A	pl.loc	niektórych
niektóry	A	pl.m.hum.acc	niektórych
niektóry	A	pl.m.hum.nom	niektórzy
niektóry	A	pl.nom	niektóre
niektóry	A	sg.f.acc	niektórą
niektóry	A	sg.f.dat	niektórej
niektóry	A	sg.f.gen	niektórej
niektóry	A	sg.f.ins	niektórą
niektóry	A	sg.f.loc	niektórej
niektóry	A	sg.f.nom	niektóra
niektóry	A	sg.m.anim.acc	niektórego
niektóry	A	sg.m.dat	niektóremu
niektóry	A	sg.m.gen	niektórego
niektóry	A	sg.m.hum.acc	niektórego
niektóry	A	sg.m.inan.acc	niektóry
niektóry	A	sg.m.ins	niektórym
niektóry	A	sg.m.loc	niektórym
niektóry	A	sg.m.nom	niektóry
niektóry	A	sg.n.acc	niektóre
niektóry	A	sg.n.dat	niektóremu
niektóry	A	sg.n.gen	niektórego
niektóry	A	sg.n.ins	niektórym
niektóry	A	sg.n.loc	niektórym
niektóry	A	sg.n.nom	niektóre
nieprawda	N	pl.acc	nieprawdy
nieprawda	N	pl.dat	nieprawdom
nieprawda	N	pl.gen	nieprawd
nieprawda	N	pl.ins	nieprawdami
nieprawda	N	pl.loc	nieprawdach
nieprawda	N	pl.nom	nieprawdy
nieprawda	N	pl.voc	nieprawdy
nieprawda	N	sg.acc	nieprawdę
nieprawda	N	sg.dat	nieprawdzie
nieprawda	N	sg.gen	nieprawdy
nieprawda	N	sg.ins	nieprawdą
nieprawda	N	sg.loc	nieprawdzie
nieprawda	N	sg.nom	nieprawda
nieprawda	N	sg.voc	nieprawdo
niespodzianka	N	pl.acc	niespodzianki
niespodzianka	N	pl.dat	niespodziankom
niespodzianka	N	pl.gen	niespodzianek
niespodzianka	N	pl.ins	niespodziankami
niespodzianka	N	pl.loc	niespodziankach
niespodzianka	N	pl.nom	niespodzianki
niespodzianka	N	pl.voc	niespodzianki
niespodzianka	N	sg.acc	niespodziankę
niespodzianka	N	sg.dat	niespodziance
niespodzianka	N	sg.gen	niespodzianki
niespodzianka	N	sg.ins	niespodzianką
niespodzianka	N	sg.loc	niespodziance
niespodzianka	N	sg.nom	niespodzianka
niespodzianka	N	sg.voc	niespodzianko
noc	N	pl.acc	noce
noc	N	pl.dat	nocom
noc	N	pl.gen	nocy
noc	N	pl.ins	nocami
noc	N	pl.loc	nocach
noc	N	pl.nom	noce
noc	N	pl.voc	noce
noc	N	sg.acc	noc
noc	N	sg.dat	nocy
noc	N	sg.gen	nocy
noc	N	sg.ins	nocą
noc	N	sg.loc	nocy
noc	N	sg.nom	noc
noc	N	sg.voc	nocy
noga	N	pl.acc	nogi
noga	N	pl.dat	nogom
noga	N	pl.gen	nóg
noga	N	pl.ins	nogami
noga	N	pl.loc	nogach
noga	N	pl.nom	nogi
noga	N	pl.voc	nogi
noga	N	sg.acc	nogę
noga	N	sg.dat	nodze
noga	N	sg.gen	nogi
noga	N	sg.ins	nogą
noga	N	sg.loc	nodze
noga	N	sg.nom	noga
noga	N	sg.voc	nogo
normalny	A	pl.acc	normalne
normalny	A	pl.dat	normalnym
normalny	A	pl.gen	normalnych
normalny	A	pl.ins	normalnymi
normalny	A	pl.loc	normalnych
normalny	A	pl.m.hum.acc	normalnych
normalny	A	pl.m.hum.nom	normalni
normalny	A	pl.nom	normalne
normalny	A	sg.f.acc	normalną
normalny	A	sg.f.dat	normalnej
normalny	A	sg.f.gen	normalnej
normalny	A	sg.f.ins	normalną
normalny	A	sg.f.loc	normalnej
normalny	A	sg.f.nom	normalna
normalny	A	sg.m.anim.acc	normalnego
normalny	A	sg.m.dat	normalnemu
normalny	A	sg.m.gen	normalnego
normalny	A	sg.m.hum.acc	normalnego
normalny	A	sg.m.inan.acc	normalny
normalny	A	sg.m.ins	normalnym
normalny	A	sg.m.loc	normalnym
normalny	A	sg.m.nom	normalny
normalny	A	sg.n.acc	normalne
normalny	A	sg.n.dat	normalnemu
normalny	A	sg.n.gen	normalnego
normalny	A	sg.n.ins	normalnym
normalny	A	sg.n.loc	normalnym
normalny	A	sg.n.nom	normalne
nos	N	pl.acc	nosy
nos	N	pl.dat	nosom
nos	N	pl.gen	nosów
nos	N	pl.ins	nosami
nos	N	pl.loc	nosach
nos	N	pl.nom	nosy
nos	N	pl.voc	nosy
nos	N	sg.acc	nos
nos	N	sg.dat	nosowi
nos	N	sg.gen	nosa
nos	N	sg.ins	nosem
nos	N	sg.loc	nosie
nos	N	sg.nom	nos
nos	N	sg.voc	nosie
nosić	V	cond.p1.pl	nosiłybyśmy
nosić	V	cond.p1.pl.m.hum	nosilibyśmy
nosić	V	cond.p1.sg.f	nosiłabym
nosić	V	cond.p1.sg.m	nosiłbym
nosić	V	cond.p2.pl	nosiłybyście
nosić	V	cond.p2.pl.m.hum	nosilibyście
nosić	V	cond.p2.sg.f	nosiłabyś
nosić	V	cond.p2.sg.m	nosiłbyś
nosić	V	cond.p3.pl	nosiłyby
nosić	V	cond.p3.pl.m.hum	nosiliby
nosić	V	cond.p3.sg.f	nosiłaby
nosić	V	cond.p3.sg.m	nosiłby
nosić	V	cond.p3.sg.n	nosiłoby
nosić	V	fut.p1.pl	będziemy nosiły
nosić	V	fut.p1.pl.m.hum	będziemy nosili
nosić	V	fut.p1.sg.f	będę nosiła
nosić	V	fut.p1.sg.m	będę nosił
nosić	V	fut.p2.pl	będziecie nosiły
nosić	V	fut.p2.pl.m.hum	będziecie nosili
nosić	V	fut.p2.sg.f	będziesz nosiła
nosić	V	fut.p2.sg.m	będziesz nosił
nosić	V	fut.p3.pl	będą nosiły
nosić	V	fut.p3.pl.m.hum	będą nosili
nosić	V	fut.p3.sg.f	będzie nosiła
nosić	V	fut.p3.sg.m	będzie nosił
nosić	V	fut.p3.sg.n	będzie nosiło
nosić	V	imp.p1.pl	nośmy
nosić	V	imp.p2.pl	noście
nosić	V	imp.p2.sg	noś
nosić	V	imp.p3.pl	niech noszą
nosić	V	imp.p3.sg	niech nosi
nosić	V	past.p1.pl	nosiłyśmy
nosić	V	past.p1.pl.m.hum	nosiliśmy
nosić	V	past.p1.sg.f	nosiłam
nosić	V	past.p1.sg.m	nosiłem
nosić	V	past.p2.pl	nosiłyście
nosić	V	past.p2.pl.m.hum	nosiliście
nosić	V	past.p2.sg.f	nosiłaś
nosić	V	past.p2.sg.m	nosiłeś
nosić	V	past.p3.pl	nosiły
nosić	V	past.p3.pl.m.hum	nosili
nosić	V	past.p3.sg.f	nosiła
nosić	V	past.p3.sg.m	nosił
nosić	V	past.p3.sg.n	nosiło
nosić	V	pres.p1.pl	nosimy
nosić	V	pres.p1.sg	noszę
nosić	V	pres.p2.pl	nosicie
nosić	V	pres.p2.sg	nosisz
nosić	V	pres.p3.pl	noszą
nosić	V	pres.p3.sg	nosi
nowa	A	pl.acc	nowe
nowa	A	pl.dat	nowym
nowa	A	pl.gen	nowych
nowa	A	pl.ins	nowymi
nowa	A	pl.loc	nowych
nowa	A	pl.m.hum.acc	nowych
nowa	A	pl.m.hum.nom	nowi
nowa	A	pl.nom	nowe
nowa	A	sg.f.acc	nową
nowa	A	sg.f.dat	nowej
nowa	A	sg.f.gen	nowej
nowa	A	sg.f.ins	nową
nowa	A	sg.f.loc	nowej
nowa	A	sg.f.nom	nowa
nowa	A	sg.m.anim.acc	nowego
nowa	A	sg.m.dat	nowemu
nowa	A	sg.m.gen	nowego
nowa	A	sg.m.hum.acc	nowego
nowa	A	sg.m.inan.acc	nowy
nowa	A	sg.m.ins	nowym
nowa	A	sg.m.loc	nowym
nowa	A	sg.m.nom	nowy
nowa	A	sg.n.acc	nowe
nowa	A	sg.n.dat	nowemu
nowa	A	sg.n.gen	nowego
nowa	A	sg.n.ins	nowym
nowa	A	sg.n.loc	nowym
nowa	A	sg.n.nom	nowe
nowy	A	pl.acc	nowe
nowy	A	pl.dat	nowym
nowy	A	pl.gen	nowych
nowy	A	pl.ins	nowymi
nowy	A	pl.loc	nowych
nowy	A	pl.m.hum.acc	nowych
nowy	A	pl.m.hum.nom	nowi
nowy	A	pl.nom	nowe
nowy	A	sg.f.acc	nową
nowy	A	sg.f.dat	nowej
nowy	A	sg.f.gen	nowej
nowy	A	sg.f.ins	nową
nowy	A	sg.f.loc	nowej
nowy	A	sg.f.nom	nowa
nowy	A	sg.m.anim.acc	nowego
nowy	A	sg.m.dat	nowemu
nowy	A	sg.m.gen	nowego
nowy	A	sg.m.hum.acc	nowego
nowy	A	sg.m.inan.acc	nowy
nowy	A	sg.m.ins	nowym
nowy	A	sg.m.loc	nowym
nowy	A	sg.m.nom	nowy
nowy	A	sg.n.acc	nowe
nowy	A	sg.n.dat	nowemu
nowy	A	sg.n.gen	nowego
nowy	A	sg.n.ins	nowym
nowy	A	sg.n.loc	nowym
nowy	A	sg.n.nom	nowe
nóż	N	pl.acc	noże
nóż	N	pl.dat	nożom
nóż	N	pl.gen	noży
nóż	N	pl.ins	nożami
nóż	N	pl.loc	nożach
nóż	N	pl.nom	noże
nóż	N	pl.voc	noże
nóż	N	sg.acc	nóż
nóż	N	sg.dat	nożowi
nóż	N	sg.gen	noża
nóż	N	sg.ins	nożem
nóż	N	sg.loc	nożu
nóż	N	sg.nom	nóż
nóż	N	sg.voc	nożu
numer	N	pl.acc	numery
numer	N	pl.dat	numerom
numer	N	pl.gen	numerów
numer	N	pl.ins	numerami
numer	N	pl.loc	numerach
numer	N	pl.nom	numery
numer	N	pl.voc	numery
numer	N	sg.acc	numer
numer	N	sg.dat	numerowi
numer	N	sg.gen	numeru
numer	N	sg.ins	numerem
numer	N	sg.loc	numerze
numer	N	sg.nom	numer
numer	N	sg.voc	numerze
obawa	N	pl.acc	obawy
obawa	N	pl.dat	obawom
obawa	N	pl.gen	obaw
obawa	N	pl.ins	obawami
obawa	N	pl.loc	obawach
obawa	N	pl.nom	obawy
obawa	N	pl.voc	obawy
obawa	N	sg.acc	obawę
obawa	N	sg.dat	obawie
obawa	N	sg.gen	obawy
obawa	N	sg.ins	obawą
obawa	N	sg.loc	obawie
obawa	N	sg.nom	obawa
obawa	N	sg.voc	obawo
obiad	N	pl.acc	obiady
obiad	N	pl.dat	obiadom
obiad	N	pl.gen	obiadów
obiad	N	pl.ins	obiadami
obiad	N	pl.loc	obiadach
obiad	N	pl.nom	obiady
obiad	N	pl.voc	obiady
obiad	N	sg.acc	obiad
obiad	N	sg.dat	obiadowi
obiad	N	sg.gen	obiadu
obiad	N	sg.ins	obiadem
obiad	N	sg.loc	obiadzie
obiad	N	sg.nom	obiad
obiad	N	sg.voc	obiadzie
obiecać	V	cond.p1.pl	obiecałybyśmy
obiecać	V	cond.p1.pl.m.hum	obiecalibyśmy
obiecać	V	cond.p1.sg.f	obiecałabym
obiecać	V	cond.p1.sg.m	obiecałbym
obiecać	V	cond.p2.pl	obiecałybyście
obiecać	V	cond.p2.pl.m.hum	obiecalibyście
obiecać	V	cond.p2.sg.f	obiecałabyś
obiecać	V	cond.p2.sg.m	obiecałbyś
obiecać	V	cond.p3.pl	obiecałyby
obiecać	V	cond.p3.pl.m.hum	obiecaliby
obiecać	V	cond.p3.sg.f	obiecałaby
obiecać	V	cond.p3.sg.m	obiecałby
obiecać	V	cond.p3.sg.n	obiecałoby
obiecać	V	fut.p1.pl	obiecamy
obiecać	V	fut.p1.sg	obiecam
obiecać	V	fut.p2.pl	obiecacie
obiecać	V	fut.p2.sg	obiecasz
obiecać	V	fut.p3.pl	obiecają
obiecać	V	fut.p3.sg	obieca
obiecać	V	imp.p1.pl	obiecajmy
obiecać	V	imp.p1.sg	niech obiecam
obiecać	V	imp.p2.pl	obiecajcie
obiecać	V	imp.p2.sg	obiecaj
obiecać	V	imp.p3.pl	niech obiecają
obiecać	V	imp.p3.sg	niech obieca
obiecać	V	past.p1.pl	obiecałyśmy
obiecać	V	past.p1.pl.m.hum	obiecaliśmy
obiecać	V	past.p1.sg.f	obiecałam
obiecać	V	past.p1.sg.m	obiecałem
obiecać	V	past.p2.pl	obiecałyście
obiecać	V	past.p2.pl.m.hum	obiecaliście
obiecać	V	past.p2.sg.f	obiecałaś
obiecać	V	past.p2.sg.m	obiecałeś
obiecać	V	past.p3.pl	obiecały
obiecać	V	past.p3.pl.m.hum	obiecali
obiecać	V	past.p3.sg.f	obiecała
obiecać	V	past.p3.sg.m	obiecał
obiecać	V	past.p3.sg.n	obiecało
obiecywać	V	cond.p1.pl	obiecywałybyśmy
obiecywać	V	cond.p1.pl.m.hum	obiecywalibyśmy
obiecywać	V	cond.p1.sg.f	obiecywałabym
obiecywać	V	cond.p1.sg.m	obiecywałbym
obiecywać	V	cond.p2.pl	obiecywałybyście
obiecywać	V	cond.p2.pl.m.hum	obiecywalibyście
obiecywać	V	cond.p2.sg.f	obiecywałabyś
obiecywać	V	cond.p2.sg.m	obiecywałbyś
obiecywać	V	cond.p3.pl	obiecywałyby
obiecywać	V	cond.p3.pl.m.hum	obiecywaliby
obiecywać	V	cond.p3.sg.f	obiecywałaby
obiecywać	V	cond.p3.sg.m	obiecywałby
obiecywać	V	cond.p3.sg.n	obiecywałoby
obiecywać	V	fut.p1.pl	będziemy obiecywały
obiecywać	V	fut.p1.pl.m.hum	będziemy obiecywali
obiecywać	V	fut.p1.sg.f	będę obiecywała
obiecywać	V	fut.p1.sg.m	będę obiecywał
obiecywać	V	fut.p2.pl	będziecie obiecywały
obiecywać	V	fut.p2.pl.m.hum	będziecie obiecywali
obiecywać	V	fut.p2.sg.f	będziesz obiecywała
obiecywać	V	fut.p2.sg.m	będziesz obiecywał
obiecywać	V	fut.p3.pl	będą obiecywały
obiecywać	V	fut.p3.pl.m.hum	będą obiecywali
obiecywać	V	fut.p3.sg.f	będzie obiecywała
obiecywać	V	fut.p3.sg.m	będzie obiecywał
obiecywać	V	fut.p3.sg.n	będzie obiecywało
obiecywać	V	imp.p1.pl	obiecujmy
obiecywać	V	imp.p2.pl	obiecujcie
obiecywać	V	imp.p2.sg	obiecuj
obiecywać	V	imp.p3.pl	niech obiecują
obiecywać	V	imp.p3.sg	niech obiecuje
obiecywać	V	past.p1.pl	obiecywałyśmy
obiecywać	V	past.p1.pl.m.hum	obiecywaliśmy
obiecywać	V	past.p1.sg.f	obiecywałam
obiecywać	V	past.p1.sg.m	obiecywałem
obiecywać	V	past.p2.pl	obiecywałyście
obiecywać	V	past.p2.pl.m.hum	obiecywaliście
obiecywać	V	past.p2.sg.f	obiecywałaś
obiecywać	V	past.p2.sg.m	obiecywałeś
obiecywać	V	past.p3.pl	obiecywały
obiecywać	V	past.p3.pl.m.hum	obiecywali
obiecywać	V	past.p3.sg.f	obiecywała
obiecywać	V	past.p3.sg.m	obiecywał
obiecywać	V	past.p3.sg.n	obiecywało
obiecywać	V	pres.p1.pl	obiecujemy
obiecywać	V	pres.p1.sg	obiecuję
obiecywać	V	pres.p2.pl	obiecujecie
obiecywać	V	pres.p2.sg	obiecujesz
obiecywać	V	pres.p3.pl	obiecują
obiecywać	V	pres.p3.sg	obiecuje
obój	N	pl.acc	oboje
obój	N	pl.dat	obojom
obój	N	pl.gen	obojów
obój	N	pl.ins	obojami
obój	N	pl.loc	obojach
obój	N	pl.nom	oboje
obój	N	pl.voc	oboje
obój	N	sg.acc	obój
obój	N	sg.dat	obojowi
obój	N	sg.gen	oboju
obój	N	sg.ins	obojem
obój	N	sg.loc	oboju
obój	N	sg.nom	obój
obój	N	sg.voc	oboju
obowiązek	N	pl.acc	obowiązki
obowiązek	N	pl.dat	obowiązkom
obowiązek	N	pl.gen	obowiązków
obowiązek	N	pl.ins	obowiązkami
obowiązek	N	pl.loc	obowiązkach
obowiązek	N	pl.nom	obowiązki
obowiązek	N	pl.voc	obowiązki
obowiązek	N	sg.acc	obowiązek
obowiązek	N	sg.dat	obowiązkowi
obowiązek	N	sg.gen	obowiązku
obowiązek	N	sg.ins	obowiązkiem
obowiązek	N	sg.loc	obowiązku
obowiązek	N	sg.nom	obowiązek
obowiązek	N	sg.voc	obowiązku
obóz	N	pl.acc	obozy
obóz	N	pl.dat	obozom
obóz	N	pl.gen	obozów
obóz	N	pl.ins	obozami
obóz	N	pl.loc	obozach
obóz	N	pl.nom	obozy
obóz	N	pl.voc	obozy
obóz	N	sg.acc	obóz
obóz	N	sg.dat	obozowi
obóz	N	sg.gen	obozu
obóz	N	sg.ins	obozem
obóz	N	sg.loc	obozie
obóz	N	sg.nom	obóz
obóz	N	sg.voc	obozie
obrona	N	pl.acc	obrony
obrona	N	pl.dat	obronom
obrona	N	pl.gen	obron
obrona	N	pl.ins	obronami
obrona	N	pl.loc	obronach
obrona	N	pl.nom	obrony
obrona	N	pl.voc	obrony
obrona	N	sg.acc	obronę
obrona	N	sg.dat	obronie
obrona	N	sg.gen	obrony
obrona	N	sg.ins	obroną
obrona	N	sg.loc	obronie
obrona	N	sg.nom	obrona
obrona	N	sg.voc	obrono
obserwować	V	cond.p1.pl	obserwowałybyśmy
obserwować	V	cond.p1.pl.m.hum	obserwowalibyśmy
obserwować	V	cond.p1.sg.f	obserwowałabym
obserwować	V	cond.p1.sg.m	obserwowałbym
obserwować	V	cond.p2.pl	obserwowałybyście
obserwować	V	cond.p2.pl.m.hum	obserwowalibyście
obserwować	V	cond.p2.sg.f	obserwowałabyś
obserwować	V	cond.p2.sg.m	obserwowałbyś
obserwować	V	cond.p3.pl	obserwowałyby
obserwować	V	cond.p3.pl.m.hum	obserwowaliby
obserwować	V	cond.p3.sg.f	obserwowałaby
obserwować	V	cond.p3.sg.m	obserwowałby
obserwować	V	cond.p3.sg.n	obserwowałoby
obserwować	V	fut.p1.pl	będziemy obserwowały
obserwować	V	fut.p1.pl.m.hum	będziemy obserwowali
obserwować	V	fut.p1.sg.f	będę obserwowała
obserwować	V	fut.p1.sg.m	będę obserwował
obserwować	V	fut.p2.pl	będziecie obserwowały
obserwować	V	fut.p2.pl.m.hum	będziecie obserwowali
obserwować	V	fut.p2.sg.f	będziesz obserwowała
obserwować	V	fut.p2.sg.m	będziesz obserwował
obserwować	V	fut.p3.pl	będą obserwowały
obserwować	V	fut.p3.pl.m.hum	będą obserwowali
obserwować	V	fut.p3.sg.f	będzie obserwowała
obserwować	V	fut.p3.sg.m	będzie obserwował
obserwować	V	fut.p3.sg.n	będzie obserwowało
obserwować	V	imp.p1.pl	obserwujmy
obserwować	V	imp.p2.pl	obserwujcie
obserwować	V	imp.p2.sg	obserwuj
obserwować	V	imp.p3.pl	niech obserwują
obserwować	V	imp.p3.sg	niech obserwuje
obserwować	V	past.p1.pl	obserwowałyśmy
obserwować	V	past.p1.pl.m.hum	obserwowaliśmy
obserwować	V	past.p1.sg.f	obserwowałam
obserwować	V	past.p1.sg.m	obserwowałem
obserwować	V	past.p2.pl	obserwowałyście
obserwować	V	past.p2.pl.m.hum	obserwowaliście
obserwować	V	past.p2.sg.f	obserwowałaś
obserwować	V	past.p2.sg.m	obserwowałeś
obserwować	V	past.p3.pl	obserwowały
obserwować	V	past.p3.pl.m.hum	obserwowali
obserwować	V	past.p3.sg.f	obserwowała
obserwować	V	past.p3.sg.m	obserwował
obserwować	V	past.p3.sg.n	obserwowało
obserwować	V	pres.p1.pl	obserwujemy
obserwować	V	pres.p1.sg	obserwuję
obserwować	V	pres.p2.pl	obserwujecie
obserwować	V	pres.p2.sg	obserwujesz
obserwować	V	pres.p3.pl	obserwują
obserwować	V	pres.p3.sg	obserwuje
ocalić	V	cond.p1.pl	ocaliłybyśmy
ocalić	V	cond.p1.pl.m.hum	ocalilibyśmy
ocalić	V	cond.p1.sg.f	ocaliłabym
ocalić	V	cond.p1.sg.m	ocaliłbym
ocalić	V	cond.p2.pl	ocaliłybyście
ocalić	V	cond.p2.pl.m.hum	ocalilibyście
ocalić	V	cond.p2.sg.f	ocaliłabyś
ocalić	V	cond.p2.sg.m	ocaliłbyś
ocalić	V	cond.p3.pl	ocaliłyby
ocalić	V	cond.p3.pl.m.hum	ocaliliby
ocalić	V	cond.p3.sg.f	ocaliłaby
ocalić	V	cond.p3.sg.m	ocaliłby
ocalić	V	cond.p3.sg.n	ocaliłoby
ocalić	V	fut.p1.pl	ocalimy
ocalić	V	fut.p1.sg	ocalę
ocalić	V	fut.p2.pl	ocalicie
ocalić	V	fut.p2.sg	ocalisz
ocalić	V	fut.p3.pl	ocalą
ocalić	V	fut.p3.sg	ocali
ocalić	V	imp.p1.pl	ocalmy
ocalić	V	imp.p1.sg	niech ocalę
ocalić	V	imp.p2.pl	ocalcie
ocalić	V	imp.p2.sg	ocal
ocalić	V	imp.p3.pl	niech ocalą
ocalić	V	imp.p3.sg	niech ocali
ocalić	V	past.p1.pl	ocaliłyśmy
ocalić	V	past.p1.pl.m.hum	ocaliliśmy
ocalić	V	past.p1.sg.f	ocaliłam
ocalić	V	past.p1.sg.m	ocaliłem
ocalić	V	past.p2.pl	ocaliłyście
ocalić	V	past.p2.pl.m.hum	ocaliliście
ocalić	V	past.p2.sg.f	ocaliłaś
ocalić	V	past.p2.sg.m	ocaliłeś
ocalić	V	past.p3.pl	ocaliły
ocalić	V	past.p3.pl.m.hum	ocalili
ocalić	V	past.p3.sg.f	ocaliła
ocalić	V	past.p3.sg.m	ocalił
ocalić	V	past.p3.sg.n	ocaliło
oczywisty	A	pl.acc	oczywiste
oczywisty	A	pl.dat	oczywistym
oczywisty	A	pl.gen	oczywistych
oczywisty	A	pl.ins	oczywistymi
oczywisty	A	pl.loc	oczywistych
oczywisty	A	pl.m.hum.acc	oczywistych
oczywisty	A	pl.m.hum.nom	oczywiści
oczywisty	A	pl.nom	oczywiste
oczywisty	A	sg.f.acc	oczywistą
oczywisty	A	sg.f.dat	oczywistej
oczywisty	A	sg.f.gen	oczywistej
oczywisty	A	sg.f.ins	oczywistą
oczywisty	A	sg.f.loc	oczywistej
oczywisty	A	sg.f.nom	oczywista
oczywisty	A	sg.m.anim.acc	oczywistego
oczywisty	A	sg.m.dat	oczywistemu
oczywisty	A	sg.m.gen	oczywistego
oczywisty	A	sg.m.hum.acc	oczywistego
oczywisty	A	sg.m.inan.acc	oczywisty
oczywisty	A	sg.m.ins	oczywistym
oczywisty	A	sg.m.loc	oczywistym
oczywisty	A	sg.m.nom	oczywisty
oczywisty	A	sg.n.acc	oczywiste
oczywisty	A	sg.n.dat	oczywistemu
oczywisty	A	sg.n.gen	oczywistego
oczywisty	A	sg.n.ins	oczywistym
oczywisty	A	sg.n.loc	oczywistym
oczywisty	A	sg.n.nom	oczywiste
oda	N	pl.acc	ody
oda	N	pl.dat	odom
oda	N	pl.gen	ód
oda	N	pl.ins	odami
oda	N	pl.loc	odach
oda	N	pl.nom	ody
oda	N	pl.voc	ody
oda	N	sg.acc	odę
oda	N	sg.dat	odzie
oda	N	sg.gen	ody
oda	N	sg.ins	odą
oda	N	sg.loc	odzie
oda	N	sg.nom	oda
oda	N	sg.voc	odo
odbierać	V	cond.p1.pl	odbierałybyśmy
odbierać	V	cond.p1.pl.m.hum	odbieralibyśmy
odbierać	V	cond.p1.sg.f	odbierałabym
odbierać	V	cond.p1.sg.m	odbierałbym
odbierać	V	cond.p2.pl	odbierałybyście
odbierać	V	cond.p2.pl.m.hum	odbieralibyście
odbierać	V	cond.p2.sg.f	odbierałabyś
odbierać	V	cond.p2.sg.m	odbierałbyś
odbierać	V	cond.p3.pl	odbierałyby
odbierać	V	cond.p3.pl.m.hum	odbieraliby
odbierać	V	cond.p3.sg.f	odbierałaby
odbierać	V	cond.p3.sg.m	odbierałby
odbierać	V	cond.p3.sg.n	odbierałoby
odbierać	V	fut.p1.pl	będziemy odbierały
odbierać	V	fut.p1.pl.m.hum	będziemy odbierali
odbierać	V	fut.p1.sg.f	będę odbierała
odbierać	V	fut.p1.sg.m	będę odbierał
odbierać	V	fut.p2.pl	będziecie odbierały
odbierać	V	fut.p2.pl.m.hum	będziecie odbierali
odbierać	V	fut.p2.sg.f	będziesz odbierała
odbierać	V	fut.p2.sg.m	będziesz odbierał
odbierać	V	fut.p3.pl	będą odbierały
odbierać	V	fut.p3.pl.m.hum	będą odbierali
odbierać	V	fut.p3.sg.f	będzie odbierała
odbierać	V	fut.p3.sg.m	będzie odbierał
odbierać	V	fut.p3.sg.n	będzie odbierało
odbierać	V	imp.p1.pl	odbierajmy
odbierać	V	imp.p2.pl	odbierajcie
odbierać	V	imp.p2.sg	odbieraj
odbierać	V	imp.p3.pl	niech odbierają
odbierać	V	imp.p3.sg	niech odbiera
odbierać	V	past.p1.pl	odbierałyśmy
odbierać	V	past.p1.pl.m.hum	odbieraliśmy
odbierać	V	past.p1.sg.f	odbierałam
odbierać	V	past.p1.sg.m	odbierałem
odbierać	V	past.p2.pl	odbierałyście
odbierać	V	past.p2.pl.m.hum	odbieraliście
odbierać	V	past.p2.sg.f	odbierałaś
odbierać	V	past.p2.sg.m	odbierałeś
odbierać	V	past.p3.pl	odbierały
odbierać	V	past.p3.pl.m.hum	odbierali
odbierać	V	past.p3.sg.f	odbierała
odbierać	V	past.p3.sg.m	odbierał
odbierać	V	past.p3.sg.n	odbierało
odbierać	V	pres.p1.pl	odbieramy
odbierać	V	pres.p1.sg	odbieram
odbierać	V	pres.p2.pl	odbieracie
odbierać	V	pres.p2.sg	odbierasz
odbierać	V	pres.p3.pl	odbierają
odbierać	V	pres.p3.sg	odbiera
odchodzić	V	cond.p1.pl	odchodziłybyśmy
odchodzić	V	cond.p1.pl.m.hum	odchodzilibyśmy
odchodzić	V	cond.p1.sg.f	odchodziłabym
odchodzić	V	cond.p1.sg.m	odchodziłbym
odchodzić	V	cond.p2.pl	odchodziłybyście
odchodzić	V	cond.p2.pl.m.hum	odchodzilibyście
odchodzić	V	cond.p2.sg.f	odchodziłabyś
odchodzić	V	cond.p2.sg.m	odchodziłbyś
odchodzić	V	cond.p3.pl	odchodziłyby
odchodzić	V	cond.p3.pl.m.hum	odchodziliby
odchodzić	V	cond.p3.sg.f	odchodziłaby
odchodzić	V	cond.p3.sg.m	odchodziłby
odchodzić	V	cond.p3.sg.n	odchodziłoby
odchodzić	V	fut.p1.pl	będziemy odchodziły
odchodzić	V	fut.p1.pl.m.hum	będziemy odchodzili
odchodzić	V	fut.p1.sg.f	będę odchodziła
odchodzić	V	fut.p1.sg.m	będę odchodził
odchodzić	V	fut.p2.pl	będziecie odchodziły
odchodzić	V	fut.p2.pl.m.hum	będziecie odchodzili
odchodzić	V	fut.p2.sg.f	będziesz odchodziła
odchodzić	V	fut.p2.sg.m	będziesz odchodził
odchodzić	V	fut.p3.pl	będą odchodziły
odchodzić	V	fut.p3.pl.m.hum	będą odchodzili
odchodzić	V	fut.p3.sg.f	będzie odchodziła
odchodzić	V	fut.p3.sg.m	będzie odchodził
odchodzić	V	fut.p3.sg.n	będzie odchodziło
odchodzić	V	imp.p1.pl	odchodźmy
odchodzić	V	imp.p2.pl	odchodźcie
odchodzić	V	imp.p2.sg	odchodź
odchodzić	V	imp.p3.pl	niech odchodzą
odchodzić	V	imp.p3.sg	niech odchodzi
odchodzić	V	past.p1.pl	odchodziłyśmy
odchodzić	V	past.p1.pl.m.hum	odchodziliśmy
odchodzić	V	past.p1.sg.f	odchodziłam
odchodzić	V	past.p1.sg.m	odchodziłem
odchodzić	V	past.p2.pl	odchodziłyście
odchodzić	V	past.p2.pl.m.hum	odchodziliście
odchodzić	V	past.p2.sg.f	odchodziłaś
odchodzić	V	past.p2.sg.m	odchodziłeś
odchodzić	V	past.p3.pl	odchodziły
odchodzić	V	past.p3.pl.m.hum	odchodzili
odchodzić	V	past.p3.sg.f	odchodziła
odchodzić	V	past.p3.sg.m	odchodził
odchodzić	V	past.p3.sg.n	odchodziło
odchodzić	V	pres.p1.pl	odchodzimy
odchodzić	V	pres.p1.sg	odchodzę
odchodzić	V	pres.p2.pl	odchodzicie
odchodzić	V	pres.p2.sg	odchodzisz
odchodzić	V	pres.p3.pl	odchodzą
odchodzić	V	pres.p3.sg	odchodzi
odcinek	N	pl.acc	odcinki
odcinek	N	pl.dat	odcinkom
odcinek	N	pl.gen	odcinków
odcinek	N	pl.ins	odcinkami
odcinek	N	pl.loc	odcinkach
odcinek	N	pl.nom	odcinki
odcinek	N	pl.voc	odcinki
odcinek	N	sg.acc	odcinek
odcinek	N	sg.dat	odcinkowi
odcinek	N	sg.gen	odcinka
odcinek	N	sg.ins	odcinkiem
odcinek	N	sg.loc	odcinku
odcinek	N	sg.nom	odcinek
odcinek	N	sg.voc	odcinku
oddać	V	cond.p1.pl	oddałybyśmy
oddać	V	cond.p1.pl.m.hum	oddalibyśmy
oddać	V	cond.p1.sg.f	oddałabym
oddać	V	cond.p1.sg.m	oddałbym
oddać	V	cond.p2.pl	oddałybyście
oddać	V	cond.p2.pl.m.hum	oddalibyście
oddać	V	cond.p2.sg.f	oddałabyś
oddać	V	cond.p2.sg.m	oddałbyś
oddać	V	cond.p3.pl	oddałyby
oddać	V	cond.p3.pl.m.hum	oddaliby
oddać	V	cond.p3.sg.f	oddałaby
oddać	V	cond.p3.sg.m	oddałby
oddać	V	cond.p3.sg.n	oddałoby
oddać	V	fut.p1.pl	oddamy
oddać	V	fut.p1.sg	oddam
oddać	V	fut.p2.pl	oddacie
oddać	V	fut.p2.sg	oddasz
oddać	V	fut.p3.pl	oddadzą
oddać	V	fut.p3.sg	odda
oddać	V	imp.p1.pl	oddajmy
oddać	V	imp.p1.sg	niech oddam
oddać	V	imp.p2.pl	oddajcie
oddać	V	imp.p2.sg	oddaj
oddać	V	imp.p3.pl	niech oddadzą
oddać	V	imp.p3.sg	niech odda
oddać	V	past.p1.pl	oddałyśmy
oddać	V	past.p1.pl.m.hum	oddaliśmy
oddać	V	past.p1.sg.f	oddałam
oddać	V	past.p1.sg.m	oddałem
oddać	V	past.p2.pl	oddałyście
oddać	V	past.p2.pl.m.hum	oddaliście
oddać	V	past.p2.sg.f	oddałaś
oddać	V	past.p2.sg.m	oddałeś
oddać	V	past.p3.pl	oddały
oddać	V	past.p3.pl.m.hum	oddali
oddać	V	past.p3.sg.f	oddała
oddać	V	past.p3.sg.m	oddał
oddać	V	past.p3.sg.n	oddało
oddawać	V	cond.p1.pl	oddawałybyśmy
oddawać	V	cond.p1.pl.m.hum	oddawalibyśmy
oddawać	V	cond.p1.sg.f	oddawałabym
oddawać	V	cond.p1.sg.m	oddawałbym
oddawać	V	cond.p2.pl	oddawałybyście
oddawać	V	cond.p2.pl.m.hum	oddawalibyście
oddawać	V	cond.p2.sg.f	oddawałabyś
oddawać	V	cond.p2.sg.m	oddawałbyś
oddawać	V	cond.p3.pl	oddawałyby
oddawać	V	cond.p3.pl.m.hum	oddawaliby
oddawać	V	cond.p3.sg.f	oddawałaby
oddawać	V	cond.p3.sg.m	oddawałby
oddawać	V	cond.p3.sg.n	oddawałoby
oddawać	V	fut.p1.pl	będziemy oddawały
oddawać	V	fut.p1.pl.m.hum	będziemy oddawali
oddawać	V	fut.p1.sg.f	będę oddawała
oddawać	V	fut.p1.sg.m	będę oddawał
oddawać	V	fut.p2.pl	będziecie oddawały
oddawać	V	fut.p2.pl.m.hum	będziecie oddawali
oddawać	V	fut.p2.sg.f	będziesz oddawała
oddawać	V	fut.p2.sg.m	będziesz oddawał
oddawać	V	fut.p3.pl	będą oddawały
oddawać	V	fut.p3.pl.m.hum	będą oddawali
oddawać	V	fut.p3.sg.f	będzie oddawała
oddawać	V	fut.p3.sg.m	będzie oddawał
oddawać	V	fut.p3.sg.n	będzie oddawało
oddawać	V	imp.p1.pl	oddawajmy
oddawać	V	imp.p2.pl	oddawajcie
oddawać	V	imp.p2.sg	oddawaj
oddawać	V	imp.p3.pl	niech oddają
oddawać	V	imp.p3.sg	niech oddaje
oddawać	V	past.p1.pl	oddawałyśmy
oddawać	V	past.p1.pl.m.hum	oddawaliśmy
oddawać	V	past.p1.sg.f	oddawałam
oddawać	V	past.p1.sg.m	oddawałem
oddawać	V	past.p2.pl	oddawałyście
oddawać	V	past.p2.pl.m.hum	oddawaliście
oddawać	V	past.p2.sg.f	oddawałaś
oddawać	V	past.p2.sg.m	oddawałeś
oddawać	V	past.p3.pl	oddawały
oddawać	V	past.p3.pl.m.hum	oddawali
oddawać	V	past.p3.sg.f	oddawała
oddawać	V	past.p3.sg.m	oddawał
oddawać	V	past.p3.sg.n	oddawało
oddawać	V	pres.p1.pl	oddajemy
oddawać	V	pres.p1.sg	oddaję
oddawać	V	pres.p2.pl	oddajecie
oddawać	V	pres.p2.sg	oddajesz
oddawać	V	pres.p3.pl	oddają
oddawać	V	pres.p3.sg	oddaje
oddech	N	pl.acc	oddechy
oddech	N	pl.dat	oddechom
oddech	N	pl.gen	oddechów
oddech	N	pl.ins	oddechami
oddech	N	pl.loc	oddechach
oddech	N	pl.nom	oddechy
oddech	N	pl.voc	oddechy
oddech	N	sg.acc	oddech
oddech	N	sg.dat	oddechowi
oddech	N	sg.gen	oddechu
oddech	N	sg.ins	oddechem
oddech	N	sg.loc	oddechu
oddech	N	sg.nom	oddech
oddech	N	sg.voc	oddechu
oddychać	V	cond.p1.pl	oddychałybyśmy
oddychać	V	cond.p1.pl.m.hum	oddychalibyśmy
oddychać	V	cond.p1.sg.f	oddychałabym
oddychać	V	cond.p1.sg.m	oddychałbym
oddychać	V	cond.p2.pl	oddychałybyście
oddychać	V	cond.p2.pl.m.hum	oddychalibyście
oddychać	V	cond.p2.sg.f	oddychałabyś
oddychać	V	cond.p2.sg.m	oddychałbyś
oddychać	V	cond.p3.pl	oddychałyby
oddychać	V	cond.p3.pl.m.hum	oddychaliby
oddychać	V	cond.p3.sg.f	oddychałaby
oddychać	V	cond.p3.sg.m	oddychałby
oddychać	V	cond.p3.sg.n	oddychałoby
oddychać	V	fut.p1.pl	będziemy oddychały
oddychać	V	fut.p1.pl.m.hum	będziemy oddychali
oddychać	V	fut.p1.sg.f	będę oddychała
oddychać	V	fut.p1.sg.m	będę oddychał
oddychać	V	fut.p2.pl	będziecie oddychały
oddychać	V	fut.p2.pl.m.hum	będziecie oddychali
oddychać	V	fut.p2.sg.f	będziesz oddychała
oddychać	V	fut.p2.sg.m	będziesz oddychał
oddychać	V	fut.p3.pl	będą oddychały
oddychać	V	fut.p3.pl.m.hum	będą oddychali
oddychać	V	fut.p3.sg.f	będzie oddychała
oddychać	V	fut.p3.sg.m	będzie oddychał
oddychać	V	fut.p3.sg.n	będzie oddychało
oddychać	V	imp.p1.pl	oddychajmy
oddychać	V	imp.p2.pl	oddychajcie
oddychać	V	imp.p2.sg	oddychaj
oddychać	V	imp.p3.pl	niech oddychają
oddychać	V	imp.p3.sg	niech oddycha
oddychać	V	past.p1.pl	oddychałyśmy
oddychać	V	past.p1.pl.m.hum	oddychaliśmy
oddychać	V	past.p1.sg.f	oddychałam
oddychać	V	past.p1.sg.m	oddychałem
oddychać	V	past.p2.pl	oddychałyście
oddychać	V	past.p2.pl.m.hum	oddychaliście
oddychać	V	past.p2.sg.f	oddychałaś
oddychać	V	past.p2.sg.m	oddychałeś
oddychać	V	past.p3.pl	oddychały
oddychać	V	past.p3.pl.m.hum	oddychali
oddychać	V	past.p3.sg.f	oddychała
oddychać	V	past.p3.sg.m	oddychał
oddychać	V	past.p3.sg.n	oddychało
oddychać	V	pres.p1.pl	oddychamy
oddychać	V	pres.p1.sg	oddycham
oddychać	V	pres.p2.pl	oddychacie
oddychać	V	pres.p2.sg	oddychasz
oddychać	V	pres.p3.pl	oddychają
oddychać	V	pres.p3.sg	oddycha
oddział	N	pl.acc	oddziały
oddział	N	pl.dat	oddziałom
oddział	N	pl.gen	oddziałów
oddział	N	pl.ins	oddziałami
oddział	N	pl.loc	oddziałach
oddział	N	pl.nom	oddziały
oddział	N	pl.voc	oddziały
oddział	N	sg.acc	oddział
oddział	N	sg.dat	oddziałowi
oddział	N	sg.gen	oddziału
oddział	N	sg.ins	oddziałem
oddział	N	sg.loc	oddziale
oddział	N	sg.nom	oddział
oddział	N	sg.voc	oddziale
odebrać	V	cond.p1.pl	odebrałybyśmy
odebrać	V	cond.p1.pl.m.hum	odebralibyśmy
odebrać	V	cond.p1.sg.f	odebrałabym
odebrać	V	cond.p1.sg.m	odebrałbym
odebrać	V	cond.p2.pl	odebrałybyście
odebrać	V	cond.p2.pl.m.hum	odebralibyście
odebrać	V	cond.p2.sg.f	odebrałabyś
odebrać	V	cond.p2.sg.m	odebrałbyś
odebrać	V	cond.p3.pl	odebrałyby
odebrać	V	cond.p3.pl.m.hum	odebraliby
odebrać	V	cond.p3.sg.f	odebrałaby
odebrać	V	cond.p3.sg.m	odebrałby
odebrać	V	cond.p3.sg.n	odebrałoby
odebrać	V	fut.p1.pl	odbierzemy
odebrać	V	fut.p1.sg	odbiorę
odebrać	V	fut.p2.pl	odbierzecie
odebrać	V	fut.p2.sg	odbierzesz
odebrać	V	fut.p3.pl	odbiorą
odebrać	V	fut.p3.sg	odbierze
odebrać	V	imp.p1.pl	odbierzmy
odebrać	V	imp.p1.sg	niech odbiorę
odebrać	V	imp.p2.pl	odbierzcie
odebrać	V	imp.p2.sg	odbierz
odebrać	V	imp.p3.pl	niech odbiorą
odebrać	V	imp.p3.sg	niech odbierze
odebrać	V	past.p1.pl	odebrałyśmy
odebrać	V	past.p1.pl.m.hum	odebraliśmy
odebrać	V	past.p1.sg.f	odebrałam
odebrać	V	past.p1.sg.m	odebrałem
odebrać	V	past.p2.pl	odebrałyście
odebrać	V	past.p2.pl.m.hum	odebraliście
odebrać	V	past.p2.sg.f	odebrałaś
odebrać	V	past.p2.sg.m	odebrałeś
odebrać	V	past.p3.pl	odebrały
odebrać	V	past.p3.pl.m.hum	odebrali
odebrać	V	past.p3.sg.f	odebrała
odebrać	V	past.p3.sg.m	odebrał
odebrać	V	past.p3.sg.n	odebrało
odkryć	V	cond.p1.pl	odkryłybyśmy
odkryć	V	cond.p1.pl.m.hum	odkrylibyśmy
odkryć	V	cond.p1.sg.f	odkryłabym
odkryć	V	cond.p1.sg.m	odkryłbym
odkryć	V	cond.p2.pl	odkryłybyście
odkryć	V	cond.p2.pl.m.hum	odkrylibyście
odkryć	V	cond.p2.sg.f	odkryłabyś
odkryć	V	cond.p2.sg.m	odkryłbyś
odkryć	V	cond.p3.pl	odkryłyby
odkryć	V	cond.p3.pl.m.hum	odkryliby
odkryć	V	cond.p3.sg.f	odkryłaby
odkryć	V	cond.p3.sg.m	odkryłby
odkryć	V	cond.p3.sg.n	odkryłoby
odkryć	V	fut.p1.pl	odkryjemy
odkryć	V	fut.p1.sg	odkryję
odkryć	V	fut.p2.pl	odkryjecie
odkryć	V	fut.p2.sg	odkryjesz
odkryć	V	fut.p3.pl	odkryją
odkryć	V	fut.p3.sg	odkryje
odkryć	V	imp.p1.pl	odkryjmy
odkryć	V	imp.p1.sg	niech odkryję
odkryć	V	imp.p2.pl	odkryjcie
odkryć	V	imp.p2.sg	odkryj
odkryć	V	imp.p3.pl	niech odkryją
odkryć	V	imp.p3.sg	niech odkryje
odkryć	V	past.p1.pl	odkryłyśmy
odkryć	V	past.p1.pl.m.hum	odkryliśmy
odkryć	V	past.p1.sg.f	odkryłam
odkryć	V	past.p1.sg.m	odkryłem
odkryć	V	past.p2.pl	odkryłyście
odkryć	V	past.p2.pl.m.hum	odkryliście
odkryć	V	past.p2.sg.f	odkryłaś
odkryć	V	past.p2.sg.m	odkryłeś
odkryć	V	past.p3.pl	odkryły
odkryć	V	past.p3.pl.m.hum	odkryli
odkryć	V	past.p3.sg.f	odkryła
odkryć	V	past.p3.sg.m	odkrył
odkryć	V	past.p3.sg.n	odkryło
odpocząć	V	cond.p1.pl	odpoczęłybyśmy
odpocząć	V	cond.p1.pl.m.hum	odpoczęlibyśmy
odpocząć	V	cond.p1.sg.f	odpoczęłabym
odpocząć	V	cond.p1.sg.m	odpocząłbym
odpocząć	V	cond.p2.pl	odpoczęłybyście
odpocząć	V	cond.p2.pl.m.hum	odpoczęlibyście
odpocząć	V	cond.p2.sg.f	odpoczęłabyś
odpocząć	V	cond.p2.sg.m	odpocząłbyś
odpocząć	V	cond.p3.pl	odpoczęłyby
odpocząć	V	cond.p3.pl.m.hum	odpoczęliby
odpocząć	V	cond.p3.sg.f	odpoczęłaby
odpocząć	V	cond.p3.sg.m	odpocząłby
odpocząć	V	cond.p3.sg.n	odpoczęłoby
odpocząć	V	fut.p1.pl	odpoczniemy
odpocząć	V	fut.p1.sg	odpocznę
odpocząć	V	fut.p2.pl	odpoczniecie
odpocząć	V	fut.p2.sg	odpoczniesz
odpocząć	V	fut.p3.pl	odpoczną
odpocząć	V	fut.p3.sg	odpocznie
odpocząć	V	imp.p1.pl	odpocznijmy
odpocząć	V	imp.p1.sg	niech odpocznę
odpocząć	V	imp.p2.pl	odpocznijcie
odpocząć	V	imp.p2.sg	odpocznij
odpocząć	V	imp.p3.pl	niech odpoczną
odpocząć	V	imp.p3.sg	niech odpocznie
odpocząć	V	past.p1.pl	odpoczęłyśmy
odpocząć	V	past.p1.pl.m.hum	odpoczęliśmy
odpocząć	V	past.p1.sg.f	odpoczęłam
odpocząć	V	past.p1.sg.m	odpocząłem
odpocząć	V	past.p2.pl	odpoczęłyście
odpocząć	V	past.p2.pl.m.hum	odpoczęliście
odpocząć	V	past.p2.sg.f	odpoczęłaś
odpocząć	V	past.p2.sg.m	odpocząłeś
odpocząć	V	past.p3.pl	odpoczęły
odpocząć	V	past.p3.pl.m.hum	odpoczęli
odpocząć	V	past.p3.sg.f	odpoczęła
odpocząć	V	past.p3.sg.m	odpoczął
odpocząć	V	past.p3.sg.n	odpoczęło
odpowiadać	V	cond.p1.pl	odpowiadałybyśmy
odpowiadać	V	cond.p1.pl.m.hum	odpowiadalibyśmy
odpowiadać	V	cond.p1.sg.f	odpowiadałabym
odpowiadać	V	cond.p1.sg.m	odpowiadałbym
odpowiadać	V	cond.p2.pl	odpowiadałybyście
odpowiadać	V	cond.p2.pl.m.hum	odpowiadalibyście
odpowiadać	V	cond.p2.sg.f	odpowiadałabyś
odpowiadać	V	cond.p2.sg.m	odpowiadałbyś
odpowiadać	V	cond.p3.pl	odpowiadałyby
odpowiadać	V	cond.p3.pl.m.hum	odpowiadaliby
odpowiadać	V	cond.p3.sg.f	odpowiadałaby
odpowiadać	V	cond.p3.sg.m	odpowiadałby
odpowiadać	V	cond.p3.sg.n	odpowiadałoby
odpowiadać	V	fut.p1.pl	będziemy odpowiadały
odpowiadać	V	fut.p1.pl.m.hum	będziemy odpowiadali
odpowiadać	V	fut.p1.sg.f	będę odpowiadała
odpowiadać	V	fut.p1.sg.m	będę odpowiadał
odpowiadać	V	fut.p2.pl	będziecie odpowiadały
odpowiadać	V	fut.p2.pl.m.hum	będziecie odpowiadali
odpowiadać	V	fut.p2.sg.f	będziesz odpowiadała
odpowiadać	V	fut.p2.sg.m	będziesz odpowiadał
odpowiadać	V	fut.p3.pl	będą odpowiadały
odpowiadać	V	fut.p3.pl.m.hum	będą odpowiadali
odpowiadać	V	fut.p3.sg.f	będzie odpowiadała
odpowiadać	V	fut.p3.sg.m	będzie odpowiadał
odpowiadać	V	fut.p3.sg.n	będzie odpowiadało
odpowiadać	V	imp.p1.pl	odpowiadajmy
odpowiadać	V	imp.p2.pl	odpowiadajcie
odpowiadać	V	imp.p2.sg	odpowiadaj
odpowiadać	V	imp.p3.pl	niech odpowiadają
odpowiadać	V	imp.p3.sg	niech odpowiada
odpowiadać	V	past.p1.pl	odpowiadałyśmy
odpowiadać	V	past.p1.pl.m.hum	odpowiadaliśmy
odpowiadać	V	past.p1.sg.f	odpowiadałam
odpowiadać	V	past.p1.sg.m	odpowiadałem
odpowiadać	V	past.p2.pl	odpowiadałyście
odpowiadać	V	past.p2.pl.m.hum	odpowiadaliście
odpowiadać	V	past.p2.sg.f	odpowiadałaś
odpowiadać	V	past.p2.sg.m	odpowiadałeś
odpowiadać	V	past.p3.pl	odpowiadały
odpowiadać	V	past.p3.pl.m.hum	odpowiadali
odpowiadać	V	past.p3.sg.f	odpowiadała
odpowiadać	V	past.p3.sg.m	odpowiadał
odpowiadać	V	past.p3.sg.n	odpowiadało
odpowiadać	V	pres.p1.pl	odpowiadamy
odpowiadać	V	pres.p1.sg	odpowiadam
odpowiadać	V	pres.p2.pl	odpowiadacie
odpowiadać	V	pres.p2.sg	odpowiadasz
odpowiadać	V	pres.p3.pl	odpowiadają
odpowiadać	V	pres.p3.sg	odpowiada
odpowiedni	A	pl.acc	odpowiednie
odpowiedni	A	pl.dat	odpowiednim
odpowiedni	A	pl.gen	odpowiednich
odpowiedni	A	pl.ins	odpowiednimi
odpowiedni	A	pl.loc	odpowiednich
odpowiedni	A	pl.m.hum.acc	odpowiednich
odpowiedni	A	pl.m.hum.nom	odpowiedni
odpowiedni	A	pl.nom	odpowiednie
odpowiedni	A	sg.f.acc	odpowiednią
odpowiedni	A	sg.f.dat	odpowiedniej
odpowiedni	A	sg.f.gen	odpowiedniej
odpowiedni	A	sg.f.ins	odpowiednią
odpowiedni	A	sg.f.loc	odpowiedniej
odpowiedni	A	sg.f.nom	odpowiednia
odpowiedni	A	sg.m.anim.acc	odpowiedniego
odpowiedni	A	sg.m.dat	odpowiedniemu
odpowiedni	A	sg.m.gen	odpowiedniego
odpowiedni	A	sg.m.hum.acc	odpowiedniego
odpowiedni	A	sg.m.inan.acc	odpowiedni
odpowiedni	A	sg.m.ins	odpowiednim
odpowiedni	A	sg.m.loc	odpowiednim
odpowiedni	A	sg.m.nom	odpowiedni
odpowiedni	A	sg.n.acc	odpowiednie
odpowiedni	A	sg.n.dat	odpowiedniemu
odpowiedni	A	sg.n.gen	odpowiedniego
odpowiedni	A	sg.n.ins	odpowiednim
odpowiedni	A	sg.n.loc	odpowiednim
odpowiedni	A	sg.n.nom	odpowiednie
odpowiedź	N	pl.acc	odpowiedzi
odpowiedź	N	pl.dat	odpowiedziom
odpowiedź	N	pl.gen	odpowiedzi
odpowiedź	N	pl.ins	odpowiedziami
odpowiedź	N	pl.loc	odpowiedziach
odpowiedź	N	pl.nom	odpowiedzi
odpowiedź	N	pl.voc	odpowiedzi
odpowiedź	N	sg.acc	odpowiedź
odpowiedź	N	sg.dat	odpowiedzi
odpowiedź	N	sg.gen	odpowiedzi
odpowiedź	N	sg.ins	odpowiedzią
odpowiedź	N	sg.loc	odpowiedzi
odpowiedź	N	sg.nom	odpowiedź
odpowiedź	N	sg.voc	odpowiedzi
odpowiedzialny	A	pl.acc	odpowiedzialne
odpowiedzialny	A	pl.dat	odpowiedzialnym
odpowiedzialny	A	pl.gen	odpowiedzialnych
odpowiedzialny	A	pl.ins	odpowiedzialnymi
odpowiedzialny	A	pl.loc	odpowiedzialnych
odpowiedzialny	A	pl.m.hum.acc	odpowiedzialnych
odpowiedzialny	A	pl.m.hum.nom	odpowiedzialni
odpowiedzialny	A	pl.nom	odpowiedzialne
odpowiedzialny	A	sg.f.acc	odpowiedzialną
odpowiedzialny	A	sg.f.dat	odpowiedzialnej
odpowiedzialny	A	sg.f.gen	odpowiedzialnej
odpowiedzialny	A	sg.f.ins	odpowiedzialną
odpowiedzialny	A	sg.f.loc	odpowiedzialnej
odpowiedzialny	A	sg.f.nom	odpowiedzialna
odpowiedzialny	A	sg.m.anim.acc	odpowiedzialnego
odpowiedzialny	A	sg.m.dat	odpowiedzialnemu
odpowiedzialny	A	sg.m.gen	odpowiedzialnego
odpowiedzialny	A	sg.m.hum.acc	odpowiedzialnego
odpowiedzialny	A	sg.m.inan.acc	odpowiedzialny
odpowiedzialny	A	sg.m.ins	odpowiedzialnym
odpowiedzialny	A	sg.m.loc	odpowiedzialnym
odpowiedzialny	A	sg.m.nom	odpowiedzialny
odpowiedzialny	A	sg.n.acc	odpowiedzialne
odpowiedzialny	A	sg.n.dat	odpowiedzialnemu
odpowiedzialny	A	sg.n.gen	odpowiedzialnego
odpowiedzialny	A	sg.n.ins	odpowiedzialnym
odpowiedzialny	A	sg.n.loc	odpowiedzialnym
odpowiedzialny	A	sg.n.nom	odpowiedzialne
oferta	N	pl.acc	oferty
oferta	N	pl.dat	ofertom
oferta	N	pl.gen	ofert
oferta	N	pl.ins	ofertami
oferta	N	pl.loc	ofertach
oferta	N	pl.nom	oferty
oferta	N	pl.voc	oferty
oferta	N	sg.acc	ofertę
oferta	N	sg.dat	ofercie
oferta	N	sg.gen	oferty
oferta	N	sg.ins	ofertą
oferta	N	sg.loc	ofercie
oferta	N	sg.nom	oferta
oferta	N	sg.voc	oferto
ofiara	N	pl.acc	ofiary
ofiara	N	pl.dat	ofiarom
ofiara	N	pl.gen	ofiar
ofiara	N	pl.ins	ofiarami
ofiara	N	pl.loc	ofiarach
ofiara	N	pl.nom	ofiary
ofiara	N	pl.voc	ofiary
ofiara	N	sg.acc	ofiarę
ofiara	N	sg.dat	ofierze
ofiara	N	sg.gen	ofiary
ofiara	N	sg.ins	ofiarą
ofiara	N	sg.loc	ofierze
ofiara	N	sg.nom	ofiara
ofiara	N	sg.voc	ofiaro
oficer	N	pl.acc	oficerów
oficer	N	pl.dat	oficerom
oficer	N	pl.gen	oficerów
oficer	N	pl.ins	oficerami
oficer	N	pl.loc	oficerach
oficer	N	pl.nom	oficerzy
oficer	N	pl.voc	oficerzy
oficer	N	sg.acc	oficera
oficer	N	sg.dat	oficerowi
oficer	N	sg.gen	oficera
oficer	N	sg.ins	oficerem
oficer	N	sg.loc	oficerze
oficer	N	sg.nom	oficer
oficer	N	sg.voc	oficerze
ogień	N	pl.acc	ognie
ogień	N	pl.dat	ogniom
ogień	N	pl.gen	ogni
ogień	N	pl.ins	ogniami
ogień	N	pl.loc	ogniach
ogień	N	pl.nom	ognie
ogień	N	pl.voc	ognie
ogień	N	sg.acc	ogień
ogień	N	sg.dat	ogniowi
ogień	N	sg.gen	ognia
ogień	N	sg.ins	ogniem
ogień	N	sg.loc	ogniu
ogień	N	sg.nom	ogień
ogień	N	sg.voc	ogniu
oglądać	V	cond.p1.pl	oglądałybyśmy
oglądać	V	cond.p1.pl.m.hum	oglądalibyśmy
oglądać	V	cond.p1.sg.f	oglądałabym
oglądać	V	cond.p1.sg.m	oglądałbym
oglądać	V	cond.p2.pl	oglądałybyście
oglądać	V	cond.p2.pl.m.hum	oglądalibyście
oglądać	V	cond.p2.sg.f	oglądałabyś
oglądać	V	cond.p2.sg.m	oglądałbyś
oglądać	V	cond.p3.pl	oglądałyby
oglądać	V	cond.p3.pl.m.hum	oglądaliby
oglądać	V	cond.p3.sg.f	oglądałaby
oglądać	V	cond.p3.sg.m	oglądałby
oglądać	V	cond.p3.sg.n	oglądałoby
oglądać	V	fut.p1.pl	będziemy oglądały
oglądać	V	fut.p1.pl.m.hum	będziemy oglądali
oglądać	V	fut.p1.sg.f	będę oglądała
oglądać	V	fut.p1.sg.m	będę oglądał
oglądać	V	fut.p2.pl	będziecie oglądały
oglądać	V	fut.p2.pl.m.hum	będziecie oglądali
oglądać	V	fut.p2.sg.f	będziesz oglądała
oglądać	V	fut.p2.sg.m	będziesz oglądał
oglądać	V	fut.p3.pl	będą oglądały
oglądać	V	fut.p3.pl.m.hum	będą oglądali
oglądać	V	fut.p3.sg.f	będzie oglądała
oglądać	V	fut.p3.sg.m	będzie oglądał
oglądać	V	fut.p3.sg.n	będzie oglądało
oglądać	V	imp.p1.pl	oglądajmy
oglądać	V	imp.p2.pl	oglądajcie
oglądać	V	imp.p2.sg	oglądaj
oglądać	V	imp.p3.pl	niech oglądają
oglądać	V	imp.p3.sg	niech ogląda
oglądać	V	past.p1.pl	oglądałyśmy
oglądać	V	past.p1.pl.m.hum	oglądaliśmy
oglądać	V	past.p1.sg.f	oglądałam
oglądać	V	past.p1.sg.m	oglądałem
oglądać	V	past.p2.pl	oglądałyście
oglądać	V	past.p2.pl.m.hum	oglądaliście
oglądać	V	past.p2.sg.f	oglądałaś
oglądać	V	past.p2.sg.m	oglądałeś
oglądać	V	past.p3.pl	oglądały
oglądać	V	past.p3.pl.m.hum	oglądali
oglądać	V	past.p3.sg.f	oglądała
oglądać	V	past.p3.sg.m	oglądał
oglądać	V	past.p3.sg.n	oglądało
oglądać	V	pres.p1.pl	oglądamy
oglądać	V	pres.p1.sg	oglądam
oglądać	V	pres.p2.pl	oglądacie
oglądać	V	pres.p2.sg	oglądasz
oglądać	V	pres.p3.pl	oglądają
oglądać	V	pres.p3.sg	ogląda
ogromny	A	pl.acc	ogromne
ogromny	A	pl.dat	ogromnym
ogromny	A	pl.gen	ogromnych
ogromny	A	pl.ins	ogromnymi
ogromny	A	pl.loc	ogromnych
ogromny	A	pl.m.hum.acc	ogromnych
ogromny	A	pl.m.hum.nom	ogromni
ogromny	A	pl.nom	ogromne
ogromny	A	sg.f.acc	ogromną
ogromny	A	sg.f.dat	ogromnej
ogromny	A	sg.f.gen	ogromnej
ogromny	A	sg.f.ins	ogromną
ogromny	A	sg.f.loc	ogromnej
ogromny	A	sg.f.nom	ogromna
ogromny	A	sg.m.anim.acc	ogromnego
ogromny	A	sg.m.dat	ogromnemu
ogromny	A	sg.m.gen	ogromnego
ogromny	A	sg.m.hum.acc	ogromnego
ogromny	A	sg.m.inan.acc	ogromny
ogromny	A	sg.m.ins	ogromnym
ogromny	A	sg.m.loc	ogromnym
ogromny	A	sg.m.nom	ogromny
ogromny	A	sg.n.acc	ogromne
ogromny	A	sg.n.dat	ogromnemu
ogromny	A	sg.n.gen	ogromnego
ogromny	A	sg.n.ins	ogromnym
ogromny	A	sg.n.loc	ogromnym
ogromny	A	sg.n.nom	ogromne
ojciec	N	pl.acc	ojców
ojciec	N	pl.dat	ojcom
ojciec	N	pl.gen	ojców
ojciec	N	pl.ins	ojcami
ojciec	N	pl.loc	ojcach
ojciec	N	pl.nom	ojcowie
ojciec	N	pl.voc	ojcowie
ojciec	N	sg.acc	ojca
ojciec	N	sg.dat	ojcu
ojciec	N	sg.gen	ojca
ojciec	N	sg.ins	ojcem
ojciec	N	sg.loc	ojcu
ojciec	N	sg.nom	ojciec
ojciec	N	sg.voc	ojcze
okazać	V	cond.p1.pl	okazałybyśmy
okazać	V	cond.p1.pl.m.hum	okazalibyśmy
okazać	V	cond.p1.sg.f	okazałabym
okazać	V	cond.p1.sg.m	okazałbym
okazać	V	cond.p2.pl	okazałybyście
okazać	V	cond.p2.pl.m.hum	okazalibyście
okazać	V	cond.p2.sg.f	okazałabyś
okazać	V	cond.p2.sg.m	okazałbyś
okazać	V	cond.p3.pl	okazałyby
okazać	V	cond.p3.pl.m.hum	okazaliby
okazać	V	cond.p3.sg.f	okazałaby
okazać	V	cond.p3.sg.m	okazałby
okazać	V	cond.p3.sg.n	okazałoby
okazać	V	fut.p1.pl	okażemy
okazać	V	fut.p1.sg	okażę
okazać	V	fut.p2.pl	okażecie
okazać	V	fut.p2.sg	okażesz
okazać	V	fut.p3.pl	okażą
okazać	V	fut.p3.sg	okaże
okazać	V	imp.p1.pl	okażmy
okazać	V	imp.p1.sg	niech okażę
okazać	V	imp.p2.pl	okażcie
okazać	V	imp.p2.sg	okaż
okazać	V	imp.p3.pl	niech okażą
okazać	V	imp.p3.sg	niech okaże
okazać	V	past.p1.pl	okazałyśmy
okazać	V	past.p1.pl.m.hum	okazaliśmy
okazać	V	past.p1.sg.f	okazałam
okazać	V	past.p1.sg.m	okazałem
okazać	V	past.p2.pl	okazałyście
okazać	V	past.p2.pl.m.hum	okazaliście
okazać	V	past.p2.sg.f	okazałaś
okazać	V	past.p2.sg.m	okazałeś
okazać	V	past.p3.pl	okazały
okazać	V	past.p3.pl.m.hum	okazali
okazać	V	past.p3.sg.f	okazała
okazać	V	past.p3.sg.m	okazał
okazać	V	past.p3.sg.n	okazało
okazja	N	pl.acc	okazje
okazja	N	pl.dat	okazjom
okazja	N	pl.gen	okazji
okazja	N	pl.ins	okazjami
okazja	N	pl.loc	okazjach
okazja	N	pl.nom	okazje
okazja	N	pl.voc	okazje
okazja	N	sg.acc	okazję
okazja	N	sg.dat	okazji
okazja	N	sg.gen	okazji
okazja	N	sg.ins	okazją
okazja	N	sg.loc	okazji
okazja	N	sg.nom	okazja
okazja	N	sg.voc	okazjo
okno	N	pl.acc	okna
okno	N	pl.dat	oknom
okno	N	pl.gen	okien
okno	N	pl.ins	oknami
okno	N	pl.loc	oknach
okno	N	pl.nom	okna
okno	N	pl.voc	okna
okno	N	sg.acc	okno
okno	N	sg.dat	oknu
okno	N	sg.gen	okna
okno	N	sg.ins	oknem
okno	N	sg.loc	oknie
okno	N	sg.nom	okno
okno	N	sg.voc	okno
okolica	N	pl.acc	okolice
okolica	N	pl.dat	okolicom
okolica	N	pl.gen	okolic
okolica	N	pl.ins	okolicami
okolica	N	pl.loc	okolicach
okolica	N	pl.nom	okolice
okolica	N	pl.voc	okolice
okolica	N	sg.acc	okolicę
okolica	N	sg.dat	okolicy
okolica	N	sg.gen	okolicy
okolica	N	sg.ins	okolicą
okolica	N	sg.loc	okolicy
okolica	N	sg.nom	okolica
okolica	N	sg.voc	okolico
okres	N	pl.acc	okresy
okres	N	pl.dat	okresom
okres	N	pl.gen	okresów
okres	N	pl.ins	okresami
okres	N	pl.loc	okresach
okres	N	pl.nom	okresy
okres	N	pl.voc	okresy
okres	N	sg.acc	okres
okres	N	sg.dat	okresowi
okres	N	sg.gen	okresu
okres	N	sg.ins	okresem
okres	N	sg.loc	okresie
okres	N	sg.nom	okres
okres	N	sg.voc	okresie
okropny	A	pl.acc	okropne
okropny	A	pl.dat	okropnym
okropny	A	pl.gen	okropnych
okropny	A	pl.ins	okropnymi
okropny	A	pl.loc	okropnych
okropny	A	pl.m.hum.acc	okropnych
okropny	A	pl.m.hum.nom	okropni
okropny	A	pl.nom	okropne
okropny	A	sg.f.acc	okropną
okropny	A	sg.f.dat	okropnej
okropny	A	sg.f.gen	okropnej
okropny	A	sg.f.ins	okropną
okropny	A	sg.f.loc	okropnej
okropny	A	sg.f.nom	okropna
okropny	A	sg.m.anim.acc	okropnego
okropny	A	sg.m.dat	okropnemu
okropny	A	sg.m.gen	okropnego
okropny	A	sg.m.hum.acc	okropnego
okropny	A	sg.m.inan.acc	okropny
okropny	A	sg.m.ins	okropnym
okropny	A	sg.m.loc	okropnym
okropny	A	sg.m.nom	okropny
okropny	A	sg.n.acc	okropne
okropny	A	sg.n.dat	okropnemu
okropny	A	sg.n.gen	okropnego
okropny	A	sg.n.ins	okropnym
okropny	A	sg.n.loc	okropnym
okropny	A	sg.n.nom	okropne
operacja	N	pl.acc	operacje
operacja	N	pl.dat	operacjom
operacja	N	pl.gen	operacji
operacja	N	pl.ins	operacjami
operacja	N	pl.loc	operacjach
operacja	N	pl.nom	operacje
operacja	N	pl.voc	operacje
operacja	N	sg.acc	operację
operacja	N	sg.dat	operacji
operacja	N	sg.gen	operacji
operacja	N	sg.ins	operacją
operacja	N	sg.loc	operacji
operacja	N	sg.nom	operacja
operacja	N	sg.voc	operacjo
opinia	N	pl.acc	opinie
opinia	N	pl.dat	opiniom
opinia	N	pl.gen	opinii
opinia	N	pl.ins	opiniami
opinia	N	pl.loc	opiniach
opinia	N	pl.nom	opinie
opinia	N	pl.voc	opinie
opinia	N	sg.acc	opinię
opinia	N	sg.dat	opinii
opinia	N	sg.gen	opinii
opinia	N	sg.ins	opinią
opinia	N	sg.loc	opinii
opinia	N	sg.nom	opinia
opinia	N	sg.voc	opinio
opowiadać	V	cond.p1.pl	opowiadałybyśmy
opowiadać	V	cond.p1.pl.m.hum	opowiadalibyśmy
opowiadać	V	cond.p1.sg.f	opowiadałabym
opowiadać	V	cond.p1.sg.m	opowiadałbym
opowiadać	V	cond.p2.pl	opowiadałybyście
opowiadać	V	cond.p2.pl.m.hum	opowiadalibyście
opowiadać	V	cond.p2.sg.f	opowiadałabyś
opowiadać	V	cond.p2.sg.m	opowiadałbyś
opowiadać	V	cond.p3.pl	opowiadałyby
opowiadać	V	cond.p3.pl.m.hum	opowiadaliby
opowiadać	V	cond.p3.sg.f	opowiadałaby
opowiadać	V	cond.p3.sg.m	opowiadałby
opowiadać	V	cond.p3.sg.n	opowiadałoby
opowiadać	V	fut.p1.pl	będziemy opowiadały
opowiadać	V	fut.p1.pl.m.hum	będziemy opowiadali
opowiadać	V	fut.p1.sg.f	będę opowiadała
opowiadać	V	fut.p1.sg.m	będę opowiadał
opowiadać	V	fut.p2.pl	będziecie opowiadały
opowiadać	V	fut.p2.pl.m.hum	będziecie opowiadali
opowiadać	V	fut.p2.sg.f	będziesz opowiadała
opowiadać	V	fut.p2.sg.m	będziesz opowiadał
opowiadać	V	fut.p3.pl	będą opowiadały
opowiadać	V	fut.p3.pl.m.hum	będą opowiadali
opowiadać	V	fut.p3.sg.f	będzie opowiadała
opowiadać	V	fut.p3.sg.m	będzie opowiadał
opowiadać	V	fut.p3.sg.n	będzie opowiadało
opowiadać	V	imp.p1.pl	opowiadajmy
opowiadać	V	imp.p2.pl	opowiadajcie
opowiadać	V	imp.p2.sg	opowiadaj
opowiadać	V	imp.p3.pl	niech opowiadają
opowiadać	V	imp.p3.sg	niech opowiada
opowiadać	V	past.p1.pl	opowiadałyśmy
opowiadać	V	past.p1.pl.m.hum	opowiadaliśmy
opowiadać	V	past.p1.sg.f	opowiadałam
opowiadać	V	past.p1.sg.m	opowiadałem
opowiadać	V	past.p2.pl	opowiadałyście
opowiadać	V	past.p2.pl.m.hum	opowiadaliście
opowiadać	V	past.p2.sg.f	opowiadałaś
opowiadać	V	past.p2.sg.m	opowiadałeś
opowiadać	V	past.p3.pl	opowiadały
opowiadać	V	past.p3.pl.m.hum	opowiadali
opowiadać	V	past.p3.sg.f	opowiadała
opowiadać	V	past.p3.sg.m	opowiadał
opowiadać	V	past.p3.sg.n	opowiadało
opowiadać	V	pres.p1.pl	opowiadamy
opowiadać	V	pres.p1.sg	opowiadam
opowiadać	V	pres.p2.pl	opowiadacie
opowiadać	V	pres.p2.sg	opowiadasz
opowiadać	V	pres.p3.pl	opowiadają
opowiadać	V	pres.p3.sg	opowiada
opuszczać	V	cond.p1.pl	opuszczałybyśmy
opuszczać	V	cond.p1.pl.m.hum	opuszczalibyśmy
opuszczać	V	cond.p1.sg.f	opuszczałabym
opuszczać	V	cond.p1.sg.m	opuszczałbym
opuszczać	V	cond.p2.pl	opuszczałybyście
opuszczać	V	cond.p2.pl.m.hum	opuszczalibyście
opuszczać	V	cond.p2.sg.f	opuszczałabyś
opuszczać	V	cond.p2.sg.m	opuszczałbyś
opuszczać	V	cond.p3.pl	opuszczałyby
opuszczać	V	cond.p3.pl.m.hum	opuszczaliby
opuszczać	V	cond.p3.sg.f	opuszczałaby
opuszczać	V	cond.p3.sg.m	opuszczałby
opuszczać	V	cond.p3.sg.n	opuszczałoby
opuszczać	V	fut.p1.pl	będziemy opuszczały
opuszczać	V	fut.p1.pl.m.hum	będziemy opuszczali
opuszczać	V	fut.p1.sg.f	będę opuszczała
opuszczać	V	fut.p1.sg.m	będę opuszczał
opuszczać	V	fut.p2.pl	będziecie opuszczały
opuszczać	V	fut.p2.pl.m.hum	będziecie opuszczali
opuszczać	V	fut.p2.sg.f	będziesz opuszczała
opuszczać	V	fut.p2.sg.m	będziesz opuszczał
opuszczać	V	fut.p3.pl	będą opuszczały
opuszczać	V	fut.p3.pl.m.hum	będą opuszczali
opuszczać	V	fut.p3.sg.f	będzie opuszczała
opuszczać	V	fut.p3.sg.m	będzie opuszczał
opuszczać	V	fut.p3.sg.n	będzie opuszczało
opuszczać	V	imp.p1.pl	opuszczajmy
opuszczać	V	imp.p2.pl	opuszczajcie
opuszczać	V	imp.p2.sg	opuszczaj
opuszczać	V	imp.p3.pl	niech opuszczają
opuszczać	V	imp.p3.sg	niech opuszcza
opuszczać	V	past.p1.pl	opuszczałyśmy
opuszczać	V	past.p1.pl.m.hum	opuszczaliśmy
opuszczać	V	past.p1.sg.f	opuszczałam
opuszczać	V	past.p1.sg.m	opuszczałem
opuszczać	V	past.p2.pl	opuszczałyście
opuszczać	V	past.p2.pl.m.hum	opuszczaliście
opuszczać	V	past.p2.sg.f	opuszczałaś
opuszczać	V	past.p2.sg.m	opuszczałeś
opuszczać	V	past.p3.pl	opuszczały
opuszczać	V	past.p3.pl.m.hum	opuszczali
opuszczać	V	past.p3.sg.f	opuszczała
opuszczać	V	past.p3.sg.m	opuszczał
opuszczać	V	past.p3.sg.n	opuszczało
opuszczać	V	pres.p1.pl	opuszczamy
opuszczać	V	pres.p1.sg	opuszczam
opuszczać	V	pres.p2.pl	opuszczacie
opuszczać	V	pres.p2.sg	opuszczasz
opuszczać	V	pres.p3.pl	opuszczają
opuszczać	V	pres.p3.sg	opuszcza
oś	N	pl.acc	osie
oś	N	pl.dat	osiom
oś	N	pl.gen	osi
oś	N	pl.ins	osiami
oś	N	pl.loc	osiach
oś	N	pl.nom	osie
oś	N	pl.voc	osie
oś	N	sg.acc	oś
oś	N	sg.dat	osi
oś	N	sg.gen	osi
oś	N	sg.ins	osią
oś	N	sg.loc	osi
oś	N	sg.nom	oś
oś	N	sg.voc	osi
osoba	N	pl.acc	osoby
osoba	N	pl.dat	osobom
osoba	N	pl.gen	osób
osoba	N	pl.ins	osobami
osoba	N	pl.loc	osobach
osoba	N	pl.nom	osoby
osoba	N	pl.voc	osoby
osoba	N	sg.acc	osobę
osoba	N	sg.dat	osobie
osoba	N	sg.gen	osoby
osoba	N	sg.ins	osobą
osoba	N	sg.loc	osobie
osoba	N	sg.nom	osoba
osoba	N	sg.voc	osobo
osobisty	A	pl.acc	osobiste
osobisty	A	pl.dat	osobistym
osobisty	A	pl.gen	osobistych
osobisty	A	pl.ins	osobistymi
osobisty	A	pl.loc	osobistych
osobisty	A	pl.m.hum.acc	osobistych
osobisty	A	pl.m.hum.nom	osobiści
osobisty	A	pl.nom	osobiste
osobisty	A	sg.f.acc	osobistą
osobisty	A	sg.f.dat	osobistej
osobisty	A	sg.f.gen	osobistej
osobisty	A	sg.f.ins	osobistą
osobisty	A	sg.f.loc	osobistej
osobisty	A	sg.f.nom	osobista
osobisty	A	sg.m.anim.acc	osobistego
osobisty	A	sg.m.dat	osobistemu
osobisty	A	sg.m.gen	osobistego
osobisty	A	sg.m.hum.acc	osobistego
osobisty	A	sg.m.inan.acc	osobisty
osobisty	A	sg.m.ins	osobistym
osobisty	A	sg.m.loc	osobistym
osobisty	A	sg.m.nom	osobisty
osobisty	A	sg.n.acc	osobiste
osobisty	A	sg.n.dat	osobistemu
osobisty	A	sg.n.gen	osobistego
osobisty	A	sg.n.ins	osobistym
osobisty	A	sg.n.loc	osobistym
osobisty	A	sg.n.nom	osobiste
ostatni	A	pl.acc	ostatnie
ostatni	A	pl.dat	ostatnim
ostatni	A	pl.gen	ostatnich
ostatni	A	pl.ins	ostatnimi
ostatni	A	pl.loc	ostatnich
ostatni	A	pl.m.hum.acc	ostatnich
ostatni	A	pl.m.hum.nom	ostatni
ostatni	A	pl.nom	ostatnie
ostatni	A	sg.f.acc	ostatnią
ostatni	A	sg.f.dat	ostatniej
ostatni	A	sg.f.gen	ostatniej
ostatni	A	sg.f.ins	ostatnią
ostatni	A	sg.f.loc	ostatniej
ostatni	A	sg.f.nom	ostatnia
ostatni	A	sg.m.anim.acc	ostatniego
ostatni	A	sg.m.dat	ostatniemu
ostatni	A	sg.m.gen	ostatniego
ostatni	A	sg.m.hum.acc	ostatniego
ostatni	A	sg.m.inan.acc	ostatni
ostatni	A	sg.m.ins	ostatnim
ostatni	A	sg.m.loc	ostatnim
ostatni	A	sg.m.nom	ostatni
ostatni	A	sg.n.acc	ostatnie
ostatni	A	sg.n.dat	ostatniemu
ostatni	A	sg.n.gen	ostatniego
ostatni	A	sg.n.ins	ostatnim
ostatni	A	sg.n.loc	ostatnim
ostatni	A	sg.n.nom	ostatnie
ostry	A	pl.acc	ostre
ostry	A	pl.dat	ostrym
ostry	A	pl.gen	ostrych
ostry	A	pl.ins	ostrymi
ostry	A	pl.loc	ostrych
ostry	A	pl.m.hum.acc	ostrych
ostry	A	pl.m.hum.nom	ostrzy
ostry	A	pl.nom	ostre
ostry	A	sg.f.acc	ostrą
ostry	A	sg.f.dat	ostrej
ostry	A	sg.f.gen	ostrej
ostry	A	sg.f.ins	ostrą
ostry	A	sg.f.loc	ostrej
ostry	A	sg.f.nom	ostra
ostry	A	sg.m.anim.acc	ostrego
ostry	A	sg.m.dat	ostremu
ostry	A	sg.m.gen	ostrego
ostry	A	sg.m.hum.acc	ostrego
ostry	A	sg.m.inan.acc	ostry
ostry	A	sg.m.ins	ostrym
ostry	A	sg.m.loc	ostrym
ostry	A	sg.m.nom	ostry
ostry	A	sg.n.acc	ostre
ostry	A	sg.n.dat	ostremu
ostry	A	sg.n.gen	ostrego
ostry	A	sg.n.ins	ostrym
ostry	A	sg.n.loc	ostrym
ostry	A	sg.n.nom	ostre
otrzymać	V	cond.p1.pl	otrzymałybyśmy
otrzymać	V	cond.p1.pl.m.hum	otrzymalibyśmy
otrzymać	V	cond.p1.sg.f	otrzymałabym
otrzymać	V	cond.p1.sg.m	otrzymałbym
otrzymać	V	cond.p2.pl	otrzymałybyście
otrzymać	V	cond.p2.pl.m.hum	otrzymalibyście
otrzymać	V	cond.p2.sg.f	otrzymałabyś
otrzymać	V	cond.p2.sg.m	otrzymałbyś
otrzymać	V	cond.p3.pl	otrzymałyby
otrzymać	V	cond.p3.pl.m.hum	otrzymaliby
otrzymać	V	cond.p3.sg.f	otrzymałaby
otrzymać	V	cond.p3.sg.m	otrzymałby
otrzymać	V	cond.p3.sg.n	otrzymałoby
otrzymać	V	fut.p1.pl	otrzymamy
otrzymać	V	fut.p1.sg	otrzymam
otrzymać	V	fut.p2.pl	otrzymacie
otrzymać	V	fut.p2.sg	otrzymasz
otrzymać	V	fut.p3.pl	otrzymają
otrzymać	V	fut.p3.sg	otrzyma
otrzymać	V	imp.p1.pl	otrzymajmy
otrzymać	V	imp.p1.sg	niech otrzymam
otrzymać	V	imp.p2.pl	otrzymajcie
otrzymać	V	imp.p2.sg	otrzymaj
otrzymać	V	imp.p3.pl	niech otrzymają
otrzymać	V	imp.p3.sg	niech otrzyma
otrzymać	V	past.p1.pl	otrzymałyśmy
otrzymać	V	past.p1.pl.m.hum	otrzymaliśmy
otrzymać	V	past.p1.sg.f	otrzymałam
otrzymać	V	past.p1.sg.m	otrzymałem
otrzymać	V	past.p2.pl	otrzymałyście
otrzymać	V	past.p2.pl.m.hum	otrzymaliście
otrzymać	V	past.p2.sg.f	otrzymałaś
otrzymać	V	past.p2.sg.m	otrzymałeś
otrzymać	V	past.p3.pl	otrzymały
otrzymać	V	past.p3.pl.m.hum	otrzymali
otrzymać	V	past.p3.sg.f	otrzymała
otrzymać	V	past.p3.sg.m	otrzymał
otrzymać	V	past.p3.sg.n	otrzymało
otworzyć	V	cond.p1.pl	otworzyłybyśmy
otworzyć	V	cond.p1.pl.m.hum	otworzylibyśmy
otworzyć	V	cond.p1.sg.f	otworzyłabym
otworzyć	V	cond.p1.sg.m	otworzyłbym
otworzyć	V	cond.p2.pl	otworzyłybyście
otworzyć	V	cond.p2.pl.m.hum	otworzylibyście
otworzyć	V	cond.p2.sg.f	otworzyłabyś
otworzyć	V	cond.p2.sg.m	otworzyłbyś
otworzyć	V	cond.p3.pl	otworzyłyby
otworzyć	V	cond.p3.pl.m.hum	otworzyliby
otworzyć	V	cond.p3.sg.f	otworzyłaby
otworzyć	V	cond.p3.sg.m	otworzyłby
otworzyć	V	cond.p3.sg.n	otworzyłoby
otworzyć	V	fut.p1.pl	otworzymy
otworzyć	V	fut.p1.sg	otworzę
otworzyć	V	fut.p2.pl	otworzycie
otworzyć	V	fut.p2.sg	otworzysz
otworzyć	V	fut.p3.pl	otworzą
otworzyć	V	fut.p3.sg	otworzy
otworzyć	V	imp.p1.pl	otwórzmy
otworzyć	V	imp.p1.sg	niech otworzę
otworzyć	V	imp.p2.pl	otwórzcie
otworzyć	V	imp.p2.sg	otwórz
otworzyć	V	imp.p3.pl	niech otworzą
otworzyć	V	imp.p3.sg	niech otworzy
otworzyć	V	past.p1.pl	otworzyłyśmy
otworzyć	V	past.p1.pl.m.hum	otworzyliśmy
otworzyć	V	past.p1.sg.f	otworzyłam
otworzyć	V	past.p1.sg.m	otworzyłem
otworzyć	V	past.p2.pl	otworzyłyście
otworzyć	V	past.p2.pl.m.hum	otworzyliście
otworzyć	V	past.p2.sg.f	otworzyłaś
otworzyć	V	past.p2.sg.m	otworzyłeś
otworzyć	V	past.p3.pl	otworzyły
otworzyć	V	past.p3.pl.m.hum	otworzyli
otworzyć	V	past.p3.sg.f	otworzyła
otworzyć	V	past.p3.sg.m	otworzył
otworzyć	V	past.p3.sg.n	otworzyło
pacjent	N	pl.acc	pacjentów
pacjent	N	pl.dat	pacjentom
pacjent	N	pl.gen	pacjentów
pacjent	N	pl.ins	pacjentami
pacjent	N	pl.loc	pacjentach
pacjent	N	pl.nom	pacjenci
pacjent	N	pl.voc	pacjenci
pacjent	N	sg.acc	pacjenta
pacjent	N	sg.dat	pacjentowi
pacjent	N	sg.gen	pacjenta
pacjent	N	sg.ins	pacjentem
pacjent	N	sg.loc	pacjencie
pacjent	N	sg.nom	pacjent
pacjent	N	sg.voc	pacjencie
palec	N	pl.acc	palce
palec	N	pl.dat	palcom
palec	N	pl.gen	palców
palec	N	pl.ins	palcami
palec	N	pl.loc	palcach
palec	N	pl.nom	palce
palec	N	pl.voc	palce
palec	N	sg.acc	palec
palec	N	sg.dat	palcowi
palec	N	sg.gen	palca
palec	N	sg.ins	palcem
palec	N	sg.loc	palcu
palec	N	sg.nom	palec
palec	N	sg.voc	palcu
palić	V	cond.p1.pl	paliłybyśmy
palić	V	cond.p1.pl.m.hum	palilibyśmy
palić	V	cond.p1.sg.f	paliłabym
palić	V	cond.p1.sg.m	paliłbym
palić	V	cond.p2.pl	paliłybyście
palić	V	cond.p2.pl.m.hum	palilibyście
palić	V	cond.p2.sg.f	paliłabyś
palić	V	cond.p2.sg.m	paliłbyś
palić	V	cond.p3.pl	paliłyby
palić	V	cond.p3.pl.m.hum	paliliby
palić	V	cond.p3.sg.f	paliłaby
palić	V	cond.p3.sg.m	paliłby
palić	V	cond.p3.sg.n	paliłoby
palić	V	fut.p1.pl	będziemy paliły
palić	V	fut.p1.pl.m.hum	będziemy palili
palić	V	fut.p1.sg.f	będę paliła
palić	V	fut.p1.sg.m	będę palił
palić	V	fut.p2.pl	będziecie paliły
palić	V	fut.p2.pl.m.hum	będziecie palili
palić	V	fut.p2.sg.f	będziesz paliła
palić	V	fut.p2.sg.m	będziesz palił
palić	V	fut.p3.pl	będą paliły
palić	V	fut.p3.pl.m.hum	będą palili
palić	V	fut.p3.sg.f	będzie paliła
palić	V	fut.p3.sg.m	będzie palił
palić	V	fut.p3.sg.n	będzie paliło
palić	V	imp.p1.pl	palmy
palić	V	imp.p2.pl	palcie
palić	V	imp.p2.sg	pal
palić	V	imp.p3.pl	niech palą
palić	V	imp.p3.sg	niech pali
palić	V	past.p1.pl	paliłyśmy
palić	V	past.p1.pl.m.hum	paliliśmy
palić	V	past.p1.sg.f	paliłam
palić	V	past.p1.sg.m	paliłem
palić	V	past.p2.pl	paliłyście
palić	V	past.p2.pl.m.hum	paliliście
palić	V	past.p2.sg.f	paliłaś
palić	V	past.p2.sg.m	paliłeś
palić	V	past.p3.pl	paliły
palić	V	past.p3.pl.m.hum	palili
palić	V	past.p3.sg.f	paliła
palić	V	past.p3.sg.m	palił
palić	V	past.p3.sg.n	paliło
palić	V	pres.p1.pl	palimy
palić	V	pres.p1.sg	palę
palić	V	pres.p2.pl	palicie
palić	V	pres.p2.sg	palisz
palić	V	pres.p3.pl	palą
palić	V	pres.p3.sg	pali
pamięć	N	pl.acc	pamięci
pamięć	N	pl.dat	pamięciom
pamięć	N	pl.gen	pamięci
pamięć	N	pl.ins	pamięciami
pamięć	N	pl.loc	pamięciach
pamięć	N	pl.nom	pamięci
pamięć	N	pl.voc	pamięci
pamięć	N	sg.acc	pamięć
pamięć	N	sg.dat	pamięci
pamięć	N	sg.gen	pamięci
pamięć	N	sg.ins	pamięcią
pamięć	N	sg.loc	pamięci
pamięć	N	sg.nom	pamięć
pamięć	N	sg.voc	pamięci
pamiętać	V	cond.p1.pl	pamiętałybyśmy
pamiętać	V	cond.p1.pl.m.hum	pamiętalibyśmy
pamiętać	V	cond.p1.sg.f	pamiętałabym
pamiętać	V	cond.p1.sg.m	pamiętałbym
pamiętać	V	cond.p2.pl	pamiętałybyście
pamiętać	V	cond.p2.pl.m.hum	pamiętalibyście
pamiętać	V	cond.p2.sg.f	pamiętałabyś
pamiętać	V	cond.p2.sg.m	pamiętałbyś
pamiętać	V	cond.p3.pl	pamiętałyby
pamiętać	V	cond.p3.pl.m.hum	pamiętaliby
pamiętać	V	cond.p3.sg.f	pamiętałaby
pamiętać	V	cond.p3.sg.m	pamiętałby
pamiętać	V	cond.p3.sg.n	pamiętałoby
pamiętać	V	fut.p1.pl	będziemy pamiętały
pamiętać	V	fut.p1.pl.m.hum	będziemy pamiętali
pamiętać	V	fut.p1.sg.f	będę pamiętała
pamiętać	V	fut.p1.sg.m	będę pamiętał
pamiętać	V	fut.p2.pl	będziecie pamiętały
pamiętać	V	fut.p2.pl.m.hum	będziecie pamiętali
pamiętać	V	fut.p2.sg.f	będziesz pamiętała
pamiętać	V	fut.p2.sg.m	będziesz pamiętał
pamiętać	V	fut.p3.pl	będą pamiętały
pamiętać	V	fut.p3.pl.m.hum	będą pamiętali
pamiętać	V	fut.p3.sg.f	będzie pamiętała
pamiętać	V	fut.p3.sg.m	będzie pamiętał
pamiętać	V	fut.p3.sg.n	będzie pamiętało
pamiętać	V	imp.p1.pl	pamiętajmy
pamiętać	V	imp.p2.pl	pamiętajcie
pamiętać	V	imp.p2.sg	pamiętaj
pamiętać	V	imp.p3.pl	niech pamiętają
pamiętać	V	imp.p3.sg	niech pamięta
pamiętać	V	past.p1.pl	pamiętałyśmy
pamiętać	V	past.p1.pl.m.hum	pamiętaliśmy
pamiętać	V	past.p1.sg.f	pamiętałam
pamiętać	V	past.p1.sg.m	pamiętałem
pamiętać	V	past.p2.pl	pamiętałyście
pamiętać	V	past.p2.pl.m.hum	pamiętaliście
pamiętać	V	past.p2.sg.f	pamiętałaś
pamiętać	V	past.p2.sg.m	pamiętałeś
pamiętać	V	past.p3.pl	pamiętały
pamiętać	V	past.p3.pl.m.hum	pamiętali
pamiętać	V	past.p3.sg.f	pamiętała
pamiętać	V	past.p3.sg.m	pamiętał
pamiętać	V	past.p3.sg.n	pamiętało
pamiętać	V	pres.p1.pl	pamiętamy
pamiętać	V	pres.p1.sg	pamiętam
pamiętać	V	pres.p2.pl	pamiętacie
pamiętać	V	pres.p2.sg	pamiętasz
pamiętać	V	pres.p3.pl	pamiętają
pamiętać	V	pres.p3.sg	pamięta
pan	N	pl.acc	panów
pan	N	pl.dat	panom
pan	N	pl.gen	panów
pan	N	pl.ins	panami
pan	N	pl.loc	panach
pan	N	pl.nom	panowie
pan	N	pl.voc	panowie
pan	N	sg.acc	pana
pan	N	sg.dat	panu
pan	N	sg.gen	pana
pan	N	sg.ins	panem
pan	N	sg.loc	panu
pan	N	sg.nom	pan
pan	N	sg.voc	panie
pani	N	pl.acc	panie
pani	N	pl.dat	paniom
pani	N	pl.gen	pań
pani	N	pl.ins	paniami
pani	N	pl.loc	paniach
pani	N	pl.nom	panie
pani	N	pl.voc	panie
pani	N	sg.acc	panią
pani	N	sg.dat	pani
pani	N	sg.gen	pani
pani	N	sg.ins	panią
pani	N	sg.loc	pani
pani	N	sg.nom	pani
pani	N	sg.voc	pani
panna	N	pl.acc	panny
panna	N	pl.dat	pannom
panna	N	pl.gen	panien
panna	N	pl.ins	pannami
panna	N	pl.loc	pannach
panna	N	pl.nom	panny
panna	N	pl.voc	panny
panna	N	sg.acc	pannę
panna	N	sg.dat	pannie
panna	N	sg.gen	panny
panna	N	sg.ins	panną
panna	N	sg.loc	pannie
panna	N	sg.nom	panna
panna	N	sg.voc	panno
papier	N	sg.acc	papier
papier	N	sg.dat	papierowi
papier	N	sg.gen	papieru
papier	N	sg.ins	papierem
papier	N	sg.loc	papierze
papier	N	sg.nom	papier
papier	N	sg.voc	papierze
park	N	pl.acc	parki
park	N	pl.dat	parkom
park	N	pl.gen	parków
park	N	pl.ins	parkami
park	N	pl.loc	parkach
park	N	pl.nom	parki
park	N	pl.voc	parki
park	N	sg.acc	park
park	N	sg.dat	parkowi
park	N	sg.gen	parku
park	N	sg.ins	parkiem
park	N	sg.loc	parku
park	N	sg.nom	park
park	N	sg.voc	parku
partner	N	pl.acc	partnerów
partner	N	pl.dat	partnerom
partner	N	pl.gen	partnerów
partner	N	pl.ins	partnerami
partner	N	pl.loc	partnerach
partner	N	pl.nom	partnerzy
partner	N	pl.voc	partnerzy
partner	N	sg.acc	partnera
partner	N	sg.dat	partnerowi
partner	N	sg.gen	partnera
partner	N	sg.ins	partnerem
partner	N	sg.loc	partnerze
partner	N	sg.nom	partner
partner	N	sg.voc	partnerze
pełnia	N	pl.acc	pełnie
pełnia	N	pl.dat	pełniom
pełnia	N	pl.gen	pełni
pełnia	N	pl.ins	pełniami
pełnia	N	pl.loc	pełniach
pełnia	N	pl.nom	pełnie
pełnia	N	pl.voc	pełnie
pełnia	N	sg.acc	pełnię
pełnia	N	sg.dat	pełni
pełnia	N	sg.gen	pełni
pełnia	N	sg.ins	pełnią
pełnia	N	sg.loc	pełni
pełnia	N	sg.nom	pełnia
pełnia	N	sg.voc	pełnio
pełny	A	pl.acc	pełne
pełny	A	pl.dat	pełnym
pełny	A	pl.gen	pełnych
pełny	A	pl.ins	pełnymi
pełny	A	pl.loc	pełnych
pełny	A	pl.m.hum.acc	pełnych
pełny	A	pl.m.hum.nom	pełni
pełny	A	pl.nom	pełne
pełny	A	sg.f.acc	pełną
pełny	A	sg.f.dat	pełnej
pełny	A	sg.f.gen	pełnej
pełny	A	sg.f.ins	pełną
pełny	A	sg.f.loc	pełnej
pełny	A	sg.f.nom	pełna
pełny	A	sg.m.anim.acc	pełnego
pełny	A	sg.m.dat	pełnemu
pełny	A	sg.m.gen	pełnego
pełny	A	sg.m.hum.acc	pełnego
pełny	A	sg.m.inan.acc	pełny
pełny	A	sg.m.ins	pełnym
pełny	A	sg.m.loc	pełnym
pełny	A	sg.m.nom	pełny
pełny	A	sg.n.acc	pełne
pełny	A	sg.n.dat	pełnemu
pełny	A	sg.n.gen	pełnego
pełny	A	sg.n.ins	pełnym
pełny	A	sg.n.loc	pełnym
pełny	A	sg.n.nom	pełne
pewny	A	pl.acc	pewne
pewny	A	pl.dat	pewnym
pewny	A	pl.gen	pewnych
pewny	A	pl.ins	pewnymi
pewny	A	pl.loc	pewnych
pewny	A	pl.m.hum.acc	pewnych
pewny	A	pl.m.hum.nom	pewni
pewny	A	pl.nom	pewne
pewny	A	sg.f.acc	pewną
pewny	A	sg.f.dat	pewnej
pewny	A	sg.f.gen	pewnej
pewny	A	sg.f.ins	pewną
pewny	A	sg.f.loc	pewnej
pewny	A	sg.f.nom	pewna
pewny	A	sg.m.anim.acc	pewnego
pewny	A	sg.m.dat	pewnemu
pewny	A	sg.m.gen	pewnego
pewny	A	sg.m.hum.acc	pewnego
pewny	A	sg.m.inan.acc	pewny
pewny	A	sg.m.ins	pewnym
pewny	A	sg.m.loc	pewnym
pewny	A	sg.m.nom	pewny
pewny	A	sg.n.acc	pewne
pewny	A	sg.n.dat	pewnemu
pewny	A	sg.n.gen	pewnego
pewny	A	sg.n.ins	pewnym
pewny	A	sg.n.loc	pewnym
pewny	A	sg.n.nom	pewne
piąć	V	cond.p1.pl	pięłybyśmy
piąć	V	cond.p1.pl.m.hum	pięlibyśmy
piąć	V	cond.p1.sg.f	pięłabym
piąć	V	cond.p1.sg.m	piąłbym
piąć	V	cond.p2.pl	pięłybyście
piąć	V	cond.p2.pl.m.hum	pięlibyście
piąć	V	cond.p2.sg.f	pięłabyś
piąć	V	cond.p2.sg.m	piąłbyś
piąć	V	cond.p3.pl	pięłyby
piąć	V	cond.p3.pl.m.hum	pięliby
piąć	V	cond.p3.sg.f	pięłaby
piąć	V	cond.p3.sg.m	piąłby
piąć	V	cond.p3.sg.n	pięłoby
piąć	V	fut.p1.pl	będziemy pięły
piąć	V	fut.p1.pl.m.hum	będziemy pięli
piąć	V	fut.p1.sg.f	będę pięła
piąć	V	fut.p1.sg.m	będę piął
piąć	V	fut.p2.pl	będziecie pięły
piąć	V	fut.p2.pl.m.hum	będziecie pięli
piąć	V	fut.p2.sg.f	będziesz pięła
piąć	V	fut.p2.sg.m	będziesz piął
piąć	V	fut.p3.pl	będą pięły
piąć	V	fut.p3.pl.m.hum	będą pięli
piąć	V	fut.p3.sg.f	będzie pięła
piąć	V	fut.p3.sg.m	będzie piął
piąć	V	fut.p3.sg.n	będzie pięło
piąć	V	imp.p1.pl	pnijmy
piąć	V	imp.p2.pl	pnijcie
piąć	V	imp.p2.sg	pnij
piąć	V	imp.p3.pl	niech pną
piąć	V	imp.p3.sg	niech pnie
piąć	V	past.p1.pl	pięłyśmy
piąć	V	past.p1.pl.m.hum	pięliśmy
piąć	V	past.p1.sg.f	pięłam
piąć	V	past.p1.sg.m	piąłem
piąć	V	past.p2.pl	pięłyście
piąć	V	past.p2.pl.m.hum	pięliście
piąć	V	past.p2.sg.f	pięłaś
piąć	V	past.p2.sg.m	piąłeś
piąć	V	past.p3.pl	pięły
piąć	V	past.p3.pl.m.hum	pięli
piąć	V	past.p3.sg.f	pięła
piąć	V	past.p3.sg.m	piął
piąć	V	past.p3.sg.n	pięło
piąć	V	pres.p1.pl	pniemy
piąć	V	pres.p1.sg	pnę
piąć	V	pres.p2.pl	pniecie
piąć	V	pres.p2.sg	pniesz
piąć	V	pres.p3.pl	pną
piąć	V	pres.p3.sg	pnie
piekło	N	pl.acc	piekła
piekło	N	pl.dat	piekłom
piekło	N	pl.gen	piekieł
piekło	N	pl.ins	piekłami
piekło	N	pl.loc	piekłach
piekło	N	pl.nom	piekła
piekło	N	pl.voc	piekła
piekło	N	sg.acc	piekło
piekło	N	sg.dat	piekłu
piekło	N	sg.gen	piekła
piekło	N	sg.ins	piekłem
piekło	N	sg.loc	piekle
piekło	N	sg.nom	piekło
piekło	N	sg.voc	piekło
piękny	A	pl.acc	piękne
piękny	A	pl.dat	pięknym
piękny	A	pl.gen	pięknych
piękny	A	pl.ins	pięknymi
piękny	A	pl.loc	pięknych
piękny	A	pl.m.hum.acc	pięknych
piękny	A	pl.m.hum.nom	piękni
piękny	A	pl.nom	piękne
piękny	A	sg.f.acc	piękną
piękny	A	sg.f.dat	pięknej
piękny	A	sg.f.gen	pięknej
piękny	A	sg.f.ins	piękną
piękny	A	sg.f.loc	pięknej
piękny	A	sg.f.nom	piękna
piękny	A	sg.m.anim.acc	pięknego
piękny	A	sg.m.dat	pięknemu
piękny	A	sg.m.gen	pięknego
piękny	A	sg.m.hum.acc	pięknego
piękny	A	sg.m.inan.acc	piękny
piękny	A	sg.m.ins	pięknym
piękny	A	sg.m.loc	pięknym
piękny	A	sg.m.nom	piękny
piękny	A	sg.n.acc	piękne
piękny	A	sg.n.dat	pięknemu
piękny	A	sg.n.gen	pięknego
piękny	A	sg.n.ins	pięknym
piękny	A	sg.n.loc	pięknym
piękny	A	sg.n.nom	piękne
pielęgniarka	N	pl.acc	pielęgniarki
pielęgniarka	N	pl.dat	pielęgniarkom
pielęgniarka	N	pl.gen	pielęgniarek
pielęgniarka	N	pl.ins	pielęgniarkami
pielęgniarka	N	pl.loc	pielęgniarkach
pielęgniarka	N	pl.nom	pielęgniarki
pielęgniarka	N	pl.voc	pielęgniarki
pielęgniarka	N	sg.acc	pielęgniarkę
pielęgniarka	N	sg.dat	pielęgniarce
pielęgniarka	N	sg.gen	pielęgniarki
pielęgniarka	N	sg.ins	pielęgniarką
pielęgniarka	N	sg.loc	pielęgniarce
pielęgniarka	N	sg.nom	pielęgniarka
pielęgniarka	N	sg.voc	pielęgniarko
pieniądz	N	pl.acc	pieniądze
pieniądz	N	pl.dat	pieniądzom
pieniądz	N	pl.gen	pieniędzy
pieniądz	N	pl.ins	pieniędzmi
pieniądz	N	pl.loc	pieniądzach
pieniądz	N	pl.nom	pieniądze
pieniądz	N	pl.voc	pieniądze
pieniądz	N	sg.acc	pieniądz
pieniądz	N	sg.dat	pieniądzowi
pieniądz	N	sg.gen	pieniądza
pieniądz	N	sg.ins	pieniądzem
pieniądz	N	sg.loc	pieniądzu
pieniądz	N	sg.nom	pieniądz
pieniądz	N	sg.voc	pieniądzu
pieprzyć	V	cond.p1.pl	pieprzyłybyśmy
pieprzyć	V	cond.p1.pl.m.hum	pieprzylibyśmy
pieprzyć	V	cond.p1.sg.f	pieprzyłabym
pieprzyć	V	cond.p1.sg.m	pieprzyłbym
pieprzyć	V	cond.p2.pl	pieprzyłybyście
pieprzyć	V	cond.p2.pl.m.hum	pieprzylibyście
pieprzyć	V	cond.p2.sg.f	pieprzyłabyś
pieprzyć	V	cond.p2.sg.m	pieprzyłbyś
pieprzyć	V	cond.p3.pl	pieprzyłyby
pieprzyć	V	cond.p3.pl.m.hum	pieprzyliby
pieprzyć	V	cond.p3.sg.f	pieprzyłaby
pieprzyć	V	cond.p3.sg.m	pieprzyłby
pieprzyć	V	cond.p3.sg.n	pieprzyłoby
pieprzyć	V	fut.p1.pl	będziemy pieprzyły
pieprzyć	V	fut.p1.pl.m.hum	będziemy pieprzyli
pieprzyć	V	fut.p1.sg.f	będę pieprzyła
pieprzyć	V	fut.p1.sg.m	będę pieprzył
pieprzyć	V	fut.p2.pl	będziecie pieprzyły
pieprzyć	V	fut.p2.pl.m.hum	będziecie pieprzyli
pieprzyć	V	fut.p2.sg.f	będziesz pieprzyła
pieprzyć	V	fut.p2.sg.m	będziesz pieprzył
pieprzyć	V	fut.p3.pl	będą pieprzyły
pieprzyć	V	fut.p3.pl.m.hum	będą pieprzyli
pieprzyć	V	fut.p3.sg.f	będzie pieprzyła
pieprzyć	V	fut.p3.sg.m	będzie pieprzył
pieprzyć	V	fut.p3.sg.n	będzie pieprzyło
pieprzyć	V	imp.p1.pl	pieprzmy
pieprzyć	V	imp.p2.pl	pieprzcie
pieprzyć	V	imp.p2.sg	pieprz
pieprzyć	V	imp.p3.pl	niech pieprzą
pieprzyć	V	imp.p3.sg	niech pieprzy
pieprzyć	V	past.p1.pl	pieprzyłyśmy
pieprzyć	V	past.p1.pl.m.hum	pieprzyliśmy
pieprzyć	V	past.p1.sg.f	pieprzyłam
pieprzyć	V	past.p1.sg.m	pieprzyłem
pieprzyć	V	past.p2.pl	pieprzyłyście
pieprzyć	V	past.p2.pl.m.hum	pieprzyliście
pieprzyć	V	past.p2.sg.f	pieprzyłaś
pieprzyć	V	past.p2.sg.m	pieprzyłeś
pieprzyć	V	past.p3.pl	pieprzyły
pieprzyć	V	past.p3.pl.m.hum	pieprzyli
pieprzyć	V	past.p3.sg.f	pieprzyła
pieprzyć	V	past.p3.sg.m	pieprzył
pieprzyć	V	past.p3.sg.n	pieprzyło
pieprzyć	V	pres.p1.pl	pieprzymy
pieprzyć	V	pres.p1.sg	pieprzę
pieprzyć	V	pres.p2.pl	pieprzycie
pieprzyć	V	pres.p2.sg	pieprzysz
pieprzyć	V	pres.p3.pl	pieprzą
pieprzyć	V	pres.p3.sg	pieprzy
pierś	N	pl.acc	piersi
pierś	N	pl.dat	piersiom
pierś	N	pl.gen	piersi
pierś	N	pl.ins	piersiami
pierś	N	pl.loc	piersiach
pierś	N	pl.nom	piersi
pierś	N	pl.voc	piersi
pierś	N	sg.acc	pierś
pierś	N	sg.dat	piersi
pierś	N	sg.gen	piersi
pierś	N	sg.ins	piersią
pierś	N	sg.loc	piersi
pierś	N	sg.nom	pierś
pierś	N	sg.voc	piersi
pierwszy	A	pl.acc	pierwsze
pierwszy	A	pl.dat	pierwszym
pierwszy	A	pl.gen	pierwszych
pierwszy	A	pl.ins	pierwszymi
pierwszy	A	pl.loc	pierwszych
pierwszy	A	pl.m.hum.acc	pierwszych
pierwszy	A	pl.m.hum.nom	pierwsi
pierwszy	A	pl.nom	pierwsze
pierwszy	A	sg.f.acc	pierwszą
pierwszy	A	sg.f.dat	pierwszej
pierwszy	A	sg.f.gen	pierwszej
pierwszy	A	sg.f.ins	pierwszą
pierwszy	A	sg.f.loc	pierwszej
pierwszy	A	sg.f.nom	pierwsza
pierwszy	A	sg.m.anim.acc	pierwszego
pierwszy	A	sg.m.dat	pierwszemu
pierwszy	A	sg.m.gen	pierwszego
pierwszy	A	sg.m.hum.acc	pierwszego
pierwszy	A	sg.m.inan.acc	pierwszy
pierwszy	A	sg.m.ins	pierwszym
pierwszy	A	sg.m.loc	pierwszym
pierwszy	A	sg.m.nom	pierwszy
pierwszy	A	sg.n.acc	pierwsze
pierwszy	A	sg.n.dat	pierwszemu
pierwszy	A	sg.n.gen	pierwszego
pierwszy	A	sg.n.ins	pierwszym
pierwszy	A	sg.n.loc	pierwszym
pierwszy	A	sg.n.nom	pierwsze
pies	N	pl.acc	psy
pies	N	pl.dat	psom
pies	N	pl.gen	psów
pies	N	pl.ins	psami
pies	N	pl.loc	psach
pies	N	pl.nom	psy
pies	N	pl.voc	psy
pies	N	sg.acc	psa
pies	N	sg.dat	psu
pies	N	sg.gen	psa
pies	N	sg.ins	psem
pies	N	sg.loc	psie
pies	N	sg.nom	pies
pies	N	sg.voc	psie
piętro	N	pl.acc	piętra
piętro	N	pl.dat	piętrom
piętro	N	pl.gen	pięter
piętro	N	pl.ins	piętrami
piętro	N	pl.loc	piętrach
piętro	N	pl.nom	piętra
piętro	N	pl.voc	piętra
piętro	N	sg.acc	piętro
piętro	N	sg.dat	piętru
piętro	N	sg.gen	piętra
piętro	N	sg.ins	piętrem
piętro	N	sg.loc	piętrze
piętro	N	sg.nom	piętro
piętro	N	sg.voc	piętro
pijać	V	cond.p1.pl	pijałybyśmy
pijać	V	cond.p1.pl.m.hum	pijalibyśmy
pijać	V	cond.p1.sg.f	pijałabym
pijać	V	cond.p1.sg.m	pijałbym
pijać	V	cond.p2.pl	pijałybyście
pijać	V	cond.p2.pl.m.hum	pijalibyście
pijać	V	cond.p2.sg.f	pijałabyś
pijać	V	cond.p2.sg.m	pijałbyś
pijać	V	cond.p3.pl	pijałyby
pijać	V	cond.p3.pl.m.hum	pijaliby
pijać	V	cond.p3.sg.f	pijałaby
pijać	V	cond.p3.sg.m	pijałby
pijać	V	cond.p3.sg.n	pijałoby
pijać	V	fut.p1.pl	będziemy pijały
pijać	V	fut.p1.pl.m.hum	będziemy pijali
pijać	V	fut.p1.sg.f	będę pijała
pijać	V	fut.p1.sg.m	będę pijał
pijać	V	fut.p2.pl	będziecie pijały
pijać	V	fut.p2.pl.m.hum	będziecie pijali
pijać	V	fut.p2.sg.f	będziesz pijała
pijać	V	fut.p2.sg.m	będziesz pijał
pijać	V	fut.p3.pl	będą pijały
pijać	V	fut.p3.pl.m.hum	będą pijali
pijać	V	fut.p3.sg.f	będzie pijała
pijać	V	fut.p3.sg.m	będzie pijał
pijać	V	fut.p3.sg.n	będzie pijało
pijać	V	imp.p1.pl	pijajmy
pijać	V	imp.p2.pl	pijajcie
pijać	V	imp.p2.sg	pijaj
pijać	V	imp.p3.pl	niech pijają
pijać	V	imp.p3.sg	niech pija
pijać	V	past.p1.pl	pijałyśmy
pijać	V	past.p1.pl.m.hum	pijaliśmy
pijać	V	past.p1.sg.f	pijałam
pijać	V	past.p1.sg.m	pijałem
pijać	V	past.p2.pl	pijałyście
pijać	V	past.p2.pl.m.hum	pijaliście
pijać	V	past.p2.sg.f	pijałaś
pijać	V	past.p2.sg.m	pijałeś
pijać	V	past.p3.pl	pijały
pijać	V	past.p3.pl.m.hum	pijali
pijać	V	past.p3.sg.f	pijała
pijać	V	past.p3.sg.m	pijał
pijać	V	past.p3.sg.n	pijało
pijać	V	pres.p1.pl	pijamy
pijać	V	pres.p1.sg	pijam
pijać	V	pres.p2.pl	pijacie
pijać	V	pres.p2.sg	pijasz
pijać	V	pres.p3.pl	pijają
pijać	V	pres.p3.sg	pija
piłka	N	pl.acc	piłki
piłka	N	pl.dat	piłkom
piłka	N	pl.gen	piłek
piłka	N	pl.ins	piłkami
piłka	N	pl.loc	piłkach
piłka	N	pl.nom	piłki
piłka	N	pl.voc	piłki
piłka	N	sg.acc	piłkę
piłka	N	sg.dat	piłce
piłka	N	sg.gen	piłki
piłka	N	sg.ins	piłką
piłka	N	sg.loc	piłce
piłka	N	sg.nom	piłka
piłka	N	sg.voc	piłko
piosenka	N	pl.acc	piosenki
piosenka	N	pl.dat	piosenkom
piosenka	N	pl.gen	piosenek
piosenka	N	pl.ins	piosenkami
piosenka	N	pl.loc	piosenkach
piosenka	N	pl.nom	piosenki
piosenka	N	pl.voc	piosenki
piosenka	N	sg.acc	piosenkę
piosenka	N	sg.dat	piosence
piosenka	N	sg.gen	piosenki
piosenka	N	sg.ins	piosenką
piosenka	N	sg.loc	piosence
piosenka	N	sg.nom	piosenka
piosenka	N	sg.voc	piosenko
pisać	V	cond.p1.pl	pisałybyśmy
pisać	V	cond.p1.pl.m.hum	pisalibyśmy
pisać	V	cond.p1.sg.f	pisałabym
pisać	V	cond.p1.sg.m	pisałbym
pisać	V	cond.p2.pl	pisałybyście
pisać	V	cond.p2.pl.m.hum	pisalibyście
pisać	V	cond.p2.sg.f	pisałabyś
pisać	V	cond.p2.sg.m	pisałbyś
pisać	V	cond.p3.pl	pisałyby
pisać	V	cond.p3.pl.m.hum	pisaliby
pisać	V	cond.p3.sg.f	pisałaby
pisać	V	cond.p3.sg.m	pisałby
pisać	V	cond.p3.sg.n	pisałoby
pisać	V	fut.p1.pl	będziemy pisały
pisać	V	fut.p1.pl.m.hum	będziemy pisali
pisać	V	fut.p1.sg.f	będę pisała
pisać	V	fut.p1.sg.m	będę pisał
pisać	V	fut.p2.pl	będziecie pisały
pisać	V	fut.p2.pl.m.hum	będziecie pisali
pisać	V	fut.p2.sg.f	będziesz pisała
pisać	V	fut.p2.sg.m	będziesz pisał
pisać	V	fut.p3.pl	będą pisały
pisać	V	fut.p3.pl.m.hum	będą pisali
pisać	V	fut.p3.sg.f	będzie pisała
pisać	V	fut.p3.sg.m	będzie pisał
pisać	V	fut.p3.sg.n	będzie pisało
pisać	V	imp.p1.pl	piszmy
pisać	V	imp.p2.pl	piszcie
pisać	V	imp.p2.sg	pisz
pisać	V	imp.p3.pl	niech piszą
pisać	V	imp.p3.sg	niech pisze
pisać	V	past.p1.pl	pisałyśmy
pisać	V	past.p1.pl.m.hum	pisaliśmy
pisać	V	past.p1.sg.f	pisałam
pisać	V	past.p1.sg.m	pisałem
pisać	V	past.p2.pl	pisałyście
pisać	V	past.p2.pl.m.hum	pisaliście
pisać	V	past.p2.sg.f	pisałaś
pisać	V	past.p2.sg.m	pisałeś
pisać	V	past.p3.pl	pisały
pisać	V	past.p3.pl.m.hum	pisali
pisać	V	past.p3.sg.f	pisała
pisać	V	past.p3.sg.m	pisał
pisać	V	past.p3.sg.n	pisało
pisać	V	pres.p1.pl	piszemy
pisać	V	pres.p1.sg	piszę
pisać	V	pres.p2.pl	piszecie
pisać	V	pres.p2.sg	piszesz
pisać	V	pres.p3.pl	piszą
pisać	V	pres.p3.sg	pisze
pistolet	N	pl.acc	pistolety
pistolet	N	pl.dat	pistoletom
pistolet	N	pl.gen	pistoletów
pistolet	N	pl.ins	pistoletami
pistolet	N	pl.loc	pistoletach
pistolet	N	pl.nom	pistolety
pistolet	N	pl.voc	pistolety
pistolet	N	sg.acc	pistolet
pistolet	N	sg.dat	pistoletowi
pistolet	N	sg.gen	pistoletu
pistolet	N	sg.ins	pistoletem
pistolet	N	sg.loc	pistolecie
pistolet	N	sg.nom	pistolet
pistolet	N	sg.voc	pistolecie
piwo	N	pl.acc	piwa
piwo	N	pl.dat	piwom
piwo	N	pl.gen	piw
piwo	N	pl.ins	piwami
piwo	N	pl.loc	piwach
piwo	N	pl.nom	piwa
piwo	N	pl.voc	piwa
piwo	N	sg.acc	piwo
piwo	N	sg.dat	piwu
piwo	N	sg.gen	piwa
piwo	N	sg.ins	piwem
piwo	N	sg.loc	piwie
piwo	N	sg.nom	piwo
piwo	N	sg.voc	piwo
pizza	N	pl.acc	pizze
pizza	N	pl.dat	pizzom
pizza	N	pl.gen	pizz
pizza	N	pl.ins	pizzami
pizza	N	pl.loc	pizzach
pizza	N	pl.nom	pizze
pizza	N	pl.voc	pizze
pizza	N	sg.acc	pizzę
pizza	N	sg.dat	pizzy
pizza	N	sg.gen	pizzy
pizza	N	sg.ins	pizzą
pizza	N	sg.loc	pizzy
pizza	N	sg.nom	pizza
pizza	N	sg.voc	pizzo
płaca	N	pl.acc	płace
płaca	N	pl.dat	płacom
płaca	N	pl.gen	płac
płaca	N	pl.ins	płacami
płaca	N	pl.loc	płacach
płaca	N	pl.nom	płace
płaca	N	pl.voc	płace
płaca	N	sg.acc	płacę
płaca	N	sg.dat	płacy
płaca	N	sg.gen	płacy
płaca	N	sg.ins	płacą
płaca	N	sg.loc	płacy
płaca	N	sg.nom	płaca
płaca	N	sg.voc	płaco
płacić	V	cond.p1.pl	płaciłybyśmy
płacić	V	cond.p1.pl.m.hum	płacilibyśmy
płacić	V	cond.p1.sg.f	płaciłabym
płacić	V	cond.p1.sg.m	płaciłbym
płacić	V	cond.p2.pl	płaciłybyście
płacić	V	cond.p2.pl.m.hum	płacilibyście
płacić	V	cond.p2.sg.f	płaciłabyś
płacić	V	cond.p2.sg.m	płaciłbyś
płacić	V	cond.p3.pl	płaciłyby
płacić	V	cond.p3.pl.m.hum	płaciliby
płacić	V	cond.p3.sg.f	płaciłaby
płacić	V	cond.p3.sg.m	płaciłby
płacić	V	cond.p3.sg.n	płaciłoby
płacić	V	fut.p1.pl	będziemy płaciły
płacić	V	fut.p1.pl.m.hum	będziemy płacili
płacić	V	fut.p1.sg.f	będę płaciła
płacić	V	fut.p1.sg.m	będę płacił
płacić	V	fut.p2.pl	będziecie płaciły
płacić	V	fut.p2.pl.m.hum	będziecie płacili
płacić	V	fut.p2.sg.f	będziesz płaciła
płacić	V	fut.p2.sg.m	będziesz płacił
płacić	V	fut.p3.pl	będą płaciły
płacić	V	fut.p3.pl.m.hum	będą płacili
płacić	V	fut.p3.sg.f	będzie płaciła
płacić	V	fut.p3.sg.m	będzie płacił
płacić	V	fut.p3.sg.n	będzie płaciło
płacić	V	imp.p1.pl	płaćmy
płacić	V	imp.p2.pl	płaćcie
płacić	V	imp.p2.sg	płać
płacić	V	imp.p3.pl	niech płacą
płacić	V	imp.p3.sg	niech płaci
płacić	V	past.p1.pl	płaciłyśmy
płacić	V	past.p1.pl.m.hum	płaciliśmy
płacić	V	past.p1.sg.f	płaciłam
płacić	V	past.p1.sg.m	płaciłem
płacić	V	past.p2.pl	płaciłyście
płacić	V	past.p2.pl.m.hum	płaciliście
płacić	V	past.p2.sg.f	płaciłaś
płacić	V	past.p2.sg.m	płaciłeś
płacić	V	past.p3.pl	płaciły
płacić	V	past.p3.pl.m.hum	płacili
płacić	V	past.p3.sg.f	płaciła
płacić	V	past.p3.sg.m	płacił
płacić	V	past.p3.sg.n	płaciło
płacić	V	pres.p1.pl	płacimy
płacić	V	pres.p1.sg	płacę
płacić	V	pres.p2.pl	płacicie
płacić	V	pres.p2.sg	płacisz
płacić	V	pres.p3.pl	płacą
płacić	V	pres.p3.sg	płaci
płakać	V	cond.p1.pl	płakałybyśmy
płakać	V	cond.p1.pl.m.hum	płakalibyśmy
płakać	V	cond.p1.sg.f	płakałabym
płakać	V	cond.p1.sg.m	płakałbym
płakać	V	cond.p2.pl	płakałybyście
płakać	V	cond.p2.pl.m.hum	płakalibyście
płakać	V	cond.p2.sg.f	płakałabyś
płakać	V	cond.p2.sg.m	płakałbyś
płakać	V	cond.p3.pl	płakałyby
płakać	V	cond.p3.pl.m.hum	płakaliby
płakać	V	cond.p3.sg.f	płakałaby
płakać	V	cond.p3.sg.m	płakałby
płakać	V	cond.p3.sg.n	płakałoby
płakać	V	fut.p1.pl	będziemy płakały
płakać	V	fut.p1.pl.m.hum	będziemy płakali
płakać	V	fut.p1.sg.f	będę płakała
płakać	V	fut.p1.sg.m	będę płakał
płakać	V	fut.p2.pl	będziecie płakały
płakać	V	fut.p2.pl.m.hum	będziecie płakali
płakać	V	fut.p2.sg.f	będziesz płakała
płakać	V	fut.p2.sg.m	będziesz płakał
płakać	V	fut.p3.pl	będą płakały
płakać	V	fut.p3.pl.m.hum	będą płakali
płakać	V	fut.p3.sg.f	będzie płakała
płakać	V	fut.p3.sg.m	będzie płakał
płakać	V	fut.p3.sg.n	będzie płakało
płakać	V	imp.p1.pl	płaczmy
płakać	V	imp.p2.pl	płaczcie
płakać	V	imp.p2.sg	płacz
płakać	V	imp.p3.pl	niech płaczą
płakać	V	imp.p3.sg	niech płacze
płakać	V	past.p1.pl	płakałyśmy
płakać	V	past.p1.pl.m.hum	płakaliśmy
płakać	V	past.p1.sg.f	płakałam
płakać	V	past.p1.sg.m	płakałem
płakać	V	past.p2.pl	płakałyście
płakać	V	past.p2.pl.m.hum	płakaliście
płakać	V	past.p2.sg.f	płakałaś
płakać	V	past.p2.sg.m	płakałeś
płakać	V	past.p3.pl	płakały
płakać	V	past.p3.pl.m.hum	płakali
płakać	V	past.p3.sg.f	płakała
płakać	V	past.p3.sg.m	płakał
płakać	V	past.p3.sg.n	płakało
płakać	V	pres.p1.pl	płaczemy
płakać	V	pres.p1.sg	płaczę
płakać	V	pres.p2.pl	płaczecie
płakać	V	pres.p2.sg	płaczesz
płakać	V	pres.p3.pl	płaczą
płakać	V	pres.p3.sg	płacze
plan	N	pl.acc	plany
plan	N	pl.dat	planom
plan	N	pl.gen	planów
plan	N	pl.ins	planami
plan	N	pl.loc	planach
plan	N	pl.nom	plany
plan	N	pl.voc	plany
plan	N	sg.acc	plan
plan	N	sg.dat	planowi
plan	N	sg.gen	planu
plan	N	sg.ins	planem
plan	N	sg.loc	planie
plan	N	sg.nom	plan
plan	N	sg.voc	planie
planeta	N	pl.acc	planety
planeta	N	pl.dat	planetom
planeta	N	pl.gen	planet
planeta	N	pl.ins	planetami
planeta	N	pl.loc	planetach
planeta	N	pl.nom	planety
planeta	N	pl.voc	planety
planeta	N	sg.acc	planetę
planeta	N	sg.dat	planecie
planeta	N	sg.gen	planety
planeta	N	sg.ins	planetą
planeta	N	sg.loc	planecie
planeta	N	sg.nom	planeta
planeta	N	sg.voc	planeto
planować	V	cond.p1.pl	planowałybyśmy
planować	V	cond.p1.pl.m.hum	planowalibyśmy
planować	V	cond.p1.sg.f	planowałabym
planować	V	cond.p1.sg.m	planowałbym
planować	V	cond.p2.pl	planowałybyście
planować	V	cond.p2.pl.m.hum	planowalibyście
planować	V	cond.p2.sg.f	planowałabyś
planować	V	cond.p2.sg.m	planowałbyś
planować	V	cond.p3.pl	planowałyby
planować	V	cond.p3.pl.m.hum	planowaliby
planować	V	cond.p3.sg.f	planowałaby
planować	V	cond.p3.sg.m	planowałby
planować	V	cond.p3.sg.n	planowałoby
planować	V	fut.p1.pl	będziemy planowały
planować	V	fut.p1.pl.m.hum	będziemy planowali
planować	V	fut.p1.sg.f	będę planowała
planować	V	fut.p1.sg.m	będę planował
planować	V	fut.p2.pl	będziecie planowały
planować	V	fut.p2.pl.m.hum	będziecie planowali
planować	V	fut.p2.sg.f	będziesz planowała
planować	V	fut.p2.sg.m	będziesz planował
planować	V	fut.p3.pl	będą planowały
planować	V	fut.p3.pl.m.hum	będą planowali
planować	V	fut.p3.sg.f	będzie planowała
planować	V	fut.p3.sg.m	będzie planował
planować	V	fut.p3.sg.n	będzie planowało
planować	V	imp.p1.pl	planujmy
planować	V	imp.p2.pl	planujcie
planować	V	imp.p2.sg	planuj
planować	V	imp.p3.pl	niech planują
planować	V	imp.p3.sg	niech planuje
planować	V	past.p1.pl	planowałyśmy
planować	V	past.p1.pl.m.hum	planowaliśmy
planować	V	past.p1.sg.f	planowałam
planować	V	past.p1.sg.m	planowałem
planować	V	past.p2.pl	planowałyście
planować	V	past.p2.pl.m.hum	planowaliście
planować	V	past.p2.sg.f	planowałaś
planować	V	past.p2.sg.m	planowałeś
planować	V	past.p3.pl	planowały
planować	V	past.p3.pl.m.hum	planowali
planować	V	past.p3.sg.f	planowała
planować	V	past.p3.sg.m	planował
planować	V	past.p3.sg.n	planowało
planować	V	pres.p1.pl	planujemy
planować	V	pres.p1.sg	planuję
planować	V	pres.p2.pl	planujecie
planować	V	pres.p2.sg	planujesz
planować	V	pres.p3.pl	planują
planować	V	pres.p3.sg	planuje
plaża	N	pl.acc	plaże
plaża	N	pl.dat	plażom
plaża	N	pl.gen	plaż
plaża	N	pl.ins	plażami
plaża	N	pl.loc	plażach
plaża	N	pl.nom	plaże
plaża	N	pl.voc	plaże
plaża	N	sg.acc	plażę
plaża	N	sg.dat	plaży
plaża	N	sg.gen	plaży
plaża	N	sg.ins	plażą
plaża	N	sg.loc	plaży
plaża	N	sg.nom	plaża
plaża	N	sg.voc	plażo
pochodzić	V	cond.p1.pl	pochodziłybyśmy
pochodzić	V	cond.p1.pl.m.hum	pochodzilibyśmy
pochodzić	V	cond.p1.sg.f	pochodziłabym
pochodzić	V	cond.p1.sg.m	pochodziłbym
pochodzić	V	cond.p2.pl	pochodziłybyście
pochodzić	V	cond.p2.pl.m.hum	pochodzilibyście
pochodzić	V	cond.p2.sg.f	pochodziłabyś
pochodzić	V	cond.p2.sg.m	pochodziłbyś
pochodzić	V	cond.p3.pl	pochodziłyby
pochodzić	V	cond.p3.pl.m.hum	pochodziliby
pochodzić	V	cond.p3.sg.f	pochodziłaby
pochodzić	V	cond.p3.sg.m	pochodziłby
pochodzić	V	cond.p3.sg.n	pochodziłoby
pochodzić	V	fut.p1.pl	będziemy pochodziły
pochodzić	V	fut.p1.pl.m.hum	będziemy pochodzili
pochodzić	V	fut.p1.sg.f	będę pochodziła
pochodzić	V	fut.p1.sg.m	będę pochodził
pochodzić	V	fut.p2.pl	będziecie pochodziły
pochodzić	V	fut.p2.pl.m.hum	będziecie pochodzili
pochodzić	V	fut.p2.sg.f	będziesz pochodziła
pochodzić	V	fut.p2.sg.m	będziesz pochodził
pochodzić	V	fut.p3.pl	będą pochodziły
pochodzić	V	fut.p3.pl.m.hum	będą pochodzili
pochodzić	V	fut.p3.sg.f	będzie pochodziła
pochodzić	V	fut.p3.sg.m	będzie pochodził
pochodzić	V	fut.p3.sg.n	będzie pochodziło
pochodzić	V	imp.p1.pl	pochodźmy
pochodzić	V	imp.p2.pl	pochodźcie
pochodzić	V	imp.p2.sg	pochodź
pochodzić	V	imp.p3.pl	niech pochodzą
pochodzić	V	imp.p3.sg	niech pochodzi
pochodzić	V	past.p1.pl	pochodziłyśmy
pochodzić	V	past.p1.pl.m.hum	pochodziliśmy
pochodzić	V	past.p1.sg.f	pochodziłam
pochodzić	V	past.p1.sg.m	pochodziłem
pochodzić	V	past.p2.pl	pochodziłyście
pochodzić	V	past.p2.pl.m.hum	pochodziliście
pochodzić	V	past.p2.sg.f	pochodziłaś
pochodzić	V	past.p2.sg.m	pochodziłeś
pochodzić	V	past.p3.pl	pochodziły
pochodzić	V	past.p3.pl.m.hum	pochodzili
pochodzić	V	past.p3.sg.f	pochodziła
pochodzić	V	past.p3.sg.m	pochodził
pochodzić	V	past.p3.sg.n	pochodziło
pochodzić	V	pres.p1.pl	pochodzimy
pochodzić	V	pres.p1.sg	pochodzę
pochodzić	V	pres.p2.pl	pochodzicie
pochodzić	V	pres.p2.sg	pochodzisz
pochodzić	V	pres.p3.pl	pochodzą
pochodzić	V	pres.p3.sg	pochodzi
pociąg	N	pl.acc	pociągi
pociąg	N	pl.dat	pociągom
pociąg	N	pl.gen	pociągów
pociąg	N	pl.ins	pociągami
pociąg	N	pl.loc	pociągach
pociąg	N	pl.nom	pociągi
pociąg	N	pl.voc	pociągi
pociąg	N	sg.acc	pociąg
pociąg	N	sg.dat	pociągowi
pociąg	N	sg.gen	pociągu
pociąg	N	sg.ins	pociągiem
pociąg	N	sg.loc	pociągu
pociąg	N	sg.nom	pociąg
pociąg	N	sg.voc	pociągu
początek	N	pl.acc	początki
początek	N	pl.dat	początkom
początek	N	pl.gen	początków
początek	N	pl.ins	początkami
początek	N	pl.loc	początkach
początek	N	pl.nom	początki
początek	N	pl.voc	początki
początek	N	sg.acc	początek
początek	N	sg.dat	początkowi
początek	N	sg.gen	początku
początek	N	sg.ins	początkiem
początek	N	sg.loc	początku
początek	N	sg.nom	początek
początek	N	sg.voc	początku
poczekać	V	cond.p1.pl	poczekałybyśmy
poczekać	V	cond.p1.pl.m.hum	poczekalibyśmy
poczekać	V	cond.p1.sg.f	poczekałabym
poczekać	V	cond.p1.sg.m	poczekałbym
poczekać	V	cond.p2.pl	poczekałybyście
poczekać	V	cond.p2.pl.m.hum	poczekalibyście
poczekać	V	cond.p2.sg.f	poczekałabyś
poczekać	V	cond.p2.sg.m	poczekałbyś
poczekać	V	cond.p3.pl	poczekałyby
poczekać	V	cond.p3.pl.m.hum	poczekaliby
poczekać	V	cond.p3.sg.f	poczekałaby
poczekać	V	cond.p3.sg.m	poczekałby
poczekać	V	cond.p3.sg.n	poczekałoby
poczekać	V	fut.p1.pl	poczekamy
poczekać	V	fut.p1.sg	poczekam
poczekać	V	fut.p2.pl	poczekacie
poczekać	V	fut.p2.sg	poczekasz
poczekać	V	fut.p3.pl	poczekają
poczekać	V	fut.p3.sg	poczeka
poczekać	V	imp.p1.pl	poczekajmy
poczekać	V	imp.p1.sg	niech poczekam
poczekać	V	imp.p2.pl	poczekajcie
poczekać	V	imp.p2.sg	poczekaj
poczekać	V	imp.p3.pl	niech poczekają
poczekać	V	imp.p3.sg	niech poczeka
poczekać	V	past.p1.pl	poczekałyśmy
poczekać	V	past.p1.pl.m.hum	poczekaliśmy
poczekać	V	past.p1.sg.f	poczekałam
poczekać	V	past.p1.sg.m	poczekałem
poczekać	V	past.p2.pl	poczekałyście
poczekać	V	past.p2.pl.m.hum	poczekaliście
poczekać	V	past.p2.sg.f	poczekałaś
poczekać	V	past.p2.sg.m	poczekałeś
poczekać	V	past.p3.pl	poczekały
poczekać	V	past.p3.pl.m.hum	poczekali
poczekać	V	past.p3.sg.f	poczekała
poczekać	V	past.p3.sg.m	poczekał
poczekać	V	past.p3.sg.n	poczekało
podać	V	cond.p1.pl	podałybyśmy
podać	V	cond.p1.pl.m.hum	podalibyśmy
podać	V	cond.p1.sg.f	podałabym
podać	V	cond.p1.sg.m	podałbym
podać	V	cond.p2.pl	podałybyście
podać	V	cond.p2.pl.m.hum	podalibyście
podać	V	cond.p2.sg.f	podałabyś
podać	V	cond.p2.sg.m	podałbyś
podać	V	cond.p3.pl	podałyby
podać	V	cond.p3.pl.m.hum	podaliby
podać	V	cond.p3.sg.f	podałaby
podać	V	cond.p3.sg.m	podałby
podać	V	cond.p3.sg.n	podałoby
podać	V	fut.p1.pl	podamy
podać	V	fut.p1.sg	podam
podać	V	fut.p2.pl	podacie
podać	V	fut.p2.sg	podasz
podać	V	fut.p3.pl	podadzą
podać	V	fut.p3.sg	poda
podać	V	imp.p1.pl	podajmy
podać	V	imp.p1.sg	niech podam
podać	V	imp.p2.pl	podajcie
podać	V	imp.p2.sg	podaj
podać	V	imp.p3.pl	niech podadzą
podać	V	imp.p3.sg	niech poda
podać	V	past.p1.pl	podałyśmy
podać	V	past.p1.pl.m.hum	podaliśmy
podać	V	past.p1.sg.f	podałam
podać	V	past.p1.sg.m	podałem
podać	V	past.p2.pl	podałyście
podać	V	past.p2.pl.m.hum	podaliście
podać	V	past.p2.sg.f	podałaś
podać	V	past.p2.sg.m	podałeś
podać	V	past.p3.pl	podały
podać	V	past.p3.pl.m.hum	podali
podać	V	past.p3.sg.f	podała
podać	V	past.p3.sg.m	podał
podać	V	past.p3.sg.n	podało
podejrzany	A	pl.acc	podejrzane
podejrzany	A	pl.dat	podejrzanym
podejrzany	A	pl.gen	podejrzanych
podejrzany	A	pl.ins	podejrzanymi
podejrzany	A	pl.loc	podejrzanych
podejrzany	A	pl.m.hum.acc	podejrzanych
podejrzany	A	pl.m.hum.nom	podejrzani
podejrzany	A	pl.nom	podejrzane
podejrzany	A	sg.f.acc	podejrzaną
podejrzany	A	sg.f.dat	podejrzanej
podejrzany	A	sg.f.gen	podejrzanej
podejrzany	A	sg.f.ins	podejrzaną
podejrzany	A	sg.f.loc	podejrzanej
podejrzany	A	sg.f.nom	podejrzana
podejrzany	A	sg.m.anim.acc	podejrzanego
podejrzany	A	sg.m.dat	podejrzanemu
podejrzany	A	sg.m.gen	podejrzanego
podejrzany	A	sg.m.hum.acc	podejrzanego
podejrzany	A	sg.m.inan.acc	podejrzany
podejrzany	A	sg.m.ins	podejrzanym
podejrzany	A	sg.m.loc	podejrzanym
podejrzany	A	sg.m.nom	podejrzany
podejrzany	A	sg.n.acc	podejrzane
podejrzany	A	sg.n.dat	podejrzanemu
podejrzany	A	sg.n.gen	podejrzanego
podejrzany	A	sg.n.ins	podejrzanym
podejrzany	A	sg.n.loc	podejrzanym
podejrzany	A	sg.n.nom	podejrzane
podejrzewać	V	cond.p1.pl	podejrzewałybyśmy
podejrzewać	V	cond.p1.pl.m.hum	podejrzewalibyśmy
podejrzewać	V	cond.p1.sg.f	podejrzewałabym
podejrzewać	V	cond.p1.sg.m	podejrzewałbym
podejrzewać	V	cond.p2.pl	podejrzewałybyście
podejrzewać	V	cond.p2.pl.m.hum	podejrzewalibyście
podejrzewać	V	cond.p2.sg.f	podejrzewałabyś
podejrzewać	V	cond.p2.sg.m	podejrzewałbyś
podejrzewać	V	cond.p3.pl	podejrzewałyby
podejrzewać	V	cond.p3.pl.m.hum	podejrzewaliby
podejrzewać	V	cond.p3.sg.f	podejrzewałaby
podejrzewać	V	cond.p3.sg.m	podejrzewałby
podejrzewać	V	cond.p3.sg.n	podejrzewałoby
podejrzewać	V	fut.p1.pl	będziemy podejrzewały
podejrzewać	V	fut.p1.pl.m.hum	będziemy podejrzewali
podejrzewać	V	fut.p1.sg.f	będę podejrzewała
podejrzewać	V	fut.p1.sg.m	będę podejrzewał
podejrzewać	V	fut.p2.pl	będziecie podejrzewały
podejrzewać	V	fut.p2.pl.m.hum	będziecie podejrzewali
podejrzewać	V	fut.p2.sg.f	będziesz podejrzewała
podejrzewać	V	fut.p2.sg.m	będziesz podejrzewał
podejrzewać	V	fut.p3.pl	będą podejrzewały
podejrzewać	V	fut.p3.pl.m.hum	będą podejrzewali
podejrzewać	V	fut.p3.sg.f	będzie podejrzewała
podejrzewać	V	fut.p3.sg.m	będzie podejrzewał
podejrzewać	V	fut.p3.sg.n	będzie podejrzewało
podejrzewać	V	imp.p1.pl	podejrzewajmy
podejrzewać	V	imp.p2.pl	podejrzewajcie
podejrzewać	V	imp.p2.sg	podejrzewaj
podejrzewać	V	imp.p3.pl	niech podejrzewają
podejrzewać	V	imp.p3.sg	niech podejrzewa
podejrzewać	V	past.p1.pl	podejrzewałyśmy
podejrzewać	V	past.p1.pl.m.hum	podejrzewaliśmy
podejrzewać	V	past.p1.sg.f	podejrzewałam
podejrzewać	V	past.p1.sg.m	podejrzewałem
podejrzewać	V	past.p2.pl	podejrzewałyście
podejrzewać	V	past.p2.pl.m.hum	podejrzewaliście
podejrzewać	V	past.p2.sg.f	podejrzewałaś
podejrzewać	V	past.p2.sg.m	podejrzewałeś
podejrzewać	V	past.p3.pl	podejrzewały
podejrzewać	V	past.p3.pl.m.hum	podejrzewali
podejrzewać	V	past.p3.sg.f	podejrzewała
podejrzewać	V	past.p3.sg.m	podejrzewał
podejrzewać	V	past.p3.sg.n	podejrzewało
podejrzewać	V	pres.p1.pl	podejrzewamy
podejrzewać	V	pres.p1.sg	podejrzewam
podejrzewać	V	pres.p2.pl	podejrzewacie
podejrzewać	V	pres.p2.sg	podejrzewasz
podejrzewać	V	pres.p3.pl	podejrzewają
podejrzewać	V	pres.p3.sg	podejrzewa
podłoga	N	pl.acc	podłogi
podłoga	N	pl.dat	podłogom
podłoga	N	pl.gen	podłóg
podłoga	N	pl.ins	podłogami
podłoga	N	pl.loc	podłogach
podłoga	N	pl.nom	podłogi
podłoga	N	pl.voc	podłogi
podłoga	N	sg.acc	podłogę
podłoga	N	sg.dat	podłodze
podłoga	N	sg.gen	podłogi
podłoga	N	sg.ins	podłogą
podłoga	N	sg.loc	podłodze
podłoga	N	sg.nom	podłoga
podłoga	N	sg.voc	podłogo
podnieść	V	cond.p1.pl	podniosłybyśmy
podnieść	V	cond.p1.pl.m.hum	podnieślibyśmy
podnieść	V	cond.p1.sg.f	podniosłabym
podnieść	V	cond.p1.sg.m	podniosłbym
podnieść	V	cond.p2.pl	podniosłybyście
podnieść	V	cond.p2.pl.m.hum	podnieślibyście
podnieść	V	cond.p2.sg.f	podniosłabyś
podnieść	V	cond.p2.sg.m	podniosłbyś
podnieść	V	cond.p3.pl	podniosłyby
podnieść	V	cond.p3.pl.m.hum	podnieśliby
podnieść	V	cond.p3.sg.f	podniosłaby
podnieść	V	cond.p3.sg.m	podniosłby
podnieść	V	cond.p3.sg.n	podniosłoby
podnieść	V	fut.p1.pl	podniesiemy
podnieść	V	fut.p1.sg	podniosę
podnieść	V	fut.p2.pl	podniesiecie
podnieść	V	fut.p2.sg	podniesiesz
podnieść	V	fut.p3.pl	podniosą
podnieść	V	fut.p3.sg	podniesie
podnieść	V	imp.p1.pl	podnieśmy
podnieść	V	imp.p1.sg	niech podniosę
podnieść	V	imp.p2.pl	podnieście
podnieść	V	imp.p2.sg	podnieś
podnieść	V	imp.p3.pl	niech podniosą
podnieść	V	imp.p3.sg	niech podniesie
podnieść	V	past.p1.pl	podniosłyśmy
podnieść	V	past.p1.pl.m.hum	podnieśliśmy
podnieść	V	past.p1.sg.f	podniosłam
podnieść	V	past.p1.sg.m	podniosłem
podnieść	V	past.p2.pl	podniosłyście
podnieść	V	past.p2.pl.m.hum	podnieśliście
podnieść	V	past.p2.sg.f	podniosłaś
podnieść	V	past.p2.sg.m	podniosłeś
podnieść	V	past.p3.pl	podniosły
podnieść	V	past.p3.pl.m.hum	podnieśli
podnieść	V	past.p3.sg.f	podniosła
podnieść	V	past.p3.sg.m	podniosł
podnieść	V	past.p3.sg.n	podniosło
podobny	A	pl.acc	podobne
podobny	A	pl.dat	podobnym
podobny	A	pl.gen	podobnych
podobny	A	pl.ins	podobnymi
podobny	A	pl.loc	podobnych
podobny	A	pl.m.hum.acc	podobnych
podobny	A	pl.m.hum.nom	podobni
podobny	A	pl.nom	podobne
podobny	A	sg.f.acc	podobną
podobny	A	sg.f.dat	podobnej
podobny	A	sg.f.gen	podobnej
podobny	A	sg.f.ins	podobną
podobny	A	sg.f.loc	podobnej
podobny	A	sg.f.nom	podobna
podobny	A	sg.m.anim.acc	podobnego
podobny	A	sg.m.dat	podobnemu
podobny	A	sg.m.gen	podobnego
podobny	A	sg.m.hum.acc	podobnego
podobny	A	sg.m.inan.acc	podobny
podobny	A	sg.m.ins	podobnym
podobny	A	sg.m.loc	podobnym
podobny	A	sg.m.nom	podobny
podobny	A	sg.n.acc	podobne
podobny	A	sg.n.dat	podobnemu
podobny	A	sg.n.gen	podobnego
podobny	A	sg.n.ins	podobnym
podobny	A	sg.n.loc	podobnym
podobny	A	sg.n.nom	podobne
podpisać	V	cond.p1.pl	podpisałybyśmy
podpisać	V	cond.p1.pl.m.hum	podpisalibyśmy
podpisać	V	cond.p1.sg.f	podpisałabym
podpisać	V	cond.p1.sg.m	podpisałbym
podpisać	V	cond.p2.pl	podpisałybyście
podpisać	V	cond.p2.pl.m.hum	podpisalibyście
podpisać	V	cond.p2.sg.f	podpisałabyś
podpisać	V	cond.p2.sg.m	podpisałbyś
podpisać	V	cond.p3.pl	podpisałyby
podpisać	V	cond.p3.pl.m.hum	podpisaliby
podpisać	V	cond.p3.sg.f	podpisałaby
podpisać	V	cond.p3.sg.m	podpisałby
podpisać	V	cond.p3.sg.n	podpisałoby
podpisać	V	fut.p1.pl	podpiszemy
podpisać	V	fut.p1.sg	podpiszę
podpisać	V	fut.p2.pl	podpiszecie
podpisać	V	fut.p2.sg	podpiszesz
podpisać	V	fut.p3.pl	podpiszą
podpisać	V	fut.p3.sg	podpisze
podpisać	V	imp.p1.pl	podpiszmy
podpisać	V	imp.p1.sg	niech podpiszę
podpisać	V	imp.p2.pl	podpiszcie
podpisać	V	imp.p2.sg	podpisz
podpisać	V	imp.p3.pl	niech podpiszą
podpisać	V	imp.p3.sg	niech podpisze
podpisać	V	past.p1.pl	podpisałyśmy
podpisać	V	past.p1.pl.m.hum	podpisaliśmy
podpisać	V	past.p1.sg.f	podpisałam
podpisać	V	past.p1.sg.m	podpisałem
podpisać	V	past.p2.pl	podpisałyście
podpisać	V	past.p2.pl.m.hum	podpisaliście
podpisać	V	past.p2.sg.f	podpisałaś
podpisać	V	past.p2.sg.m	podpisałeś
podpisać	V	past.p3.pl	podpisały
podpisać	V	past.p3.pl.m.hum	podpisali
podpisać	V	past.p3.sg.f	podpisała
podpisać	V	past.p3.sg.m	podpisał
podpisać	V	past.p3.sg.n	podpisało
podstawa	N	pl.acc	podstawy
podstawa	N	pl.dat	podstawom
podstawa	N	pl.gen	podstaw
podstawa	N	pl.ins	podstawami
podstawa	N	pl.loc	podstawach
podstawa	N	pl.nom	podstawy
podstawa	N	pl.voc	podstawy
podstawa	N	sg.acc	podstawę
podstawa	N	sg.dat	podstawie
podstawa	N	sg.gen	podstawy
podstawa	N	sg.ins	podstawą
podstawa	N	sg.loc	podstawie
podstawa	N	sg.nom	podstawa
podstawa	N	sg.voc	podstawo
pogadać	V	cond.p1.pl	pogadałybyśmy
pogadać	V	cond.p1.pl.m.hum	pogadalibyśmy
pogadać	V	cond.p1.sg.f	pogadałabym
pogadać	V	cond.p1.sg.m	pogadałbym
pogadać	V	cond.p2.pl	pogadałybyście
pogadać	V	cond.p2.pl.m.hum	pogadalibyście
pogadać	V	cond.p2.sg.f	pogadałabyś
pogadać	V	cond.p2.sg.m	pogadałbyś
pogadać	V	cond.p3.pl	pogadałyby
pogadać	V	cond.p3.pl.m.hum	pogadaliby
pogadać	V	cond.p3.sg.f	pogadałaby
pogadać	V	cond.p3.sg.m	pogadałby
pogadać	V	cond.p3.sg.n	pogadałoby
pogadać	V	fut.p1.pl	pogadamy
pogadać	V	fut.p1.sg	pogadam
pogadać	V	fut.p2.pl	pogadacie
pogadać	V	fut.p2.sg	pogadasz
pogadać	V	fut.p3.pl	pogadają
pogadać	V	fut.p3.sg	pogada
pogadać	V	imp.p1.pl	pogadajmy
pogadać	V	imp.p1.sg	niech pogadam
pogadać	V	imp.p2.pl	pogadajcie
pogadać	V	imp.p2.sg	pogadaj
pogadać	V	imp.p3.pl	niech pogadają
pogadać	V	imp.p3.sg	niech pogada
pogadać	V	past.p1.pl	pogadałyśmy
pogadać	V	past.p1.pl.m.hum	pogadaliśmy
pogadać	V	past.p1.sg.f	pogadałam
pogadać	V	past.p1.sg.m	pogadałem
pogadać	V	past.p2.pl	pogadałyście
pogadać	V	past.p2.pl.m.hum	pogadaliście
pogadać	V	past.p2.sg.f	pogadałaś
pogadać	V	past.p2.sg.m	pogadałeś
pogadać	V	past.p3.pl	pogadały
pogadać	V	past.p3.pl.m.hum	pogadali
pogadać	V	past.p3.sg.f	pogadała
pogadać	V	past.p3.sg.m	pogadał
pogadać	V	past.p3.sg.n	pogadało
pojęcie	N	pl.acc	pojęcia
pojęcie	N	pl.dat	pojęciom
pojęcie	N	pl.gen	pojęć
pojęcie	N	pl.ins	pojęciami
pojęcie	N	pl.loc	pojęciach
pojęcie	N	pl.nom	pojęcia
pojęcie	N	pl.voc	pojęcia
pojęcie	N	sg.acc	pojęcie
pojęcie	N	sg.dat	pojęciu
pojęcie	N	sg.gen	pojęcia
pojęcie	N	sg.ins	pojęciem
pojęcie	N	sg.loc	pojęciu
pojęcie	N	sg.nom	pojęcie
pojęcie	N	sg.voc	pojęcie
pokazać	V	cond.p1.pl	pokazałybyśmy
pokazać	V	cond.p1.pl.m.hum	pokazalibyśmy
pokazać	V	cond.p1.sg.f	pokazałabym
pokazać	V	cond.p1.sg.m	pokazałbym
pokazać	V	cond.p2.pl	pokazałybyście
pokazać	V	cond.p2.pl.m.hum	pokazalibyście
pokazać	V	cond.p2.sg.f	pokazałabyś
pokazać	V	cond.p2.sg.m	pokazałbyś
pokazać	V	cond.p3.pl	pokazałyby
pokazać	V	cond.p3.pl.m.hum	pokazaliby
pokazać	V	cond.p3.sg.f	pokazałaby
pokazać	V	cond.p3.sg.m	pokazałby
pokazać	V	cond.p3.sg.n	pokazałoby
pokazać	V	fut.p1.pl	pokażemy
pokazać	V	fut.p1.sg	pokażę
pokazać	V	fut.p2.pl	pokażecie
pokazać	V	fut.p2.sg	pokażesz
pokazać	V	fut.p3.pl	pokażą
pokazać	V	fut.p3.sg	pokaże
pokazać	V	imp.p1.pl	pokażmy
pokazać	V	imp.p1.sg	niech pokażę
pokazać	V	imp.p2.pl	pokażcie
pokazać	V	imp.p2.sg	pokaż
pokazać	V	imp.p3.pl	niech pokażą
pokazać	V	imp.p3.sg	niech pokaże
pokazać	V	past.p1.pl	pokazałyśmy
pokazać	V	past.p1.pl.m.hum	pokazaliśmy
pokazać	V	past.p1.sg.f	pokazałam
pokazać	V	past.p1.sg.m	pokazałem
pokazać	V	past.p2.pl	pokazałyście
pokazać	V	past.p2.pl.m.hum	pokazaliście
pokazać	V	past.p2.sg.f	pokazałaś
pokazać	V	past.p2.sg.m	pokazałeś
pokazać	V	past.p3.pl	pokazały
pokazać	V	past.p3.pl.m.hum	pokazali
pokazać	V	past.p3.sg.f	pokazała
pokazać	V	past.p3.sg.m	pokazał
pokazać	V	past.p3.sg.n	pokazało
pokazywać	V	cond.p1.pl	pokazywałybyśmy
pokazywać	V	cond.p1.pl.m.hum	pokazywalibyśmy
pokazywać	V	cond.p1.sg.f	pokazywałabym
pokazywać	V	cond.p1.sg.m	pokazywałbym
pokazywać	V	cond.p2.pl	pokazywałybyście
pokazywać	V	cond.p2.pl.m.hum	pokazywalibyście
pokazywać	V	cond.p2.sg.f	pokazywałabyś
pokazywać	V	cond.p2.sg.m	pokazywałbyś
pokazywać	V	cond.p3.pl	pokazywałyby
pokazywać	V	cond.p3.pl.m.hum	pokazywaliby
pokazywać	V	cond.p3.sg.f	pokazywałaby
pokazywać	V	cond.p3.sg.m	pokazywałby
pokazywać	V	cond.p3.sg.n	pokazywałoby
pokazywać	V	fut.p1.pl	będziemy pokazywały
pokazywać	V	fut.p1.pl.m.hum	będziemy pokazywali
pokazywać	V	fut.p1.sg.f	będę pokazywała
pokazywać	V	fut.p1.sg.m	będę pokazywał
pokazywać	V	fut.p2.pl	będziecie pokazywały
pokazywać	V	fut.p2.pl.m.hum	będziecie pokazywali
pokazywać	V	fut.p2.sg.f	będziesz pokazywała
pokazywać	V	fut.p2.sg.m	będziesz pokazywał
pokazywać	V	fut.p3.pl	będą pokazywały
pokazywać	V	fut.p3.pl.m.hum	będą pokazywali
pokazywać	V	fut.p3.sg.f	będzie pokazywała
pokazywać	V	fut.p3.sg.m	będzie pokazywał
pokazywać	V	fut.p3.sg.n	będzie pokazywało
pokazywać	V	imp.p1.pl	pokazujmy
pokazywać	V	imp.p2.pl	pokazujcie
pokazywać	V	imp.p2.sg	pokazuj
pokazywać	V	imp.p3.pl	niech pokazują
pokazywać	V	imp.p3.sg	niech pokazuje
pokazywać	V	past.p1.pl	pokazywałyśmy
pokazywać	V	past.p1.pl.m.hum	pokazywaliśmy
pokazywać	V	past.p1.sg.f	pokazywałam
pokazywać	V	past.p1.sg.m	pokazywałem
pokazywać	V	past.p2.pl	pokazywałyście
pokazywać	V	past.p2.pl.m.hum	pokazywaliście
pokazywać	V	past.p2.sg.f	pokazywałaś
pokazywać	V	past.p2.sg.m	pokazywałeś
pokazywać	V	past.p3.pl	pokazywały
pokazywać	V	past.p3.pl.m.hum	pokazywali
pokazywać	V	past.p3.sg.f	pokazywała
pokazywać	V	past.p3.sg.m	pokazywał
pokazywać	V	past.p3.sg.n	pokazywało
pokazywać	V	pres.p1.pl	pokazujemy
pokazywać	V	pres.p1.sg	pokazuję
pokazywać	V	pres.p2.pl	pokazujecie
pokazywać	V	pres.p2.sg	pokazujesz
pokazywać	V	pres.p3.pl	pokazują
pokazywać	V	pres.p3.sg	pokazuje
pokład	N	pl.acc	pokłady
pokład	N	pl.dat	pokładom
pokład	N	pl.gen	pokładów
pokład	N	pl.ins	pokładami
pokład	N	pl.loc	pokładach
pokład	N	pl.nom	pokłady
pokład	N	pl.voc	pokłady
pokład	N	sg.acc	pokład
pokład	N	sg.dat	pokładowi
pokład	N	sg.gen	pokładu
pokład	N	sg.ins	pokładem
pokład	N	sg.loc	pokładzie
pokład	N	sg.nom	pokład
pokład	N	sg.voc	pokładzie
pokój	N	pl.acc	pokoje
pokój	N	pl.dat	pokojom
pokój	N	pl.gen	pokojów
pokój	N	pl.ins	pokojami
pokój	N	pl.loc	pokojach
pokój	N	pl.nom	pokoje
pokój	N	pl.voc	pokoje
pokój	N	sg.acc	pokój
pokój	N	sg.dat	pokojowi
pokój	N	sg.gen	pokoju
pokój	N	sg.ins	pokojem
pokój	N	sg.loc	pokoju
pokój	N	sg.nom	pokój
pokój	N	sg.voc	pokoju
pokonać	V	cond.p1.pl	pokonałybyśmy
pokonać	V	cond.p1.pl.m.hum	pokonalibyśmy
pokonać	V	cond.p1.sg.f	pokonałabym
pokonać	V	cond.p1.sg.m	pokonałbym
pokonać	V	cond.p2.pl	pokonałybyście
pokonać	V	cond.p2.pl.m.hum	pokonalibyście
pokonać	V	cond.p2.sg.f	pokonałabyś
pokonać	V	cond.p2.sg.m	pokonałbyś
pokonać	V	cond.p3.pl	pokonałyby
pokonać	V	cond.p3.pl.m.hum	pokonaliby
pokonać	V	cond.p3.sg.f	pokonałaby
pokonać	V	cond.p3.sg.m	pokonałby
pokonać	V	cond.p3.sg.n	pokonałoby
pokonać	V	fut.p1.pl	pokonamy
pokonać	V	fut.p1.sg	pokonam
pokonać	V	fut.p2.pl	pokonacie
pokonać	V	fut.p2.sg	pokonasz
pokonać	V	fut.p3.pl	pokonają
pokonać	V	fut.p3.sg	pokona
pokonać	V	imp.p1.pl	pokonajmy
pokonać	V	imp.p1.sg	niech pokonam
pokonać	V	imp.p2.pl	pokonajcie
pokonać	V	imp.p2.sg	pokonaj
pokonać	V	imp.p3.pl	niech pokonają
pokonać	V	imp.p3.sg	niech pokona
pokonać	V	past.p1.pl	pokonałyśmy
pokonać	V	past.p1.pl.m.hum	pokonaliśmy
pokonać	V	past.p1.sg.f	pokonałam
pokonać	V	past.p1.sg.m	pokonałem
pokonać	V	past.p2.pl	pokonałyście
pokonać	V	past.p2.pl.m.hum	pokonaliście
pokonać	V	past.p2.sg.f	pokonałaś
pokonać	V	past.p2.sg.m	pokonałeś
pokonać	V	past.p3.pl	pokonały
pokonać	V	past.p3.pl.m.hum	pokonali
pokonać	V	past.p3.sg.f	pokonała
pokonać	V	past.p3.sg.m	pokonał
pokonać	V	past.p3.sg.n	pokonało
połączyć	V	cond.p1.pl	połączyłybyśmy
połączyć	V	cond.p1.pl.m.hum	połączylibyśmy
połączyć	V	cond.p1.sg.f	połączyłabym
połączyć	V	cond.p1.sg.m	połączyłbym
połączyć	V	cond.p2.pl	połączyłybyście
połączyć	V	cond.p2.pl.m.hum	połączylibyście
połączyć	V	cond.p2.sg.f	połączyłabyś
połączyć	V	cond.p2.sg.m	połączyłbyś
połączyć	V	cond.p3.pl	połączyłyby
połączyć	V	cond.p3.pl.m.hum	połączyliby
połączyć	V	cond.p3.sg.f	połączyłaby
połączyć	V	cond.p3.sg.m	połączyłby
połączyć	V	cond.p3.sg.n	połączyłoby
połączyć	V	fut.p1.pl	połączymy
połączyć	V	fut.p1.sg	połączę
połączyć	V	fut.p2.pl	połączycie
połączyć	V	fut.p2.sg	połączysz
połączyć	V	fut.p3.pl	połączą
połączyć	V	fut.p3.sg	połączy
połączyć	V	imp.p1.pl	połączmy
połączyć	V	imp.p1.sg	niech połączę
połączyć	V	imp.p2.pl	połączcie
połączyć	V	imp.p2.sg	połącz
połączyć	V	imp.p3.pl	niech połączą
połączyć	V	imp.p3.sg	niech połączy
połączyć	V	past.p1.pl	połączyłyśmy
połączyć	V	past.p1.pl.m.hum	połączyliśmy
połączyć	V	past.p1.sg.f	połączyłam
połączyć	V	past.p1.sg.m	połączyłem
połączyć	V	past.p2.pl	połączyłyście
połączyć	V	past.p2.pl.m.hum	połączyliście
połączyć	V	past.p2.sg.f	połączyłaś
połączyć	V	past.p2.sg.m	połączyłeś
połączyć	V	past.p3.pl	połączyły
połączyć	V	past.p3.pl.m.hum	połączyli
połączyć	V	past.p3.sg.f	połączyła
połączyć	V	past.p3.sg.m	połączył
połączyć	V	past.p3.sg.n	połączyło
policjant	N	pl.acc	policjantów
policjant	N	pl.dat	policjantom
policjant	N	pl.gen	policjantów
policjant	N	pl.ins	policjantami
policjant	N	pl.loc	policjantach
policjant	N	pl.nom	policjanci
policjant	N	pl.voc	policjanci
policjant	N	sg.acc	policjanta
policjant	N	sg.dat	policjantowi
policjant	N	sg.gen	policjanta
policjant	N	sg.ins	policjantem
policjant	N	sg.loc	policjancie
policjant	N	sg.nom	policjant
policjant	N	sg.voc	policjancie
połowa	N	pl.acc	połowy
połowa	N	pl.dat	połowom
połowa	N	pl.gen	połów
połowa	N	pl.ins	połowami
połowa	N	pl.loc	połowach
połowa	N	pl.nom	połowy
połowa	N	pl.voc	połowy
połowa	N	sg.acc	połowę
połowa	N	sg.dat	połowie
połowa	N	sg.gen	połowy
połowa	N	sg.ins	połową
połowa	N	sg.loc	połowie
połowa	N	sg.nom	połowa
połowa	N	sg.voc	połowo
polować	V	cond.p1.pl	polowałybyśmy
polować	V	cond.p1.pl.m.hum	polowalibyśmy
polować	V	cond.p1.sg.f	polowałabym
polować	V	cond.p1.sg.m	polowałbym
polować	V	cond.p2.pl	polowałybyście
polować	V	cond.p2.pl.m.hum	polowalibyście
polować	V	cond.p2.sg.f	polowałabyś
polować	V	cond.p2.sg.m	polowałbyś
polować	V	cond.p3.pl	polowałyby
polować	V	cond.p3.pl.m.hum	polowaliby
polować	V	cond.p3.sg.f	polowałaby
polować	V	cond.p3.sg.m	polowałby
polować	V	cond.p3.sg.n	polowałoby
polować	V	fut.p1.pl	będziemy polowały
polować	V	fut.p1.pl.m.hum	będziemy polowali
polować	V	fut.p1.sg.f	będę polowała
polować	V	fut.p1.sg.m	będę polował
polować	V	fut.p2.pl	będziecie polowały
polować	V	fut.p2.pl.m.hum	będziecie polowali
polować	V	fut.p2.sg.f	będziesz polowała
polować	V	fut.p2.sg.m	będziesz polował
polować	V	fut.p3.pl	będą polowały
polować	V	fut.p3.pl.m.hum	będą polowali
polować	V	fut.p3.sg.f	będzie polowała
polować	V	fut.p3.sg.m	będzie polował
polować	V	fut.p3.sg.n	będzie polowało
polować	V	imp.p1.pl	polujmy
polować	V	imp.p2.pl	polujcie
polować	V	imp.p2.sg	poluj
polować	V	imp.p3.pl	niech polują
polować	V	imp.p3.sg	niech poluje
polować	V	past.p1.pl	polowałyśmy
polować	V	past.p1.pl.m.hum	polowaliśmy
polować	V	past.p1.sg.f	polowałam
polować	V	past.p1.sg.m	polowałem
polować	V	past.p2.pl	polowałyście
polować	V	past.p2.pl.m.hum	polowaliście
polować	V	past.p2.sg.f	polowałaś
polować	V	past.p2.sg.m	polowałeś
polować	V	past.p3.pl	polowały
polować	V	past.p3.pl.m.hum	polowali
polować	V	past.p3.sg.f	polowała
polować	V	past.p3.sg.m	polował
polować	V	past.p3.sg.n	polowało
polować	V	pres.p1.pl	polujemy
polować	V	pres.p1.sg	poluję
polować	V	pres.p2.pl	polujecie
polować	V	pres.p2.sg	polujesz
polować	V	pres.p3.pl	polują
polować	V	pres.p3.sg	poluje
pomagać	V	cond.p1.pl	pomagałybyśmy
pomagać	V	cond.p1.pl.m.hum	pomagalibyśmy
pomagać	V	cond.p1.sg.f	pomagałabym
pomagać	V	cond.p1.sg.m	pomagałbym
pomagać	V	cond.p2.pl	pomagałybyście
pomagać	V	cond.p2.pl.m.hum	pomagalibyście
pomagać	V	cond.p2.sg.f	pomagałabyś
pomagać	V	cond.p2.sg.m	pomagałbyś
pomagać	V	cond.p3.pl	pomagałyby
pomagać	V	cond.p3.pl.m.hum	pomagaliby
pomagać	V	cond.p3.sg.f	pomagałaby
pomagać	V	cond.p3.sg.m	pomagałby
pomagać	V	cond.p3.sg.n	pomagałoby
pomagać	V	fut.p1.pl	będziemy pomagały
pomagać	V	fut.p1.pl.m.hum	będziemy pomagali
pomagać	V	fut.p1.sg.f	będę pomagała
pomagać	V	fut.p1.sg.m	będę pomagał
pomagać	V	fut.p2.pl	będziecie pomagały
pomagać	V	fut.p2.pl.m.hum	będziecie pomagali
pomagać	V	fut.p2.sg.f	będziesz pomagała
pomagać	V	fut.p2.sg.m	będziesz pomagał
pomagać	V	fut.p3.pl	będą pomagały
pomagać	V	fut.p3.pl.m.hum	będą pomagali
pomagać	V	fut.p3.sg.f	będzie pomagała
pomagać	V	fut.p3.sg.m	będzie pomagał
pomagać	V	fut.p3.sg.n	będzie pomagało
pomagać	V	imp.p1.pl	pomagajmy
pomagać	V	imp.p2.pl	pomagajcie
pomagać	V	imp.p2.sg	pomagaj
pomagać	V	imp.p3.pl	niech pomagają
pomagać	V	imp.p3.sg	niech pomaga
pomagać	V	past.p1.pl	pomagałyśmy
pomagać	V	past.p1.pl.m.hum	pomagaliśmy
pomagać	V	past.p1.sg.f	pomagałam
pomagać	V	past.p1.sg.m	pomagałem
pomagać	V	past.p2.pl	pomagałyście
pomagać	V	past.p2.pl.m.hum	pomagaliście
pomagać	V	past.p2.sg.f	pomagałaś
pomagać	V	past.p2.sg.m	pomagałeś
pomagać	V	past.p3.pl	pomagały
pomagać	V	past.p3.pl.m.hum	pomagali
pomagać	V	past.p3.sg.f	pomagała
pomagać	V	past.p3.sg.m	pomagał
pomagać	V	past.p3.sg.n	pomagało
pomagać	V	pres.p1.pl	pomagamy
pomagać	V	pres.p1.sg	pomagam
pomagać	V	pres.p2.pl	pomagacie
pomagać	V	pres.p2.sg	pomagasz
pomagać	V	pres.p3.pl	pomagają
pomagać	V	pres.p3.sg	pomaga
pomoc	N	pl.acc	pomoce
pomoc	N	pl.dat	pomocom
pomoc	N	pl.gen	pomocy
pomoc	N	pl.ins	pomocami
pomoc	N	pl.loc	pomocach
pomoc	N	pl.nom	pomoce
pomoc	N	pl.voc	pomoce
pomoc	N	sg.acc	pomoc
pomoc	N	sg.dat	pomocy
pomoc	N	sg.gen	pomocy
pomoc	N	sg.ins	pomocą
pomoc	N	sg.loc	pomocy
pomoc	N	sg.nom	pomoc
pomoc	N	sg.voc	pomocy
pomyłka	N	pl.acc	pomyłki
pomyłka	N	pl.dat	pomyłkom
pomyłka	N	pl.gen	pomyłek
pomyłka	N	pl.ins	pomyłkami
pomyłka	N	pl.loc	pomyłkach
pomyłka	N	pl.nom	pomyłki
pomyłka	N	pl.voc	pomyłki
pomyłka	N	sg.acc	pomyłkę
pomyłka	N	sg.dat	pomyłce
pomyłka	N	sg.gen	pomyłki
pomyłka	N	sg.ins	pomyłką
pomyłka	N	sg.loc	pomyłce
pomyłka	N	sg.nom	pomyłka
pomyłka	N	sg.voc	pomyłko
pomysł	N	pl.acc	pomysły
pomysł	N	pl.dat	pomysłom
pomysł	N	pl.gen	pomysłów
pomysł	N	pl.ins	pomysłami
pomysł	N	pl.loc	pomysłach
pomysł	N	pl.nom	pomysły
pomysł	N	pl.voc	pomysły
pomysł	N	sg.acc	pomysł
pomysł	N	sg.dat	pomysłowi
pomysł	N	sg.gen	pomysłu
pomysł	N	sg.ins	pomysłem
pomysł	N	sg.loc	pomyśle
pomysł	N	sg.nom	pomysł
pomysł	N	sg.voc	pomyśle
popełnić	V	cond.p1.pl	popełniłybyśmy
popełnić	V	cond.p1.pl.m.hum	popełnilibyśmy
popełnić	V	cond.p1.sg.f	popełniłabym
popełnić	V	cond.p1.sg.m	popełniłbym
popełnić	V	cond.p2.pl	popełniłybyście
popełnić	V	cond.p2.pl.m.hum	popełnilibyście
popełnić	V	cond.p2.sg.f	popełniłabyś
popełnić	V	cond.p2.sg.m	popełniłbyś
popełnić	V	cond.p3.pl	popełniłyby
popełnić	V	cond.p3.pl.m.hum	popełniliby
popełnić	V	cond.p3.sg.f	popełniłaby
popełnić	V	cond.p3.sg.m	popełniłby
popełnić	V	cond.p3.sg.n	popełniłoby
popełnić	V	fut.p1.pl	popełnimy
popełnić	V	fut.p1.sg	popełnię
popełnić	V	fut.p2.pl	popełnicie
popełnić	V	fut.p2.sg	popełnisz
popełnić	V	fut.p3.pl	popełnią
popełnić	V	fut.p3.sg	popełni
popełnić	V	imp.p1.pl	popełnijmy
popełnić	V	imp.p1.sg	niech popełnię
popełnić	V	imp.p2.pl	popełnijcie
popełnić	V	imp.p2.sg	popełnij
popełnić	V	imp.p3.pl	niech popełnią
popełnić	V	imp.p3.sg	niech popełni
popełnić	V	past.p1.pl	popełniłyśmy
popełnić	V	past.p1.pl.m.hum	popełniliśmy
popełnić	V	past.p1.sg.f	popełniłam
popełnić	V	past.p1.sg.m	popełniłem
popełnić	V	past.p2.pl	popełniłyście
popełnić	V	past.p2.pl.m.hum	popełniliście
popełnić	V	past.p2.sg.f	popełniłaś
popełnić	V	past.p2.sg.m	popełniłeś
popełnić	V	past.p3.pl	popełniły
popełnić	V	past.p3.pl.m.hum	popełnili
popełnić	V	past.p3.sg.f	popełniła
popełnić	V	past.p3.sg.m	popełnił
popełnić	V	past.p3.sg.n	popełniło
poprosić	V	cond.p1.pl	poprosiłybyśmy
poprosić	V	cond.p1.pl.m.hum	poprosilibyśmy
poprosić	V	cond.p1.sg.f	poprosiłabym
poprosić	V	cond.p1.sg.m	poprosiłbym
poprosić	V	cond.p2.pl	poprosiłybyście
poprosić	V	cond.p2.pl.m.hum	poprosilibyście
poprosić	V	cond.p2.sg.f	poprosiłabyś
poprosić	V	cond.p2.sg.m	poprosiłbyś
poprosić	V	cond.p3.pl	poprosiłyby
poprosić	V	cond.p3.pl.m.hum	poprosiliby
poprosić	V	cond.p3.sg.f	poprosiłaby
poprosić	V	cond.p3.sg.m	poprosiłby
poprosić	V	cond.p3.sg.n	poprosiłoby
poprosić	V	fut.p1.pl	poprosimy
poprosić	V	fut.p1.sg	poproszę
poprosić	V	fut.p2.pl	poprosicie
poprosić	V	fut.p2.sg	poprosisz
poprosić	V	fut.p3.pl	poproszą
poprosić	V	fut.p3.sg	poprosi
poprosić	V	imp.p1.pl	poprośmy
poprosić	V	imp.p1.sg	niech poproszę
poprosić	V	imp.p2.pl	poproście
poprosić	V	imp.p2.sg	poproś
poprosić	V	imp.p3.pl	niech poproszą
poprosić	V	imp.p3.sg	niech poprosi
poprosić	V	past.p1.pl	poprosiłyśmy
poprosić	V	past.p1.pl.m.hum	poprosiliśmy
poprosić	V	past.p1.sg.f	poprosiłam
poprosić	V	past.p1.sg.m	poprosiłem
poprosić	V	past.p2.pl	poprosiłyście
poprosić	V	past.p2.pl.m.hum	poprosiliście
poprosić	V	past.p2.sg.f	poprosiłaś
poprosić	V	past.p2.sg.m	poprosiłeś
poprosić	V	past.p3.pl	poprosiły
poprosić	V	past.p3.pl.m.hum	poprosili
poprosić	V	past.p3.sg.f	poprosiła
poprosić	V	past.p3.sg.m	poprosił
poprosić	V	past.p3.sg.n	poprosiło
poprzedni	A	pl.acc	poprzednie
poprzedni	A	pl.dat	poprzednim
poprzedni	A	pl.gen	poprzednich
poprzedni	A	pl.ins	poprzednimi
poprzedni	A	pl.loc	poprzednich
poprzedni	A	pl.m.hum.acc	poprzednich
poprzedni	A	pl.m.hum.nom	poprzedni
poprzedni	A	pl.nom	poprzednie
poprzedni	A	sg.f.acc	poprzednią
poprzedni	A	sg.f.dat	poprzedniej
poprzedni	A	sg.f.gen	poprzedniej
poprzedni	A	sg.f.ins	poprzednią
poprzedni	A	sg.f.loc	poprzedniej
poprzedni	A	sg.f.nom	poprzednia
poprzedni	A	sg.m.anim.acc	poprzedniego
poprzedni	A	sg.m.dat	poprzedniemu
poprzedni	A	sg.m.gen	poprzedniego
poprzedni	A	sg.m.hum.acc	poprzedniego
poprzedni	A	sg.m.inan.acc	poprzedni
poprzedni	A	sg.m.ins	poprzednim
poprzedni	A	sg.m.loc	poprzednim
poprzedni	A	sg.m.nom	poprzedni
poprzedni	A	sg.n.acc	poprzednie
poprzedni	A	sg.n.dat	poprzedniemu
poprzedni	A	sg.n.gen	poprzedniego
poprzedni	A	sg.n.ins	poprzednim
poprzedni	A	sg.n.loc	poprzednim
poprzedni	A	sg.n.nom	poprzednie
por	N	pl.acc	pory
por	N	pl.dat	porom
por	N	pl.gen	porów
por	N	pl.ins	porami
por	N	pl.loc	porach
por	N	pl.nom	pory
por	N	pl.voc	pory
por	N	sg.acc	por
por	N	sg.dat	porowi
por	N	sg.gen	pora
por	N	sg.ins	porem
por	N	sg.loc	porze
por	N	sg.nom	por
por	N	sg.voc	porze
pora	N	pl.acc	pory
pora	N	pl.dat	porom
pora	N	pl.gen	pór
pora	N	pl.ins	porami
pora	N	pl.loc	porach
pora	N	pl.nom	pory
pora	N	pl.voc	pory
pora	N	sg.acc	porę
pora	N	sg.dat	porze
pora	N	sg.gen	pory
pora	N	sg.ins	porą
pora	N	sg.loc	porze
pora	N	sg.nom	pora
pora	N	sg.voc	poro
porozmawiać	V	cond.p1.pl	porozmawiałybyśmy
porozmawiać	V	cond.p1.pl.m.hum	porozmawialibyśmy
porozmawiać	V	cond.p1.sg.f	porozmawiałabym
porozmawiać	V	cond.p1.sg.m	porozmawiałbym
porozmawiać	V	cond.p2.pl	porozmawiałybyście
porozmawiać	V	cond.p2.pl.m.hum	porozmawialibyście
porozmawiać	V	cond.p2.sg.f	porozmawiałabyś
porozmawiać	V	cond.p2.sg.m	porozmawiałbyś
porozmawiać	V	cond.p3.pl	porozmawiałyby
porozmawiać	V	cond.p3.pl.m.hum	porozmawialiby
porozmawiać	V	cond.p3.sg.f	porozmawiałaby
porozmawiać	V	cond.p3.sg.m	porozmawiałby
porozmawiać	V	cond.p3.sg.n	porozmawiałoby
porozmawiać	V	fut.p1.pl	porozmawiamy
porozmawiać	V	fut.p1.sg	porozmawiam
porozmawiać	V	fut.p2.pl	porozmawiacie
porozmawiać	V	fut.p2.sg	porozmawiasz
porozmawiać	V	fut.p3.pl	porozmawiają
porozmawiać	V	fut.p3.sg	porozmawia
porozmawiać	V	imp.p1.pl	porozmawiajmy
porozmawiać	V	imp.p1.sg	niech porozmawiam
porozmawiać	V	imp.p2.pl	porozmawiajcie
porozmawiać	V	imp.p2.sg	porozmawiaj
porozmawiać	V	imp.p3.pl	niech porozmawiają
porozmawiać	V	imp.p3.sg	niech porozmawia
porozmawiać	V	past.p1.pl	porozmawiałyśmy
porozmawiać	V	past.p1.pl.m.hum	porozmawialiśmy
porozmawiać	V	past.p1.sg.f	porozmawiałam
porozmawiać	V	past.p1.sg.m	porozmawiałem
porozmawiać	V	past.p2.pl	porozmawiałyście
porozmawiać	V	past.p2.pl.m.hum	porozmawialiście
porozmawiać	V	past.p2.sg.f	porozmawiałaś
porozmawiać	V	past.p2.sg.m	porozmawiałeś
porozmawiać	V	past.p3.pl	porozmawiały
porozmawiać	V	past.p3.pl.m.hum	porozmawiali
porozmawiać	V	past.p3.sg.f	porozmawiała
porozmawiać	V	past.p3.sg.m	porozmawiał
porozmawiać	V	past.p3.sg.n	porozmawiało
porządek	N	pl.acc	porządki
porządek	N	pl.dat	porządkom
porządek	N	pl.gen	porządków
porządek	N	pl.ins	porządkami
porządek	N	pl.loc	porządkach
porządek	N	pl.nom	porządki
porządek	N	pl.voc	porządki
porządek	N	sg.acc	porządek
porządek	N	sg.dat	porządkowi
porządek	N	sg.gen	porządku
porządek	N	sg.ins	porządkiem
porządek	N	sg.loc	porządku
porządek	N	sg.nom	porządek
porządek	N	sg.voc	porządku
posiadać	V	cond.p1.pl	posiadałybyśmy
posiadać	V	cond.p1.pl.m.hum	posiadalibyśmy
posiadać	V	cond.p1.sg.f	posiadałabym
posiadać	V	cond.p1.sg.m	posiadałbym
posiadać	V	cond.p2.pl	posiadałybyście
posiadać	V	cond.p2.pl.m.hum	posiadalibyście
posiadać	V	cond.p2.sg.f	posiadałabyś
posiadać	V	cond.p2.sg.m	posiadałbyś
posiadać	V	cond.p3.pl	posiadałyby
posiadać	V	cond.p3.pl.m.hum	posiadaliby
posiadać	V	cond.p3.sg.f	posiadałaby
posiadać	V	cond.p3.sg.m	posiadałby
posiadać	V	cond.p3.sg.n	posiadałoby
posiadać	V	fut.p1.pl	będziemy posiadały
posiadać	V	fut.p1.pl.m.hum	będziemy posiadali
posiadać	V	fut.p1.sg.f	będę posiadała
posiadać	V	fut.p1.sg.m	będę posiadał
posiadać	V	fut.p2.pl	będziecie posiadały
posiadać	V	fut.p2.pl.m.hum	będziecie posiadali
posiadać	V	fut.p2.sg.f	będziesz posiadała
posiadać	V	fut.p2.sg.m	będziesz posiadał
posiadać	V	fut.p3.pl	będą posiadały
posiadać	V	fut.p3.pl.m.hum	będą posiadali
posiadać	V	fut.p3.sg.f	będzie posiadała
posiadać	V	fut.p3.sg.m	będzie posiadał
posiadać	V	fut.p3.sg.n	będzie posiadało
posiadać	V	imp.p1.pl	posiadajmy
posiadać	V	imp.p2.pl	posiadajcie
posiadać	V	imp.p2.sg	posiadaj
posiadać	V	imp.p3.pl	niech posiadają
posiadać	V	imp.p3.sg	niech posiada
posiadać	V	past.p1.pl	posiadałyśmy
posiadać	V	past.p1.pl.m.hum	posiadaliśmy
posiadać	V	past.p1.sg.f	posiadałam
posiadać	V	past.p1.sg.m	posiadałem
posiadać	V	past.p2.pl	posiadałyście
posiadać	V	past.p2.pl.m.hum	posiadaliście
posiadać	V	past.p2.sg.f	posiadałaś
posiadać	V	past.p2.sg.m	posiadałeś
posiadać	V	past.p3.pl	posiadały
posiadać	V	past.p3.pl.m.hum	posiadali
posiadać	V	past.p3.sg.f	posiadała
posiadać	V	past.p3.sg.m	posiadał
posiadać	V	past.p3.sg.n	posiadało
posiadać	V	pres.p1.pl	posiadamy
posiadać	V	pres.p1.sg	posiadam
posiadać	V	pres.p2.pl	posiadacie
posiadać	V	pres.p2.sg	posiadasz
posiadać	V	pres.p3.pl	posiadają
posiadać	V	pres.p3.sg	posiada
posiłek	N	pl.acc	posiłki
posiłek	N	pl.dat	posiłkom
posiłek	N	pl.gen	posiłków
posiłek	N	pl.ins	posiłkami
posiłek	N	pl.loc	posiłkach
posiłek	N	pl.nom	posiłki
posiłek	N	pl.voc	posiłki
posiłek	N	sg.acc	posiłek
posiłek	N	sg.dat	posiłkowi
posiłek	N	sg.gen	posiłku
posiłek	N	sg.ins	posiłkiem
posiłek	N	sg.loc	posiłku
posiłek	N	sg.nom	posiłek
posiłek	N	sg.voc	posiłku
posłuchać	V	cond.p1.pl	posłuchałybyśmy
posłuchać	V	cond.p1.pl.m.hum	posłuchalibyśmy
posłuchać	V	cond.p1.sg.f	posłuchałabym
posłuchać	V	cond.p1.sg.m	posłuchałbym
posłuchać	V	cond.p2.pl	posłuchałybyście
posłuchać	V	cond.p2.pl.m.hum	posłuchalibyście
posłuchać	V	cond.p2.sg.f	posłuchałabyś
posłuchać	V	cond.p2.sg.m	posłuchałbyś
posłuchać	V	cond.p3.pl	posłuchałyby
posłuchać	V	cond.p3.pl.m.hum	posłuchaliby
posłuchać	V	cond.p3.sg.f	posłuchałaby
posłuchać	V	cond.p3.sg.m	posłuchałby
posłuchać	V	cond.p3.sg.n	posłuchałoby
posłuchać	V	fut.p1.pl	posłuchamy
posłuchać	V	fut.p1.sg	posłucham
posłuchać	V	fut.p2.pl	posłuchacie
posłuchać	V	fut.p2.sg	posłuchasz
posłuchać	V	fut.p3.pl	posłuchają
posłuchać	V	fut.p3.sg	posłucha
posłuchać	V	imp.p1.pl	posłuchajmy
posłuchać	V	imp.p1.sg	niech posłucham
posłuchać	V	imp.p2.pl	posłuchajcie
posłuchać	V	imp.p2.sg	posłuchaj
posłuchać	V	imp.p3.pl	niech posłuchają
posłuchać	V	imp.p3.sg	niech posłucha
posłuchać	V	past.p1.pl	posłuchałyśmy
posłuchać	V	past.p1.pl.m.hum	posłuchaliśmy
posłuchać	V	past.p1.sg.f	posłuchałam
posłuchać	V	past.p1.sg.m	posłuchałem
posłuchać	V	past.p2.pl	posłuchałyście
posłuchać	V	past.p2.pl.m.hum	posłuchaliście
posłuchać	V	past.p2.sg.f	posłuchałaś
posłuchać	V	past.p2.sg.m	posłuchałeś
posłuchać	V	past.p3.pl	posłuchały
posłuchać	V	past.p3.pl.m.hum	posłuchali
posłuchać	V	past.p3.sg.f	posłuchała
posłuchać	V	past.p3.sg.m	posłuchał
posłuchać	V	past.p3.sg.n	posłuchało
pot	N	pl.acc	poty
pot	N	pl.dat	potom
pot	N	pl.gen	potów
pot	N	pl.ins	potami
pot	N	pl.loc	potach
pot	N	pl.nom	poty
pot	N	pl.voc	poty
pot	N	sg.acc	pot
pot	N	sg.dat	potowi
pot	N	sg.gen	potu
pot	N	sg.ins	potem
pot	N	sg.loc	pocie
pot	N	sg.nom	pot
pot	N	sg.voc	pocie
potężny	A	pl.acc	potężne
potężny	A	pl.dat	potężnym
potężny	A	pl.gen	potężnych
potężny	A	pl.ins	potężnymi
potężny	A	pl.loc	potężnych
potężny	A	pl.m.hum.acc	potężnych
potężny	A	pl.m.hum.nom	potężni
potężny	A	pl.nom	potężne
potężny	A	sg.f.acc	potężną
potężny	A	sg.f.dat	potężnej
potężny	A	sg.f.gen	potężnej
potężny	A	sg.f.ins	potężną
potężny	A	sg.f.loc	potężnej
potężny	A	sg.f.nom	potężna
potężny	A	sg.m.anim.acc	potężnego
potężny	A	sg.m.dat	potężnemu
potężny	A	sg.m.gen	potężnego
potężny	A	sg.m.hum.acc	potężnego
potężny	A	sg.m.inan.acc	potężny
potężny	A	sg.m.ins	potężnym
potężny	A	sg.m.loc	potężnym
potężny	A	sg.m.nom	potężny
potężny	A	sg.n.acc	potężne
potężny	A	sg.n.dat	potężnemu
potężny	A	sg.n.gen	potężnego
potężny	A	sg.n.ins	potężnym
potężny	A	sg.n.loc	potężnym
potężny	A	sg.n.nom	potężne
potrzeba	N	pl.acc	potrzeby
potrzeba	N	pl.dat	potrzebom
potrzeba	N	pl.gen	potrzeb
potrzeba	N	pl.ins	potrzebami
potrzeba	N	pl.loc	potrzebach
potrzeba	N	pl.nom	potrzeby
potrzeba	N	pl.voc	potrzeby
potrzeba	N	sg.acc	potrzebę
potrzeba	N	sg.dat	potrzebie
potrzeba	N	sg.gen	potrzeby
potrzeba	N	sg.ins	potrzebą
potrzeba	N	sg.loc	potrzebie
potrzeba	N	sg.nom	potrzeba
potrzeba	N	sg.voc	potrzebo
potrzebny	A	pl.acc	potrzebne
potrzebny	A	pl.dat	potrzebnym
potrzebny	A	pl.gen	potrzebnych
potrzebny	A	pl.ins	potrzebnymi
potrzebny	A	pl.loc	potrzebnych
potrzebny	A	pl.m.hum.acc	potrzebnych
potrzebny	A	pl.m.hum.nom	potrzebni
potrzebny	A	pl.nom	potrzebne
potrzebny	A	sg.f.acc	potrzebną
potrzebny	A	sg.f.dat	potrzebnej
potrzebny	A	sg.f.gen	potrzebnej
potrzebny	A	sg.f.ins	potrzebną
potrzebny	A	sg.f.loc	potrzebnej
potrzebny	A	sg.f.nom	potrzebna
potrzebny	A	sg.m.anim.acc	potrzebnego
potrzebny	A	sg.m.dat	potrzebnemu
potrzebny	A	sg.m.gen	potrzebnego
potrzebny	A	sg.m.hum.acc	potrzebnego
potrzebny	A	sg.m.inan.acc	potrzebny
potrzebny	A	sg.m.ins	potrzebnym
potrzebny	A	sg.m.loc	potrzebnym
potrzebny	A	sg.m.nom	potrzebny
potrzebny	A	sg.n.acc	potrzebne
potrzebny	A	sg.n.dat	potrzebnemu
potrzebny	A	sg.n.gen	potrzebnego
potrzebny	A	sg.n.ins	potrzebnym
potrzebny	A	sg.n.loc	potrzebnym
potrzebny	A	sg.n.nom	potrzebne
potrzebować	V	cond.p1.pl	potrzebowałybyśmy
potrzebować	V	cond.p1.pl.m.hum	potrzebowalibyśmy
potrzebować	V	cond.p1.sg.f	potrzebowałabym
potrzebować	V	cond.p1.sg.m	potrzebowałbym
potrzebować	V	cond.p2.pl	potrzebowałybyście
potrzebować	V	cond.p2.pl.m.hum	potrzebowalibyście
potrzebować	V	cond.p2.sg.f	potrzebowałabyś
potrzebować	V	cond.p2.sg.m	potrzebowałbyś
potrzebować	V	cond.p3.pl	potrzebowałyby
potrzebować	V	cond.p3.pl.m.hum	potrzebowaliby
potrzebować	V	cond.p3.sg.f	potrzebowałaby
potrzebować	V	cond.p3.sg.m	potrzebowałby
potrzebować	V	cond.p3.sg.n	potrzebowałoby
potrzebować	V	fut.p1.pl	będziemy potrzebowały
potrzebować	V	fut.p1.pl.m.hum	będziemy potrzebowali
potrzebować	V	fut.p1.sg.f	będę potrzebowała
potrzebować	V	fut.p1.sg.m	będę potrzebował
potrzebować	V	fut.p2.pl	będziecie potrzebowały
potrzebować	V	fut.p2.pl.m.hum	będziecie potrzebowali
potrzebować	V	fut.p2.sg.f	będziesz potrzebowała
potrzebować	V	fut.p2.sg.m	będziesz potrzebował
potrzebować	V	fut.p3.pl	będą potrzebowały
potrzebować	V	fut.p3.pl.m.hum	będą potrzebowali
potrzebować	V	fut.p3.sg.f	będzie potrzebowała
potrzebować	V	fut.p3.sg.m	będzie potrzebował
potrzebować	V	fut.p3.sg.n	będzie potrzebowało
potrzebować	V	imp.p1.pl	potrzebujmy
potrzebować	V	imp.p2.pl	potrzebujcie
potrzebować	V	imp.p2.sg	potrzebuj
potrzebować	V	imp.p3.pl	niech potrzebują
potrzebować	V	imp.p3.sg	niech potrzebuje
potrzebować	V	past.p1.pl	potrzebowałyśmy
potrzebować	V	past.p1.pl.m.hum	potrzebowaliśmy
potrzebować	V	past.p1.sg.f	potrzebowałam
potrzebować	V	past.p1.sg.m	potrzebowałem
potrzebować	V	past.p2.pl	potrzebowałyście
potrzebować	V	past.p2.pl.m.hum	potrzebowaliście
potrzebować	V	past.p2.sg.f	potrzebowałaś
potrzebować	V	past.p2.sg.m	potrzebowałeś
potrzebować	V	past.p3.pl	potrzebowały
potrzebować	V	past.p3.pl.m.hum	potrzebowali
potrzebować	V	past.p3.sg.f	potrzebowała
potrzebować	V	past.p3.sg.m	potrzebował
potrzebować	V	past.p3.sg.n	potrzebowało
potrzebować	V	pres.p1.pl	potrzebujemy
potrzebować	V	pres.p1.sg	potrzebuję
potrzebować	V	pres.p2.pl	potrzebujecie
potrzebować	V	pres.p2.sg	potrzebujesz
potrzebować	V	pres.p3.pl	potrzebują
potrzebować	V	pres.p3.sg	potrzebuje
potwierdzić	V	cond.p1.pl	potwierdziłybyśmy
potwierdzić	V	cond.p1.pl.m.hum	potwierdzilibyśmy
potwierdzić	V	cond.p1.sg.f	potwierdziłabym
potwierdzić	V	cond.p1.sg.m	potwierdziłbym
potwierdzić	V	cond.p2.pl	potwierdziłybyście
potwierdzić	V	cond.p2.pl.m.hum	potwierdzilibyście
potwierdzić	V	cond.p2.sg.f	potwierdziłabyś
potwierdzić	V	cond.p2.sg.m	potwierdziłbyś
potwierdzić	V	cond.p3.pl	potwierdziłyby
potwierdzić	V	cond.p3.pl.m.hum	potwierdziliby
potwierdzić	V	cond.p3.sg.f	potwierdziłaby
potwierdzić	V	cond.p3.sg.m	potwierdziłby
potwierdzić	V	cond.p3.sg.n	potwierdziłoby
potwierdzić	V	fut.p1.pl	potwierdzimy
potwierdzić	V	fut.p1.sg	potwierdzę
potwierdzić	V	fut.p2.pl	potwierdzicie
potwierdzić	V	fut.p2.sg	potwierdzisz
potwierdzić	V	fut.p3.pl	potwierdzą
potwierdzić	V	fut.p3.sg	potwierdzi
potwierdzić	V	imp.p1.pl	potwierdźmy
potwierdzić	V	imp.p1.sg	niech potwierdzę
potwierdzić	V	imp.p2.pl	potwierdźcie
potwierdzić	V	imp.p2.sg	potwierdź
potwierdzić	V	imp.p3.pl	niech potwierdzą
potwierdzić	V	imp.p3.sg	niech potwierdzi
potwierdzić	V	past.p1.pl	potwierdziłyśmy
potwierdzić	V	past.p1.pl.m.hum	potwierdziliśmy
potwierdzić	V	past.p1.sg.f	potwierdziłam
potwierdzić	V	past.p1.sg.m	potwierdziłem
potwierdzić	V	past.p2.pl	potwierdziłyście
potwierdzić	V	past.p2.pl.m.hum	potwierdziliście
potwierdzić	V	past.p2.sg.f	potwierdziłaś
potwierdzić	V	past.p2.sg.m	potwierdziłeś
potwierdzić	V	past.p3.pl	potwierdziły
potwierdzić	V	past.p3.pl.m.hum	potwierdzili
potwierdzić	V	past.p3.sg.f	potwierdziła
potwierdzić	V	past.p3.sg.m	potwierdził
potwierdzić	V	past.p3.sg.n	potwierdziło
poważny	A	pl.acc	poważne
poważny	A	pl.dat	poważnym
poważny	A	pl.gen	poważnych
poważny	A	pl.ins	poważnymi
poważny	A	pl.loc	poważnych
poważny	A	pl.m.hum.acc	poważnych
poważny	A	pl.m.hum.nom	poważni
poważny	A	pl.nom	poważne
poważny	A	sg.f.acc	poważną
poważny	A	sg.f.dat	poważnej
poważny	A	sg.f.gen	poważnej
poważny	A	sg.f.ins	poważną
poważny	A	sg.f.loc	poważnej
poważny	A	sg.f.nom	poważna
poważny	A	sg.m.anim.acc	poważnego
poważny	A	sg.m.dat	poważnemu
poważny	A	sg.m.gen	poważnego
poważny	A	sg.m.hum.acc	poważnego
poważny	A	sg.m.inan.acc	poważny
poważny	A	sg.m.ins	poważnym
poważny	A	sg.m.loc	poważnym
poważny	A	sg.m.nom	poważny
poważny	A	sg.n.acc	poważne
poważny	A	sg.n.dat	poważnemu
poważny	A	sg.n.gen	poważnego
poważny	A	sg.n.ins	poważnym
poważny	A	sg.n.loc	poważnym
poważny	A	sg.n.nom	poważne
powrót	N	pl.acc	powroty
powrót	N	pl.dat	powrotom
powrót	N	pl.gen	powrotów
powrót	N	pl.ins	powrotami
powrót	N	pl.loc	powrotach
powrót	N	pl.nom	powroty
powrót	N	pl.voc	powroty
powrót	N	sg.acc	powrót
powrót	N	sg.dat	powrotowi
powrót	N	sg.gen	powrotu
powrót	N	sg.ins	powrotem
powrót	N	sg.loc	powrocie
powrót	N	sg.nom	powrót
powrót	N	sg.voc	powrocie
powtarzać	V	cond.p1.pl	powtarzałybyśmy
powtarzać	V	cond.p1.pl.m.hum	powtarzalibyśmy
powtarzać	V	cond.p1.sg.f	powtarzałabym
powtarzać	V	cond.p1.sg.m	powtarzałbym
powtarzać	V	cond.p2.pl	powtarzałybyście
powtarzać	V	cond.p2.pl.m.hum	powtarzalibyście
powtarzać	V	cond.p2.sg.f	powtarzałabyś
powtarzać	V	cond.p2.sg.m	powtarzałbyś
powtarzać	V	cond.p3.pl	powtarzałyby
powtarzać	V	cond.p3.pl.m.hum	powtarzaliby
powtarzać	V	cond.p3.sg.f	powtarzałaby
powtarzać	V	cond.p3.sg.m	powtarzałby
powtarzać	V	cond.p3.sg.n	powtarzałoby
powtarzać	V	fut.p1.pl	będziemy powtarzały
powtarzać	V	fut.p1.pl.m.hum	będziemy powtarzali
powtarzać	V	fut.p1.sg.f	będę powtarzała
powtarzać	V	fut.p1.sg.m	będę powtarzał
powtarzać	V	fut.p2.pl	będziecie powtarzały
powtarzać	V	fut.p2.pl.m.hum	będziecie powtarzali
powtarzać	V	fut.p2.sg.f	będziesz powtarzała
powtarzać	V	fut.p2.sg.m	będziesz powtarzał
powtarzać	V	fut.p3.pl	będą powtarzały
powtarzać	V	fut.p3.pl.m.hum	będą powtarzali
powtarzać	V	fut.p3.sg.f	będzie powtarzała
powtarzać	V	fut.p3.sg.m	będzie powtarzał
powtarzać	V	fut.p3.sg.n	będzie powtarzało
powtarzać	V	imp.p1.pl	powtarzajmy
powtarzać	V	imp.p2.pl	powtarzajcie
powtarzać	V	imp.p2.sg	powtarzaj
powtarzać	V	imp.p3.pl	niech powtarzają
powtarzać	V	imp.p3.sg	niech powtarza
powtarzać	V	past.p1.pl	powtarzałyśmy
powtarzać	V	past.p1.pl.m.hum	powtarzaliśmy
powtarzać	V	past.p1.sg.f	powtarzałam
powtarzać	V	past.p1.sg.m	powtarzałem
powtarzać	V	past.p2.pl	powtarzałyście
powtarzać	V	past.p2.pl.m.hum	powtarzaliście
powtarzać	V	past.p2.sg.f	powtarzałaś
powtarzać	V	past.p2.sg.m	powtarzałeś
powtarzać	V	past.p3.pl	powtarzały
powtarzać	V	past.p3.pl.m.hum	powtarzali
powtarzać	V	past.p3.sg.f	powtarzała
powtarzać	V	past.p3.sg.m	powtarzał
powtarzać	V	past.p3.sg.n	powtarzało
powtarzać	V	pres.p1.pl	powtarzamy
powtarzać	V	pres.p1.sg	powtarzam
powtarzać	V	pres.p2.pl	powtarzacie
powtarzać	V	pres.p2.sg	powtarzasz
powtarzać	V	pres.p3.pl	powtarzają
powtarzać	V	pres.p3.sg	powtarza
powtórzyć	V	cond.p1.pl	powtórzyłybyśmy
powtórzyć	V	cond.p1.pl.m.hum	powtórzylibyśmy
powtórzyć	V	cond.p1.sg.f	powtórzyłabym
powtórzyć	V	cond.p1.sg.m	powtórzyłbym
powtórzyć	V	cond.p2.pl	powtórzyłybyście
powtórzyć	V	cond.p2.pl.m.hum	powtórzylibyście
powtórzyć	V	cond.p2.sg.f	powtórzyłabyś
powtórzyć	V	cond.p2.sg.m	powtórzyłbyś
powtórzyć	V	cond.p3.pl	powtórzyłyby
powtórzyć	V	cond.p3.pl.m.hum	powtórzyliby
powtórzyć	V	cond.p3.sg.f	powtórzyłaby
powtórzyć	V	cond.p3.sg.m	powtórzyłby
powtórzyć	V	cond.p3.sg.n	powtórzyłoby
powtórzyć	V	fut.p1.pl	powtórzymy
powtórzyć	V	fut.p1.sg	powtórzę
powtórzyć	V	fut.p2.pl	powtórzycie
powtórzyć	V	fut.p2.sg	powtórzysz
powtórzyć	V	fut.p3.pl	powtórzą
powtórzyć	V	fut.p3.sg	powtórzy
powtórzyć	V	imp.p1.pl	powtórzmy
powtórzyć	V	imp.p1.sg	niech powtórzę
powtórzyć	V	imp.p2.pl	powtórzcie
powtórzyć	V	imp.p2.sg	powtórz
powtórzyć	V	imp.p3.pl	niech powtórzą
powtórzyć	V	imp.p3.sg	niech powtórzy
powtórzyć	V	past.p1.pl	powtórzyłyśmy
powtórzyć	V	past.p1.pl.m.hum	powtórzyliśmy
powtórzyć	V	past.p1.sg.f	powtórzyłam
powtórzyć	V	past.p1.sg.m	powtórzyłem
powtórzyć	V	past.p2.pl	powtórzyłyście
powtórzyć	V	past.p2.pl.m.hum	powtórzyliście
powtórzyć	V	past.p2.sg.f	powtórzyłaś
powtórzyć	V	past.p2.sg.m	powtórzyłeś
powtórzyć	V	past.p3.pl	powtórzyły
powtórzyć	V	past.p3.pl.m.hum	powtórzyli
powtórzyć	V	past.p3.sg.f	powtórzyła
powtórzyć	V	past.p3.sg.m	powtórzył
powtórzyć	V	past.p3.sg.n	powtórzyło
poziom	N	pl.acc	poziomy
poziom	N	pl.dat	poziomom
poziom	N	pl.gen	poziomów
poziom	N	pl.ins	poziomami
poziom	N	pl.loc	poziomach
poziom	N	pl.nom	poziomy
poziom	N	pl.voc	poziomy
poziom	N	sg.acc	poziom
poziom	N	sg.dat	poziomowi
poziom	N	sg.gen	poziomu
poziom	N	sg.ins	poziomem
poziom	N	sg.loc	poziomie
poziom	N	sg.nom	poziom
poziom	N	sg.voc	poziomie
poznać	V	cond.p1.pl	poznałybyśmy
poznać	V	cond.p1.pl.m.hum	poznalibyśmy
poznać	V	cond.p1.sg.f	poznałabym
poznać	V	cond.p1.sg.m	poznałbym
poznać	V	cond.p2.pl	poznałybyście
poznać	V	cond.p2.pl.m.hum	poznalibyście
poznać	V	cond.p2.sg.f	poznałabyś
poznać	V	cond.p2.sg.m	poznałbyś
poznać	V	cond.p3.pl	poznałyby
poznać	V	cond.p3.pl.m.hum	poznaliby
poznać	V	cond.p3.sg.f	poznałaby
poznać	V	cond.p3.sg.m	poznałby
poznać	V	cond.p3.sg.n	poznałoby
poznać	V	fut.p1.pl	poznamy
poznać	V	fut.p1.sg	poznam
poznać	V	fut.p2.pl	poznacie
poznać	V	fut.p2.sg	poznasz
poznać	V	fut.p3.pl	poznają
poznać	V	fut.p3.sg	pozna
poznać	V	imp.p1.pl	poznajmy
poznać	V	imp.p1.sg	niech poznam
poznać	V	imp.p2.pl	poznajcie
poznać	V	imp.p2.sg	poznaj
poznać	V	imp.p3.pl	niech poznają
poznać	V	imp.p3.sg	niech pozna
poznać	V	past.p1.pl	poznałyśmy
poznać	V	past.p1.pl.m.hum	poznaliśmy
poznać	V	past.p1.sg.f	poznałam
poznać	V	past.p1.sg.m	poznałem
poznać	V	past.p2.pl	poznałyście
poznać	V	past.p2.pl.m.hum	poznaliście
poznać	V	past.p2.sg.f	poznałaś
poznać	V	past.p2.sg.m	poznałeś
poznać	V	past.p3.pl	poznały
poznać	V	past.p3.pl.m.hum	poznali
poznać	V	past.p3.sg.f	poznała
poznać	V	past.p3.sg.m	poznał
poznać	V	past.p3.sg.n	poznało
późny	A	pl.acc	późne
późny	A	pl.dat	późnym
późny	A	pl.gen	późnych
późny	A	pl.ins	późnymi
późny	A	pl.loc	późnych
późny	A	pl.m.hum.acc	późnych
późny	A	pl.m.hum.nom	późni
późny	A	pl.nom	późne
późny	A	sg.f.acc	późną
późny	A	sg.f.dat	późnej
późny	A	sg.f.gen	późnej
późny	A	sg.f.ins	późną
późny	A	sg.f.loc	późnej
późny	A	sg.f.nom	późna
późny	A	sg.m.anim.acc	późnego
późny	A	sg.m.dat	późnemu
późny	A	sg.m.gen	późnego
późny	A	sg.m.hum.acc	późnego
późny	A	sg.m.inan.acc	późny
późny	A	sg.m.ins	późnym
późny	A	sg.m.loc	późnym
późny	A	sg.m.nom	późny
późny	A	sg.n.acc	późne
późny	A	sg.n.dat	późnemu
późny	A	sg.n.gen	późnego
późny	A	sg.n.ins	późnym
późny	A	sg.n.loc	późnym
późny	A	sg.n.nom	późne
pozwalać	V	cond.p1.pl	pozwalałybyśmy
pozwalać	V	cond.p1.pl.m.hum	pozwalalibyśmy
pozwalać	V	cond.p1.sg.f	pozwalałabym
pozwalać	V	cond.p1.sg.m	pozwalałbym
pozwalać	V	cond.p2.pl	pozwalałybyście
pozwalać	V	cond.p2.pl.m.hum	pozwalalibyście
pozwalać	V	cond.p2.sg.f	pozwalałabyś
pozwalać	V	cond.p2.sg.m	pozwalałbyś
pozwalać	V	cond.p3.pl	pozwalałyby
pozwalać	V	cond.p3.pl.m.hum	pozwalaliby
pozwalać	V	cond.p3.sg.f	pozwalałaby
pozwalać	V	cond.p3.sg.m	pozwalałby
pozwalać	V	cond.p3.sg.n	pozwalałoby
pozwalać	V	fut.p1.pl	będziemy pozwalały
pozwalać	V	fut.p1.pl.m.hum	będziemy pozwalali
pozwalać	V	fut.p1.sg.f	będę pozwalała
pozwalać	V	fut.p1.sg.m	będę pozwalał
pozwalać	V	fut.p2.pl	będziecie pozwalały
pozwalać	V	fut.p2.pl.m.hum	będziecie pozwalali
pozwalać	V	fut.p2.sg.f	będziesz pozwalała
pozwalać	V	fut.p2.sg.m	będziesz pozwalał
pozwalać	V	fut.p3.pl	będą pozwalały
pozwalać	V	fut.p3.pl.m.hum	będą pozwalali
pozwalać	V	fut.p3.sg.f	będzie pozwalała
pozwalać	V	fut.p3.sg.m	będzie pozwalał
pozwalać	V	fut.p3.sg.n	będzie pozwalało
pozwalać	V	imp.p1.pl	pozwalajmy
pozwalać	V	imp.p2.pl	pozwalajcie
pozwalać	V	imp.p2.sg	pozwalaj
pozwalać	V	imp.p3.pl	niech pozwalają
pozwalać	V	imp.p3.sg	niech pozwala
pozwalać	V	past.p1.pl	pozwalałyśmy
pozwalać	V	past.p1.pl.m.hum	pozwalaliśmy
pozwalać	V	past.p1.sg.f	pozwalałam
pozwalać	V	past.p1.sg.m	pozwalałem
pozwalać	V	past.p2.pl	pozwalałyście
pozwalać	V	past.p2.pl.m.hum	pozwalaliście
pozwalać	V	past.p2.sg.f	pozwalałaś
pozwalać	V	past.p2.sg.m	pozwalałeś
pozwalać	V	past.p3.pl	pozwalały
pozwalać	V	past.p3.pl.m.hum	pozwalali
pozwalać	V	past.p3.sg.f	pozwalała
pozwalać	V	past.p3.sg.m	pozwalał
pozwalać	V	past.p3.sg.n	pozwalało
pozwalać	V	pres.p1.pl	pozwalamy
pozwalać	V	pres.p1.sg	pozwalam
pozwalać	V	pres.p2.pl	pozwalacie
pozwalać	V	pres.p2.sg	pozwalasz
pozwalać	V	pres.p3.pl	pozwalają
pozwalać	V	pres.p3.sg	pozwala
pozycja	N	pl.acc	pozycje
pozycja	N	pl.dat	pozycjom
pozycja	N	pl.gen	pozycji
pozycja	N	pl.ins	pozycjami
pozycja	N	pl.loc	pozycjach
pozycja	N	pl.nom	pozycje
pozycja	N	pl.voc	pozycje
pozycja	N	sg.acc	pozycję
pozycja	N	sg.dat	pozycji
pozycja	N	sg.gen	pozycji
pozycja	N	sg.ins	pozycją
pozycja	N	sg.loc	pozycji
pozycja	N	sg.nom	pozycja
pozycja	N	sg.voc	pozycjo
pożyczyć	V	cond.p1.pl	pożyczyłybyśmy
pożyczyć	V	cond.p1.pl.m.hum	pożyczylibyśmy
pożyczyć	V	cond.p1.sg.f	pożyczyłabym
pożyczyć	V	cond.p1.sg.m	pożyczyłbym
pożyczyć	V	cond.p2.pl	pożyczyłybyście
pożyczyć	V	cond.p2.pl.m.hum	pożyczylibyście
pożyczyć	V	cond.p2.sg.f	pożyczyłabyś
pożyczyć	V	cond.p2.sg.m	pożyczyłbyś
pożyczyć	V	cond.p3.pl	pożyczyłyby
pożyczyć	V	cond.p3.pl.m.hum	pożyczyliby
pożyczyć	V	cond.p3.sg.f	pożyczyłaby
pożyczyć	V	cond.p3.sg.m	pożyczyłby
pożyczyć	V	cond.p3.sg.n	pożyczyłoby
pożyczyć	V	fut.p1.pl	pożyczymy
pożyczyć	V	fut.p1.sg	pożyczę
pożyczyć	V	fut.p2.pl	pożyczycie
pożyczyć	V	fut.p2.sg	pożyczysz
pożyczyć	V	fut.p3.pl	pożyczą
pożyczyć	V	fut.p3.sg	pożyczy
pożyczyć	V	imp.p1.pl	pożyczmy
pożyczyć	V	imp.p1.sg	niech pożyczę
pożyczyć	V	imp.p2.pl	pożyczcie
pożyczyć	V	imp.p2.sg	pożycz
pożyczyć	V	imp.p3.pl	niech pożyczą
pożyczyć	V	imp.p3.sg	niech pożyczy
pożyczyć	V	past.p1.pl	pożyczyłyśmy
pożyczyć	V	past.p1.pl.m.hum	pożyczyliśmy
pożyczyć	V	past.p1.sg.f	pożyczyłam
pożyczyć	V	past.p1.sg.m	pożyczyłem
pożyczyć	V	past.p2.pl	pożyczyłyście
pożyczyć	V	past.p2.pl.m.hum	pożyczyliście
pożyczyć	V	past.p2.sg.f	pożyczyłaś
pożyczyć	V	past.p2.sg.m	pożyczyłeś
pożyczyć	V	past.p3.pl	pożyczyły
pożyczyć	V	past.p3.pl.m.hum	pożyczyli
pożyczyć	V	past.p3.sg.f	pożyczyła
pożyczyć	V	past.p3.sg.m	pożyczył
pożyczyć	V	past.p3.sg.n	pożyczyło
praca	N	pl.acc	prace
praca	N	pl.dat	pracom
praca	N	pl.gen	prac
praca	N	pl.ins	pracami
praca	N	pl.loc	pracach
praca	N	pl.nom	prace
praca	N	pl.voc	prace
praca	N	sg.acc	pracę
praca	N	sg.dat	pracy
praca	N	sg.gen	pracy
praca	N	sg.ins	pracą
praca	N	sg.loc	pracy
praca	N	sg.nom	praca
praca	N	sg.voc	praco
pracownik	N	pl.acc	pracowników
pracownik	N	pl.dat	pracownikom
pracownik	N	pl.gen	pracowników
pracownik	N	pl.ins	pracownikami
pracownik	N	pl.loc	pracownikach
pracownik	N	pl.nom	pracownicy
pracownik	N	pl.voc	pracownicy
pracownik	N	sg.acc	pracownika
pracownik	N	sg.dat	pracownikowi
pracownik	N	sg.gen	pracownika
pracownik	N	sg.ins	pracownikiem
pracownik	N	sg.loc	pracowniku
pracownik	N	sg.nom	pracownik
pracownik	N	sg.voc	pracowniku
prawdziwy	A	pl.acc	prawdziwe
prawdziwy	A	pl.dat	prawdziwym
prawdziwy	A	pl.gen	prawdziwych
prawdziwy	A	pl.ins	prawdziwymi
prawdziwy	A	pl.loc	prawdziwych
prawdziwy	A	pl.m.hum.acc	prawdziwych
prawdziwy	A	pl.m.hum.nom	prawdziwi
prawdziwy	A	pl.nom	prawdziwe
prawdziwy	A	sg.f.acc	prawdziwą
prawdziwy	A	sg.f.dat	prawdziwej
prawdziwy	A	sg.f.gen	prawdziwej
prawdziwy	A	sg.f.ins	prawdziwą
prawdziwy	A	sg.f.loc	prawdziwej
prawdziwy	A	sg.f.nom	prawdziwa
prawdziwy	A	sg.m.anim.acc	prawdziwego
prawdziwy	A	sg.m.dat	prawdziwemu
prawdziwy	A	sg.m.gen	prawdziwego
prawdziwy	A	sg.m.hum.acc	prawdziwego
prawdziwy	A	sg.m.inan.acc	prawdziwy
prawdziwy	A	sg.m.ins	prawdziwym
prawdziwy	A	sg.m.loc	prawdziwym
prawdziwy	A	sg.m.nom	prawdziwy
prawdziwy	A	sg.n.acc	prawdziwe
prawdziwy	A	sg.n.dat	prawdziwemu
prawdziwy	A	sg.n.gen	prawdziwego
prawdziwy	A	sg.n.ins	prawdziwym
prawdziwy	A	sg.n.loc	prawdziwym
prawdziwy	A	sg.n.nom	prawdziwe
prawnik	N	pl.acc	prawników
prawnik	N	pl.dat	prawnikom
prawnik	N	pl.gen	prawników
prawnik	N	pl.ins	prawnikami
prawnik	N	pl.loc	prawnikach
prawnik	N	pl.nom	prawnicy
prawnik	N	pl.voc	prawnicy
prawnik	N	sg.acc	prawnika
prawnik	N	sg.dat	prawnikowi
prawnik	N	sg.gen	prawnika
prawnik	N	sg.ins	prawnikiem
prawnik	N	sg.loc	prawniku
prawnik	N	sg.nom	prawnik
prawnik	N	sg.voc	prawniku
prawo	N	pl.acc	prawa
prawo	N	pl.dat	prawom
prawo	N	pl.gen	praw
prawo	N	pl.ins	prawami
prawo	N	pl.loc	prawach
prawo	N	pl.nom	prawa
prawo	N	pl.voc	prawa
prawo	N	sg.acc	prawo
prawo	N	sg.dat	prawu
prawo	N	sg.gen	prawa
prawo	N	sg.ins	prawem
prawo	N	sg.loc	prawie
prawo	N	sg.nom	prawo
prawo	N	sg.voc	prawo
prawy	A	pl.acc	prawe
prawy	A	pl.dat	prawym
prawy	A	pl.gen	prawych
prawy	A	pl.ins	prawymi
prawy	A	pl.loc	prawych
prawy	A	pl.m.hum.acc	prawych
prawy	A	pl.m.hum.nom	prawi
prawy	A	pl.nom	prawe
prawy	A	sg.f.acc	prawą
prawy	A	sg.f.dat	prawej
prawy	A	sg.f.gen	prawej
prawy	A	sg.f.ins	prawą
prawy	A	sg.f.loc	prawej
prawy	A	sg.f.nom	prawa
prawy	A	sg.m.anim.acc	prawego
prawy	A	sg.m.dat	prawemu
prawy	A	sg.m.gen	prawego
prawy	A	sg.m.hum.acc	prawego
prawy	A	sg.m.inan.acc	prawy
prawy	A	sg.m.ins	prawym
prawy	A	sg.m.loc	prawym
prawy	A	sg.m.nom	prawy
prawy	A	sg.n.acc	prawe
prawy	A	sg.n.dat	prawemu
prawy	A	sg.n.gen	prawego
prawy	A	sg.n.ins	prawym
prawy	A	sg.n.loc	prawym
prawy	A	sg.n.nom	prawe
prezydent	N	pl.acc	prezydentów
prezydent	N	pl.dat	prezydentom
prezydent	N	pl.gen	prezydentów
prezydent	N	pl.ins	prezydentami
prezydent	N	pl.loc	prezydentach
prezydent	N	pl.nom	prezydenci
prezydent	N	pl.voc	prezydenci
prezydent	N	sg.acc	prezydenta
prezydent	N	sg.dat	prezydentowi
prezydent	N	sg.gen	prezydenta
prezydent	N	sg.ins	prezydentem
prezydent	N	sg.loc	prezydencie
prezydent	N	sg.nom	prezydent
prezydent	N	sg.voc	prezydencie
próba	N	pl.acc	próby
próba	N	pl.dat	próbom
próba	N	pl.gen	prób
próba	N	pl.ins	próbami
próba	N	pl.loc	próbach
próba	N	pl.nom	próby
próba	N	pl.voc	próby
próba	N	sg.acc	próbę
próba	N	sg.dat	próbie
próba	N	sg.gen	próby
próba	N	sg.ins	próbą
próba	N	sg.loc	próbie
próba	N	sg.nom	próba
próba	N	sg.voc	próbo
problem	N	pl.acc	problemy
problem	N	pl.dat	problemom
problem	N	pl.gen	problemów
problem	N	pl.ins	problemami
problem	N	pl.loc	problemach
problem	N	pl.nom	problemy
problem	N	pl.voc	problemy
problem	N	sg.acc	problem
problem	N	sg.dat	problemowi
problem	N	sg.gen	problemu
problem	N	sg.ins	problemem
problem	N	sg.loc	problemie
problem	N	sg.nom	problem
problem	N	sg.voc	problemie
próbować	V	cond.p1.pl	próbowałybyśmy
próbować	V	cond.p1.pl.m.hum	próbowalibyśmy
próbować	V	cond.p1.sg.f	próbowałabym
próbować	V	cond.p1.sg.m	próbowałbym
próbować	V	cond.p2.pl	próbowałybyście
próbować	V	cond.p2.pl.m.hum	próbowalibyście
próbować	V	cond.p2.sg.f	próbowałabyś
próbować	V	cond.p2.sg.m	próbowałbyś
próbować	V	cond.p3.pl	próbowałyby
próbować	V	cond.p3.pl.m.hum	próbowaliby
próbować	V	cond.p3.sg.f	próbowałaby
próbować	V	cond.p3.sg.m	próbowałby
próbować	V	cond.p3.sg.n	próbowałoby
próbować	V	fut.p1.pl	będziemy próbowały
próbować	V	fut.p1.pl.m.hum	będziemy próbowali
próbować	V	fut.p1.sg.f	będę próbowała
próbować	V	fut.p1.sg.m	będę próbował
próbować	V	fut.p2.pl	będziecie próbowały
próbować	V	fut.p2.pl.m.hum	będziecie próbowali
próbować	V	fut.p2.sg.f	będziesz próbowała
próbować	V	fut.p2.sg.m	będziesz próbował
próbować	V	fut.p3.pl	będą próbowały
próbować	V	fut.p3.pl.m.hum	będą próbowali
próbować	V	fut.p3.sg.f	będzie próbowała
próbować	V	fut.p3.sg.m	będzie próbował
próbować	V	fut.p3.sg.n	będzie próbowało
próbować	V	imp.p1.pl	próbujmy
próbować	V	imp.p2.pl	próbujcie
próbować	V	imp.p2.sg	próbuj
próbować	V	imp.p3.pl	niech próbują
próbować	V	imp.p3.sg	niech próbuje
próbować	V	past.p1.pl	próbowałyśmy
próbować	V	past.p1.pl.m.hum	próbowaliśmy
próbować	V	past.p1.sg.f	próbowałam
próbować	V	past.p1.sg.m	próbowałem
próbować	V	past.p2.pl	próbowałyście
próbować	V	past.p2.pl.m.hum	próbowaliście
próbować	V	past.p2.sg.f	próbowałaś
próbować	V	past.p2.sg.m	próbowałeś
próbować	V	past.p3.pl	próbowały
próbować	V	past.p3.pl.m.hum	próbowali
próbować	V	past.p3.sg.f	próbowała
próbować	V	past.p3.sg.m	próbował
próbować	V	past.p3.sg.n	próbowało
próbować	V	pres.p1.pl	próbujemy
próbować	V	pres.p1.sg	próbuję
próbować	V	pres.p2.pl	próbujecie
próbować	V	pres.p2.sg	próbujesz
próbować	V	pres.p3.pl	próbują
próbować	V	pres.p3.sg	próbuje
proces	N	pl.acc	procesy
proces	N	pl.dat	procesom
proces	N	pl.gen	procesów
proces	N	pl.ins	procesami
proces	N	pl.loc	procesach
proces	N	pl.nom	procesy
proces	N	pl.voc	procesy
proces	N	sg.acc	proces
proces	N	sg.dat	procesowi
proces	N	sg.gen	procesu
proces	N	sg.ins	procesem
proces	N	sg.loc	procesie
proces	N	sg.nom	proces
proces	N	sg.voc	procesie
profesor	N	pl.acc	profesorów
profesor	N	pl.dat	profesorom
profesor	N	pl.gen	profesorów
profesor	N	pl.ins	profesorami
profesor	N	pl.loc	profesorach
profesor	N	pl.nom	profesorowie
profesor	N	pl.voc	profesorowie
profesor	N	sg.acc	profesora
profesor	N	sg.dat	profesorowi
profesor	N	sg.gen	profesora
profesor	N	sg.ins	profesorem
profesor	N	sg.loc	profesorze
profesor	N	sg.nom	profesor
profesor	N	sg.voc	profesorze
program	N	pl.acc	programy
program	N	pl.dat	programom
program	N	pl.gen	programów
program	N	pl.ins	programami
program	N	pl.loc	programach
program	N	pl.nom	programy
program	N	pl.voc	programy
program	N	sg.acc	program
program	N	sg.dat	programowi
program	N	sg.gen	programu
program	N	sg.ins	programem
program	N	sg.loc	programie
program	N	sg.nom	program
program	N	sg.voc	programie
projekt	N	pl.acc	projekty
projekt	N	pl.dat	projektom
projekt	N	pl.gen	projektów
projekt	N	pl.ins	projektami
projekt	N	pl.loc	projektach
projekt	N	pl.nom	projekty
projekt	N	pl.voc	projekty
projekt	N	sg.acc	projekt
projekt	N	sg.dat	projektowi
projekt	N	sg.gen	projektu
projekt	N	sg.ins	projektem
projekt	N	sg.loc	projekcie
projekt	N	sg.nom	projekt
projekt	N	sg.voc	projekcie
prokurator	N	pl.acc	prokuratorów
prokurator	N	pl.dat	prokuratorom
prokurator	N	pl.gen	prokuratorów
prokurator	N	pl.ins	prokuratorami
prokurator	N	pl.loc	prokuratorach
prokurator	N	pl.nom	prokuratorzy
prokurator	N	pl.voc	prokuratorzy
prokurator	N	sg.acc	prokuratora
prokurator	N	sg.dat	prokuratorowi
prokurator	N	sg.gen	prokuratora
prokurator	N	sg.ins	prokuratorem
prokurator	N	sg.loc	prokuratorze
prokurator	N	sg.nom	prokurator
prokurator	N	sg.voc	prokuratorze
propozycja	N	pl.acc	propozycje
propozycja	N	pl.dat	propozycjom
propozycja	N	pl.gen	propozycji
propozycja	N	pl.ins	propozycjami
propozycja	N	pl.loc	propozycjach
propozycja	N	pl.nom	propozycje
propozycja	N	pl.voc	propozycje
propozycja	N	sg.acc	propozycję
propozycja	N	sg.dat	propozycji
propozycja	N	sg.gen	propozycji
propozycja	N	sg.ins	propozycją
propozycja	N	sg.loc	propozycji
propozycja	N	sg.nom	propozycja
propozycja	N	sg.voc	propozycjo
prosty	A	pl.acc	proste
prosty	A	pl.dat	prostym
prosty	A	pl.gen	prostych
prosty	A	pl.ins	prostymi
prosty	A	pl.loc	prostych
prosty	A	pl.m.hum.acc	prostych
prosty	A	pl.m.hum.nom	prości
prosty	A	pl.nom	proste
prosty	A	sg.f.acc	prostą
prosty	A	sg.f.dat	prostej
prosty	A	sg.f.gen	prostej
prosty	A	sg.f.ins	prostą
prosty	A	sg.f.loc	prostej
prosty	A	sg.f.nom	prosta
prosty	A	sg.m.anim.acc	prostego
prosty	A	sg.m.dat	prostemu
prosty	A	sg.m.gen	prostego
prosty	A	sg.m.hum.acc	prostego
prosty	A	sg.m.inan.acc	prosty
prosty	A	sg.m.ins	prostym
prosty	A	sg.m.loc	prostym
prosty	A	sg.m.nom	prosty
prosty	A	sg.n.acc	proste
prosty	A	sg.n.dat	prostemu
prosty	A	sg.n.gen	prostego
prosty	A	sg.n.ins	prostym
prosty	A	sg.n.loc	prostym
prosty	A	sg.n.nom	proste
prysznic	N	pl.acc	prysznice
prysznic	N	pl.dat	prysznicom
prysznic	N	pl.gen	pryszniców
prysznic	N	pl.ins	prysznicami
prysznic	N	pl.loc	prysznicach
prysznic	N	pl.nom	prysznice
prysznic	N	pl.voc	prysznice
prysznic	N	sg.acc	prysznic
prysznic	N	sg.dat	prysznicowi
prysznic	N	sg.gen	prysznica
prysznic	N	sg.ins	prysznicem
prysznic	N	sg.loc	prysznicu
prysznic	N	sg.nom	prysznic
prysznic	N	sg.voc	prysznicu
przeczytać	V	cond.p1.pl	przeczytałybyśmy
przeczytać	V	cond.p1.pl.m.hum	przeczytalibyśmy
przeczytać	V	cond.p1.sg.f	przeczytałabym
przeczytać	V	cond.p1.sg.m	przeczytałbym
przeczytać	V	cond.p2.pl	przeczytałybyście
przeczytać	V	cond.p2.pl.m.hum	przeczytalibyście
przeczytać	V	cond.p2.sg.f	przeczytałabyś
przeczytać	V	cond.p2.sg.m	przeczytałbyś
przeczytać	V	cond.p3.pl	przeczytałyby
przeczytać	V	cond.p3.pl.m.hum	przeczytaliby
przeczytać	V	cond.p3.sg.f	przeczytałaby
przeczytać	V	cond.p3.sg.m	przeczytałby
przeczytać	V	cond.p3.sg.n	przeczytałoby
przeczytać	V	fut.p1.pl	przeczytamy
przeczytać	V	fut.p1.sg	przeczytam
przeczytać	V	fut.p2.pl	przeczytacie
przeczytać	V	fut.p2.sg	przeczytasz
przeczytać	V	fut.p3.pl	przeczytają
przeczytać	V	fut.p3.sg	przeczyta
przeczytać	V	imp.p1.pl	przeczytajmy
przeczytać	V	imp.p1.sg	niech przeczytam
przeczytać	V	imp.p2.pl	przeczytajcie
przeczytać	V	imp.p2.sg	przeczytaj
przeczytać	V	imp.p3.pl	niech przeczytają
przeczytać	V	imp.p3.sg	niech przeczyta
przeczytać	V	past.p1.pl	przeczytałyśmy
przeczytać	V	past.p1.pl.m.hum	przeczytaliśmy
przeczytać	V	past.p1.sg.f	przeczytałam
przeczytać	V	past.p1.sg.m	przeczytałem
przeczytać	V	past.p2.pl	przeczytałyście
przeczytać	V	past.p2.pl.m.hum	przeczytaliście
przeczytać	V	past.p2.sg.f	przeczytałaś
przeczytać	V	past.p2.sg.m	przeczytałeś
przeczytać	V	past.p3.pl	przeczytały
przeczytać	V	past.p3.pl.m.hum	przeczytali
przeczytać	V	past.p3.sg.f	przeczytała
przeczytać	V	past.p3.sg.m	przeczytał
przeczytać	V	past.p3.sg.n	przeczytało
przegrać	V	cond.p1.pl	przegrałybyśmy
przegrać	V	cond.p1.pl.m.hum	przegralibyśmy
przegrać	V	cond.p1.sg.f	przegrałabym
przegrać	V	cond.p1.sg.m	przegrałbym
przegrać	V	cond.p2.pl	przegrałybyście
przegrać	V	cond.p2.pl.m.hum	przegralibyście
przegrać	V	cond.p2.sg.f	przegrałabyś
przegrać	V	cond.p2.sg.m	przegrałbyś
przegrać	V	cond.p3.pl	przegrałyby
przegrać	V	cond.p3.pl.m.hum	przegraliby
przegrać	V	cond.p3.sg.f	przegrałaby
przegrać	V	cond.p3.sg.m	przegrałby
przegrać	V	cond.p3.sg.n	przegrałoby
przegrać	V	fut.p1.pl	przegramy
przegrać	V	fut.p1.sg	przegram
przegrać	V	fut.p2.pl	przegracie
przegrać	V	fut.p2.sg	przegrasz
przegrać	V	fut.p3.pl	przegrają
przegrać	V	fut.p3.sg	przegra
przegrać	V	imp.p1.pl	przegrajmy
przegrać	V	imp.p1.sg	niech przegram
przegrać	V	imp.p2.pl	przegrajcie
przegrać	V	imp.p2.sg	przegraj
przegrać	V	imp.p3.pl	niech przegrają
przegrać	V	imp.p3.sg	niech przegra
przegrać	V	past.p1.pl	przegrałyśmy
przegrać	V	past.p1.pl.m.hum	przegraliśmy
przegrać	V	past.p1.sg.f	przegrałam
przegrać	V	past.p1.sg.m	przegrałem
przegrać	V	past.p2.pl	przegrałyście
przegrać	V	past.p2.pl.m.hum	przegraliście
przegrać	V	past.p2.sg.f	przegrałaś
przegrać	V	past.p2.sg.m	przegrałeś
przegrać	V	past.p3.pl	przegrały
przegrać	V	past.p3.pl.m.hum	przegrali
przegrać	V	past.p3.sg.f	przegrała
przegrać	V	past.p3.sg.m	przegrał
przegrać	V	past.p3.sg.n	przegrało
przejście	N	pl.acc	przejścia
przejście	N	pl.dat	przejściom
przejście	N	pl.gen	przejść
przejście	N	pl.ins	przejściami
przejście	N	pl.loc	przejściach
przejście	N	pl.nom	przejścia
przejście	N	pl.voc	przejścia
przejście	N	sg.acc	przejście
przejście	N	sg.dat	przejściu
przejście	N	sg.gen	przejścia
przejście	N	sg.ins	przejściem
przejście	N	sg.loc	przejściu
przejście	N	sg.nom	przejście
przejście	N	sg.voc	przejście
przemyśleć	V	cond.p1.pl	przemyślałybyśmy
przemyśleć	V	cond.p1.pl.m.hum	przemyślelibyśmy
przemyśleć	V	cond.p1.sg.f	przemyślałabym
przemyśleć	V	cond.p1.sg.m	przemyślałbym
przemyśleć	V	cond.p2.pl	przemyślałybyście
przemyśleć	V	cond.p2.pl.m.hum	przemyślelibyście
przemyśleć	V	cond.p2.sg.f	przemyślałabyś
przemyśleć	V	cond.p2.sg.m	przemyślałbyś
przemyśleć	V	cond.p3.pl	przemyślałyby
przemyśleć	V	cond.p3.pl.m.hum	przemyśleliby
przemyśleć	V	cond.p3.sg.f	przemyślałaby
przemyśleć	V	cond.p3.sg.m	przemyślałby
przemyśleć	V	cond.p3.sg.n	przemyślałoby
przemyśleć	V	fut.p1.pl	przemyślimy
przemyśleć	V	fut.p1.sg	przemyślę
przemyśleć	V	fut.p2.pl	przemyślicie
przemyśleć	V	fut.p2.sg	przemyślisz
przemyśleć	V	fut.p3.pl	przemyślą
przemyśleć	V	fut.p3.sg	przemyśli
przemyśleć	V	imp.p1.pl	przemyślmy
przemyśleć	V	imp.p1.sg	niech przemyślę
przemyśleć	V	imp.p2.pl	przemyślcie
przemyśleć	V	imp.p2.sg	przemyśl
przemyśleć	V	imp.p3.pl	niech przemyślą
przemyśleć	V	imp.p3.sg	niech przemyśli
przemyśleć	V	past.p1.pl	przemyślałyśmy
przemyśleć	V	past.p1.pl.m.hum	przemyśleliśmy
przemyśleć	V	past.p1.sg.f	przemyślałam
przemyśleć	V	past.p1.sg.m	przemyślałem
przemyśleć	V	past.p2.pl	przemyślałyście
przemyśleć	V	past.p2.pl.m.hum	przemyśleliście
przemyśleć	V	past.p2.sg.f	przemyślałaś
przemyśleć	V	past.p2.sg.m	przemyślałeś
przemyśleć	V	past.p3.pl	przemyślały
przemyśleć	V	past.p3.pl.m.hum	przemyśleli
przemyśleć	V	past.p3.sg.f	przemyślała
przemyśleć	V	past.p3.sg.m	przemyślał
przemyśleć	V	past.p3.sg.n	przemyślało
przepraszać	V	cond.p1.pl	przepraszałybyśmy
przepraszać	V	cond.p1.pl.m.hum	przepraszalibyśmy
przepraszać	V	cond.p1.sg.f	przepraszałabym
przepraszać	V	cond.p1.sg.m	przepraszałbym
przepraszać	V	cond.p2.pl	przepraszałybyście
przepraszać	V	cond.p2.pl.m.hum	przepraszalibyście
przepraszać	V	cond.p2.sg.f	przepraszałabyś
przepraszać	V	cond.p2.sg.m	przepraszałbyś
przepraszać	V	cond.p3.pl	przepraszałyby
przepraszać	V	cond.p3.pl.m.hum	przepraszaliby
przepraszać	V	cond.p3.sg.f	przepraszałaby
przepraszać	V	cond.p3.sg.m	przepraszałby
przepraszać	V	cond.p3.sg.n	przepraszałoby
przepraszać	V	fut.p1.pl	będziemy przepraszały
przepraszać	V	fut.p1.pl.m.hum	będziemy przepraszali
przepraszać	V	fut.p1.sg.f	będę przepraszała
przepraszać	V	fut.p1.sg.m	będę przepraszał
przepraszać	V	fut.p2.pl	będziecie przepraszały
przepraszać	V	fut.p2.pl.m.hum	będziecie przepraszali
przepraszać	V	fut.p2.sg.f	będziesz przepraszała
przepraszać	V	fut.p2.sg.m	będziesz przepraszał
przepraszać	V	fut.p3.pl	będą przepraszały
przepraszać	V	fut.p3.pl.m.hum	będą przepraszali
przepraszać	V	fut.p3.sg.f	będzie przepraszała
przepraszać	V	fut.p3.sg.m	będzie przepraszał
przepraszać	V	fut.p3.sg.n	będzie przepraszało
przepraszać	V	imp.p1.pl	przepraszajmy
przepraszać	V	imp.p2.pl	przepraszajcie
przepraszać	V	imp.p2.sg	przepraszaj
przepraszać	V	imp.p3.pl	niech przepraszają
przepraszać	V	imp.p3.sg	niech przeprasza
przepraszać	V	past.p1.pl	przepraszałyśmy
przepraszać	V	past.p1.pl.m.hum	przepraszaliśmy
przepraszać	V	past.p1.sg.f	przepraszałam
przepraszać	V	past.p1.sg.m	przepraszałem
przepraszać	V	past.p2.pl	przepraszałyście
przepraszać	V	past.p2.pl.m.hum	przepraszaliście
przepraszać	V	past.p2.sg.f	przepraszałaś
przepraszać	V	past.p2.sg.m	przepraszałeś
przepraszać	V	past.p3.pl	przepraszały
przepraszać	V	past.p3.pl.m.hum	przepraszali
przepraszać	V	past.p3.sg.f	przepraszała
przepraszać	V	past.p3.sg.m	przepraszał
przepraszać	V	past.p3.sg.n	przepraszało
przepraszać	V	pres.p1.pl	przepraszamy
przepraszać	V	pres.p1.sg	przepraszam
przepraszać	V	pres.p2.pl	przepraszacie
przepraszać	V	pres.p2.sg	przepraszasz
przepraszać	V	pres.p3.pl	przepraszają
przepraszać	V	pres.p3.sg	przeprasza
przeprosić	V	cond.p1.pl	przeprosiłybyśmy
przeprosić	V	cond.p1.pl.m.hum	przeprosilibyśmy
przeprosić	V	cond.p1.sg.f	przeprosiłabym
przeprosić	V	cond.p1.sg.m	przeprosiłbym
przeprosić	V	cond.p2.pl	przeprosiłybyście
przeprosić	V	cond.p2.pl.m.hum	przeprosilibyście
przeprosić	V	cond.p2.sg.f	przeprosiłabyś
przeprosić	V	cond.p2.sg.m	przeprosiłbyś
przeprosić	V	cond.p3.pl	przeprosiłyby
przeprosić	V	cond.p3.pl.m.hum	przeprosiliby
przeprosić	V	cond.p3.sg.f	przeprosiłaby
przeprosić	V	cond.p3.sg.m	przeprosiłby
przeprosić	V	cond.p3.sg.n	przeprosiłoby
przeprosić	V	fut.p1.pl	przeprosimy
przeprosić	V	fut.p1.sg	przeproszę
przeprosić	V	fut.p2.pl	przeprosicie
przeprosić	V	fut.p2.sg	przeprosisz
przeprosić	V	fut.p3.pl	przeproszą
przeprosić	V	fut.p3.sg	przeprosi
przeprosić	V	imp.p1.pl	przeprośmy
przeprosić	V	imp.p1.sg	niech przeproszę
przeprosić	V	imp.p2.pl	przeproście
przeprosić	V	imp.p2.sg	przeproś
przeprosić	V	imp.p3.pl	niech przeproszą
przeprosić	V	imp.p3.sg	niech przeprosi
przeprosić	V	past.p1.pl	przeprosiłyśmy
przeprosić	V	past.p1.pl.m.hum	przeprosiliśmy
przeprosić	V	past.p1.sg.f	przeprosiłam
przeprosić	V	past.p1.sg.m	przeprosiłem
przeprosić	V	past.p2.pl	przeprosiłyście
przeprosić	V	past.p2.pl.m.hum	przeprosiliście
przeprosić	V	past.p2.sg.f	przeprosiłaś
przeprosić	V	past.p2.sg.m	przeprosiłeś
przeprosić	V	past.p3.pl	przeprosiły
przeprosić	V	past.p3.pl.m.hum	przeprosili
przeprosić	V	past.p3.sg.f	przeprosiła
przeprosić	V	past.p3.sg.m	przeprosił
przeprosić	V	past.p3.sg.n	przeprosiło
przerwa	N	pl.acc	przerwy
przerwa	N	pl.dat	przerwom
przerwa	N	pl.gen	przerw
przerwa	N	pl.ins	przerwami
przerwa	N	pl.loc	przerwach
przerwa	N	pl.nom	przerwy
przerwa	N	pl.voc	przerwy
przerwa	N	sg.acc	przerwę
przerwa	N	sg.dat	przerwie
przerwa	N	sg.gen	przerwy
przerwa	N	sg.ins	przerwą
przerwa	N	sg.loc	przerwie
przerwa	N	sg.nom	przerwa
przerwa	N	sg.voc	przerwo
przestępstwo	N	pl.acc	przestępstwa
przestępstwo	N	pl.dat	przestępstwom
przestępstwo	N	pl.gen	przestępstw
przestępstwo	N	pl.ins	przestępstwami
przestępstwo	N	pl.loc	przestępstwach
przestępstwo	N	pl.nom	przestępstwa
przestępstwo	N	pl.voc	przestępstwa
przestępstwo	N	sg.acc	przestępstwo
przestępstwo	N	sg.dat	przestępstwu
przestępstwo	N	sg.gen	przestępstwa
przestępstwo	N	sg.ins	przestępstwem
przestępstwo	N	sg.loc	przestępstwie
przestępstwo	N	sg.nom	przestępstwo
przestępstwo	N	sg.voc	przestępstwo
przeszkadzać	V	cond.p1.pl	przeszkadzałybyśmy
przeszkadzać	V	cond.p1.pl.m.hum	przeszkadzalibyśmy
przeszkadzać	V	cond.p1.sg.f	przeszkadzałabym
przeszkadzać	V	cond.p1.sg.m	przeszkadzałbym
przeszkadzać	V	cond.p2.pl	przeszkadzałybyście
przeszkadzać	V	cond.p2.pl.m.hum	przeszkadzalibyście
przeszkadzać	V	cond.p2.sg.f	przeszkadzałabyś
przeszkadzać	V	cond.p2.sg.m	przeszkadzałbyś
przeszkadzać	V	cond.p3.pl	przeszkadzałyby
przeszkadzać	V	cond.p3.pl.m.hum	przeszkadzaliby
przeszkadzać	V	cond.p3.sg.f	przeszkadzałaby
przeszkadzać	V	cond.p3.sg.m	przeszkadzałby
przeszkadzać	V	cond.p3.sg.n	przeszkadzałoby
przeszkadzać	V	fut.p1.pl	będziemy przeszkadzały
przeszkadzać	V	fut.p1.pl.m.hum	będziemy przeszkadzali
przeszkadzać	V	fut.p1.sg.f	będę przeszkadzała
przeszkadzać	V	fut.p1.sg.m	będę przeszkadzał
przeszkadzać	V	fut.p2.pl	będziecie przeszkadzały
przeszkadzać	V	fut.p2.pl.m.hum	będziecie przeszkadzali
przeszkadzać	V	fut.p2.sg.f	będziesz przeszkadzała
przeszkadzać	V	fut.p2.sg.m	będziesz przeszkadzał
przeszkadzać	V	fut.p3.pl	będą przeszkadzały
przeszkadzać	V	fut.p3.pl.m.hum	będą przeszkadzali
przeszkadzać	V	fut.p3.sg.f	będzie przeszkadzała
przeszkadzać	V	fut.p3.sg.m	będzie przeszkadzał
przeszkadzać	V	fut.p3.sg.n	będzie przeszkadzało
przeszkadzać	V	imp.p1.pl	przeszkadzajmy
przeszkadzać	V	imp.p2.pl	przeszkadzajcie
przeszkadzać	V	imp.p2.sg	przeszkadzaj
przeszkadzać	V	imp.p3.pl	niech przeszkadzają
przeszkadzać	V	imp.p3.sg	niech przeszkadza
przeszkadzać	V	past.p1.pl	przeszkadzałyśmy
przeszkadzać	V	past.p1.pl.m.hum	przeszkadzaliśmy
przeszkadzać	V	past.p1.sg.f	przeszkadzałam
przeszkadzać	V	past.p1.sg.m	przeszkadzałem
przeszkadzać	V	past.p2.pl	przeszkadzałyście
przeszkadzać	V	past.p2.pl.m.hum	przeszkadzaliście
przeszkadzać	V	past.p2.sg.f	przeszkadzałaś
przeszkadzać	V	past.p2.sg.m	przeszkadzałeś
przeszkadzać	V	past.p3.pl	przeszkadzały
przeszkadzać	V	past.p3.pl.m.hum	przeszkadzali
przeszkadzać	V	past.p3.sg.f	przeszkadzała
przeszkadzać	V	past.p3.sg.m	przeszkadzał
przeszkadzać	V	past.p3.sg.n	przeszkadzało
przeszkadzać	V	pres.p1.pl	przeszkadzamy
przeszkadzać	V	pres.p1.sg	przeszkadzam
przeszkadzać	V	pres.p2.pl	przeszkadzacie
przeszkadzać	V	pres.p2.sg	przeszkadzasz
przeszkadzać	V	pres.p3.pl	przeszkadzają
przeszkadzać	V	pres.p3.sg	przeszkadza
przeżyć	V	cond.p1.pl	przeżyłybyśmy
przeżyć	V	cond.p1.pl.m.hum	przeżylibyśmy
przeżyć	V	cond.p1.sg.f	przeżyłabym
przeżyć	V	cond.p1.sg.m	przeżyłbym
przeżyć	V	cond.p2.pl	przeżyłybyście
przeżyć	V	cond.p2.pl.m.hum	przeżylibyście
przeżyć	V	cond.p2.sg.f	przeżyłabyś
przeżyć	V	cond.p2.sg.m	przeżyłbyś
przeżyć	V	cond.p3.pl	przeżyłyby
przeżyć	V	cond.p3.pl.m.hum	przeżyliby
przeżyć	V	cond.p3.sg.f	przeżyłaby
przeżyć	V	cond.p3.sg.m	przeżyłby
przeżyć	V	cond.p3.sg.n	przeżyłoby
przeżyć	V	fut.p1.pl	przeżyjemy
przeżyć	V	fut.p1.sg	przeżyję
przeżyć	V	fut.p2.pl	przeżyjecie
przeżyć	V	fut.p2.sg	przeżyjesz
przeżyć	V	fut.p3.pl	przeżyją
przeżyć	V	fut.p3.sg	przeżyje
przeżyć	V	imp.p1.pl	przeżyjmy
przeżyć	V	imp.p1.sg	niech przeżyję
przeżyć	V	imp.p2.pl	przeżyjcie
przeżyć	V	imp.p2.sg	przeżyj
przeżyć	V	imp.p3.pl	niech przeżyją
przeżyć	V	imp.p3.sg	niech przeżyje
przeżyć	V	past.p1.pl	przeżyłyśmy
przeżyć	V	past.p1.pl.m.hum	przeżyliśmy
przeżyć	V	past.p1.sg.f	przeżyłam
przeżyć	V	past.p1.sg.m	przeżyłem
przeżyć	V	past.p2.pl	przeżyłyście
przeżyć	V	past.p2.pl.m.hum	przeżyliście
przeżyć	V	past.p2.sg.f	przeżyłaś
przeżyć	V	past.p2.sg.m	przeżyłeś
przeżyć	V	past.p3.pl	przeżyły
przeżyć	V	past.p3.pl.m.hum	przeżyli
przeżyć	V	past.p3.sg.f	przeżyła
przeżyć	V	past.p3.sg.m	przeżył
przeżyć	V	past.p3.sg.n	przeżyło
przód	N	pl.acc	przody
przód	N	pl.dat	przodom
przód	N	pl.gen	przodów
przód	N	pl.ins	przodami
przód	N	pl.loc	przodach
przód	N	pl.nom	przody
przód	N	pl.voc	przody
przód	N	sg.acc	przód
przód	N	sg.dat	przodowi
przód	N	sg.gen	przodu
przód	N	sg.ins	przodem
przód	N	sg.loc	przodzie
przód	N	sg.nom	przód
przód	N	sg.voc	przodzie
przyczyna	N	pl.acc	przyczyny
przyczyna	N	pl.dat	przyczynom
przyczyna	N	pl.gen	przyczyn
przyczyna	N	pl.ins	przyczynami
przyczyna	N	pl.loc	przyczynach
przyczyna	N	pl.nom	przyczyny
przyczyna	N	pl.voc	przyczyny
przyczyna	N	sg.acc	przyczynę
przyczyna	N	sg.dat	przyczynie
przyczyna	N	sg.gen	przyczyny
przyczyna	N	sg.ins	przyczyną
przyczyna	N	sg.loc	przyczynie
przyczyna	N	sg.nom	przyczyna
przyczyna	N	sg.voc	przyczyno
przygotować	V	cond.p1.pl	przygotowałybyśmy
przygotować	V	cond.p1.pl.m.hum	przygotowalibyśmy
przygotować	V	cond.p1.sg.f	przygotowałabym
przygotować	V	cond.p1.sg.m	przygotowałbym
przygotować	V	cond.p2.pl	przygotowałybyście
przygotować	V	cond.p2.pl.m.hum	przygotowalibyście
przygotować	V	cond.p2.sg.f	przygotowałabyś
przygotować	V	cond.p2.sg.m	przygotowałbyś
przygotować	V	cond.p3.pl	przygotowałyby
przygotować	V	cond.p3.pl.m.hum	przygotowaliby
przygotować	V	cond.p3.sg.f	przygotowałaby
przygotować	V	cond.p3.sg.m	przygotowałby
przygotować	V	cond.p3.sg.n	przygotowałoby
przygotować	V	fut.p1.pl	przygotujemy
przygotować	V	fut.p1.sg	przygotuję
przygotować	V	fut.p2.pl	przygotujecie
przygotować	V	fut.p2.sg	przygotujesz
przygotować	V	fut.p3.pl	przygotują
przygotować	V	fut.p3.sg	przygotuje
przygotować	V	imp.p1.pl	przygotujmy
przygotować	V	imp.p1.sg	niech przygotuję
przygotować	V	imp.p2.pl	przygotujcie
przygotować	V	imp.p2.sg	przygotuj
przygotować	V	imp.p3.pl	niech przygotują
przygotować	V	imp.p3.sg	niech przygotuje
przygotować	V	past.p1.pl	przygotowałyśmy
przygotować	V	past.p1.pl.m.hum	przygotowaliśmy
przygotować	V	past.p1.sg.f	przygotowałam
przygotować	V	past.p1.sg.m	przygotowałem
przygotować	V	past.p2.pl	przygotowałyście
przygotować	V	past.p2.pl.m.hum	przygotowaliście
przygotować	V	past.p2.sg.f	przygotowałaś
przygotować	V	past.p2.sg.m	przygotowałeś
przygotować	V	past.p3.pl	przygotowały
przygotować	V	past.p3.pl.m.hum	przygotowali
przygotować	V	past.p3.sg.f	przygotowała
przygotować	V	past.p3.sg.m	przygotował
przygotować	V	past.p3.sg.n	przygotowało
przyjąć	V	cond.p1.pl	przyjęłybyśmy
przyjąć	V	cond.p1.pl.m.hum	przyjęlibyśmy
przyjąć	V	cond.p1.sg.f	przyjęłabym
przyjąć	V	cond.p1.sg.m	przyjąłbym
przyjąć	V	cond.p2.pl	przyjęłybyście
przyjąć	V	cond.p2.pl.m.hum	przyjęlibyście
przyjąć	V	cond.p2.sg.f	przyjęłabyś
przyjąć	V	cond.p2.sg.m	przyjąłbyś
przyjąć	V	cond.p3.pl	przyjęłyby
przyjąć	V	cond.p3.pl.m.hum	przyjęliby
przyjąć	V	cond.p3.sg.f	przyjęłaby
przyjąć	V	cond.p3.sg.m	przyjąłby
przyjąć	V	cond.p3.sg.n	przyjęłoby
przyjąć	V	fut.p1.pl	przyjmiemy
przyjąć	V	fut.p1.sg	przyjmę
przyjąć	V	fut.p2.pl	przyjmiecie
przyjąć	V	fut.p2.sg	przyjmiesz
przyjąć	V	fut.p3.pl	przyjmą
przyjąć	V	fut.p3.sg	przyjmie
przyjąć	V	imp.p1.pl	przyjmijmy
przyjąć	V	imp.p1.sg	niech przyjmę
przyjąć	V	imp.p2.pl	przyjmijcie
przyjąć	V	imp.p2.sg	przyjmij
przyjąć	V	imp.p3.pl	niech przyjmą
przyjąć	V	imp.p3.sg	niech przyjmie
przyjąć	V	past.p1.pl	przyjęłyśmy
przyjąć	V	past.p1.pl.m.hum	przyjęliśmy
przyjąć	V	past.p1.sg.f	przyjęłam
przyjąć	V	past.p1.sg.m	przyjąłem
przyjąć	V	past.p2.pl	przyjęłyście
przyjąć	V	past.p2.pl.m.hum	przyjęliście
przyjąć	V	past.p2.sg.f	przyjęłaś
przyjąć	V	past.p2.sg.m	przyjąłeś
przyjąć	V	past.p3.pl	przyjęły
przyjąć	V	past.p3.pl.m.hum	przyjęli
przyjąć	V	past.p3.sg.f	przyjęła
przyjąć	V	past.p3.sg.m	przyjął
przyjąć	V	past.p3.sg.n	przyjęło
przyjaciel	N	pl.acc	przyjaciół
przyjaciel	N	pl.dat	przyjaciołom
przyjaciel	N	pl.gen	przyjaciół
przyjaciel	N	pl.ins	przyjaciółmi
przyjaciel	N	pl.loc	przyjaciołach
przyjaciel	N	pl.nom	przyjaciele
przyjaciel	N	pl.voc	przyjaciele
przyjaciel	N	sg.acc	przyjaciela
przyjaciel	N	sg.dat	przyjacielowi
przyjaciel	N	sg.gen	przyjaciela
przyjaciel	N	sg.ins	przyjacielem
przyjaciel	N	sg.loc	przyjacielu
przyjaciel	N	sg.nom	przyjaciel
przyjaciel	N	sg.voc	przyjacielu
przyjaciółka	N	pl.acc	przyjaciółki
przyjaciółka	N	pl.dat	przyjaciółkom
przyjaciółka	N	pl.gen	przyjaciółek
przyjaciółka	N	pl.ins	przyjaciółkami
przyjaciółka	N	pl.loc	przyjaciółkach
przyjaciółka	N	pl.nom	przyjaciółki
przyjaciółka	N	pl.voc	przyjaciółki
przyjaciółka	N	sg.acc	przyjaciółkę
przyjaciółka	N	sg.dat	przyjaciółce
przyjaciółka	N	sg.gen	przyjaciółki
przyjaciółka	N	sg.ins	przyjaciółką
przyjaciółka	N	sg.loc	przyjaciółce
przyjaciółka	N	sg.nom	przyjaciółka
przyjaciółka	N	sg.voc	przyjaciółko
przyjęcie	N	pl.acc	przyjęcia
przyjęcie	N	pl.dat	przyjęciom
przyjęcie	N	pl.gen	przyjęć
przyjęcie	N	pl.ins	przyjęciami
przyjęcie	N	pl.loc	przyjęciach
przyjęcie	N	pl.nom	przyjęcia
przyjęcie	N	pl.voc	przyjęcia
przyjęcie	N	sg.acc	przyjęcie
przyjęcie	N	sg.dat	przyjęciu
przyjęcie	N	sg.gen	przyjęcia
przyjęcie	N	sg.ins	przyjęciem
przyjęcie	N	sg.loc	przyjęciu
przyjęcie	N	sg.nom	przyjęcie
przyjęcie	N	sg.voc	przyjęcie
przyjemność	N	pl.acc	przyjemności
przyjemność	N	pl.dat	przyjemnościom
przyjemność	N	pl.gen	przyjemności
przyjemność	N	pl.ins	przyjemnościami
przyjemność	N	pl.loc	przyjemnościach
przyjemność	N	pl.nom	przyjemności
przyjemność	N	pl.voc	przyjemności
przyjemność	N	sg.acc	przyjemność
przyjemność	N	sg.dat	przyjemności
przyjemność	N	sg.gen	przyjemności
przyjemność	N	sg.ins	przyjemnością
przyjemność	N	sg.loc	przyjemności
przyjemność	N	sg.nom	przyjemność
przyjemność	N	sg.voc	przyjemności
przyjmować	V	cond.p1.pl	przyjmowałybyśmy
przyjmować	V	cond.p1.pl.m.hum	przyjmowalibyśmy
przyjmować	V	cond.p1.sg.f	przyjmowałabym
przyjmować	V	cond.p1.sg.m	przyjmowałbym
przyjmować	V	cond.p2.pl	przyjmowałybyście
przyjmować	V	cond.p2.pl.m.hum	przyjmowalibyście
przyjmować	V	cond.p2.sg.f	przyjmowałabyś
przyjmować	V	cond.p2.sg.m	przyjmowałbyś
przyjmować	V	cond.p3.pl	przyjmowałyby
przyjmować	V	cond.p3.pl.m.hum	przyjmowaliby
przyjmować	V	cond.p3.sg.f	przyjmowałaby
przyjmować	V	cond.p3.sg.m	przyjmowałby
przyjmować	V	cond.p3.sg.n	przyjmowałoby
przyjmować	V	fut.p1.pl	będziemy przyjmowały
przyjmować	V	fut.p1.pl.m.hum	będziemy przyjmowali
przyjmować	V	fut.p1.sg.f	będę przyjmowała
przyjmować	V	fut.p1.sg.m	będę przyjmował
przyjmować	V	fut.p2.pl	będziecie przyjmowały
przyjmować	V	fut.p2.pl.m.hum	będziecie przyjmowali
przyjmować	V	fut.p2.sg.f	będziesz przyjmowała
przyjmować	V	fut.p2.sg.m	będziesz przyjmował
przyjmować	V	fut.p3.pl	będą przyjmowały
przyjmować	V	fut.p3.pl.m.hum	będą przyjmowali
przyjmować	V	fut.p3.sg.f	będzie przyjmowała
przyjmować	V	fut.p3.sg.m	będzie przyjmował
przyjmować	V	fut.p3.sg.n	będzie przyjmowało
przyjmować	V	imp.p1.pl	przyjmujmy
przyjmować	V	imp.p2.pl	przyjmujcie
przyjmować	V	imp.p2.sg	przyjmuj
przyjmować	V	imp.p3.pl	niech przyjmują
przyjmować	V	imp.p3.sg	niech przyjmuje
przyjmować	V	past.p1.pl	przyjmowałyśmy
przyjmować	V	past.p1.pl.m.hum	przyjmowaliśmy
przyjmować	V	past.p1.sg.f	przyjmowałam
przyjmować	V	past.p1.sg.m	przyjmowałem
przyjmować	V	past.p2.pl	przyjmowałyście
przyjmować	V	past.p2.pl.m.hum	przyjmowaliście
przyjmować	V	past.p2.sg.f	przyjmowałaś
przyjmować	V	past.p2.sg.m	przyjmowałeś
przyjmować	V	past.p3.pl	przyjmowały
przyjmować	V	past.p3.pl.m.hum	przyjmowali
przyjmować	V	past.p3.sg.f	przyjmowała
przyjmować	V	past.p3.sg.m	przyjmował
przyjmować	V	past.p3.sg.n	przyjmowało
przyjmować	V	pres.p1.pl	przyjmujemy
przyjmować	V	pres.p1.sg	przyjmuję
przyjmować	V	pres.p2.pl	przyjmujecie
przyjmować	V	pres.p2.sg	przyjmujesz
przyjmować	V	pres.p3.pl	przyjmują
przyjmować	V	pres.p3.sg	przyjmuje
przykład	N	pl.acc	przykłady
przykład	N	pl.dat	przykładom
przykład	N	pl.gen	przykładów
przykład	N	pl.ins	przykładami
przykład	N	pl.loc	przykładach
przykład	N	pl.nom	przykłady
przykład	N	pl.voc	przykłady
przykład	N	sg.acc	przykład
przykład	N	sg.dat	przykładowi
przykład	N	sg.gen	przykładu
przykład	N	sg.ins	przykładem
przykład	N	sg.loc	przykładzie
przykład	N	sg.nom	przykład
przykład	N	sg.voc	przykładzie
przynieść	V	cond.p1.pl	przyniosłybyśmy
przynieść	V	cond.p1.pl.m.hum	przynieślibyśmy
przynieść	V	cond.p1.sg.f	przyniosłabym
przynieść	V	cond.p1.sg.m	przyniósłbym
przynieść	V	cond.p2.pl	przyniosłybyście
przynieść	V	cond.p2.pl.m.hum	przynieślibyście
przynieść	V	cond.p2.sg.f	przyniosłabyś
przynieść	V	cond.p2.sg.m	przyniósłbyś
przynieść	V	cond.p3.pl	przyniosłyby
przynieść	V	cond.p3.pl.m.hum	przynieśliby
przynieść	V	cond.p3.sg.f	przyniosłaby
przynieść	V	cond.p3.sg.m	przyniósłby
przynieść	V	cond.p3.sg.n	przyniosłoby
przynieść	V	fut.p1.pl	przyniesiemy
przynieść	V	fut.p1.sg	przyniosę
przynieść	V	fut.p2.pl	przyniesiecie
przynieść	V	fut.p2.sg	przyniesiesz
przynieść	V	fut.p3.pl	przyniosą
przynieść	V	fut.p3.sg	przyniesie
przynieść	V	imp.p1.pl	przynieśmy
przynieść	V	imp.p1.sg	niech przyniosę
przynieść	V	imp.p2.pl	przynieście
przynieść	V	imp.p2.sg	przynieś
przynieść	V	imp.p3.pl	niech przyniosą
przynieść	V	imp.p3.sg	niech przyniesie
przynieść	V	past.p1.pl	przyniosłyśmy
przynieść	V	past.p1.pl.m.hum	przynieśliśmy
przynieść	V	past.p1.sg.f	przyniosłam
przynieść	V	past.p1.sg.m	przyniosłem
przynieść	V	past.p2.pl	przyniosłyście
przynieść	V	past.p2.pl.m.hum	przynieśliście
przynieść	V	past.p2.sg.f	przyniosłaś
przynieść	V	past.p2.sg.m	przyniosłeś
przynieść	V	past.p3.pl	przyniosły
przynieść	V	past.p3.pl.m.hum	przynieśli
przynieść	V	past.p3.sg.f	przyniosła
przynieść	V	past.p3.sg.m	przyniósł
przynieść	V	past.p3.sg.n	przyniosło
przynosić	V	cond.p1.pl	przynosiłybyśmy
przynosić	V	cond.p1.pl.m.hum	przynosilibyśmy
przynosić	V	cond.p1.sg.f	przynosiłabym
przynosić	V	cond.p1.sg.m	przynosiłbym
przynosić	V	cond.p2.pl	przynosiłybyście
przynosić	V	cond.p2.pl.m.hum	przynosilibyście
przynosić	V	cond.p2.sg.f	przynosiłabyś
przynosić	V	cond.p2.sg.m	przynosiłbyś
przynosić	V	cond.p3.pl	przynosiłyby
przynosić	V	cond.p3.pl.m.hum	przynosiliby
przynosić	V	cond.p3.sg.f	przynosiłaby
przynosić	V	cond.p3.sg.m	przynosiłby
przynosić	V	cond.p3.sg.n	przynosiłoby
przynosić	V	fut.p1.pl	będziemy przynosiły
przynosić	V	fut.p1.pl.m.hum	będziemy przynosili
przynosić	V	fut.p1.sg.f	będę przynosiła
przynosić	V	fut.p1.sg.m	będę przynosił
przynosić	V	fut.p2.pl	będziecie przynosiły
przynosić	V	fut.p2.pl.m.hum	będziecie przynosili
przynosić	V	fut.p2.sg.f	będziesz przynosiła
przynosić	V	fut.p2.sg.m	będziesz przynosił
przynosić	V	fut.p3.pl	będą przynosiły
przynosić	V	fut.p3.pl.m.hum	będą przynosili
przynosić	V	fut.p3.sg.f	będzie przynosiła
przynosić	V	fut.p3.sg.m	będzie przynosił
przynosić	V	fut.p3.sg.n	będzie przynosiło
przynosić	V	imp.p1.pl	przynośmy
przynosić	V	imp.p2.pl	przynoście
przynosić	V	imp.p2.sg	przynoś
przynosić	V	imp.p3.pl	niech przynoszą
przynosić	V	imp.p3.sg	niech przynosi
przynosić	V	past.p1.pl	przynosiłyśmy
przynosić	V	past.p1.pl.m.hum	przynosiliśmy
przynosić	V	past.p1.sg.f	przynosiłam
przynosić	V	past.p1.sg.m	przynosiłem
przynosić	V	past.p2.pl	przynosiłyście
przynosić	V	past.p2.pl.m.hum	przynosiliście
przynosić	V	past.p2.sg.f	przynosiłaś
przynosić	V	past.p2.sg.m	przynosiłeś
przynosić	V	past.p3.pl	przynosiły
przynosić	V	past.p3.pl.m.hum	przynosili
przynosić	V	past.p3.sg.f	przynosiła
przynosić	V	past.p3.sg.m	przynosił
przynosić	V	past.p3.sg.n	przynosiło
przynosić	V	pres.p1.pl	przynosimy
przynosić	V	pres.p1.sg	przynoszę
przynosić	V	pres.p2.pl	przynosicie
przynosić	V	pres.p2.sg	przynosisz
przynosić	V	pres.p3.pl	przynoszą
przynosić	V	pres.p3.sg	przynosi
przypominać	V	cond.p1.pl	przypominałybyśmy
przypominać	V	cond.p1.pl.m.hum	przypominalibyśmy
przypominać	V	cond.p1.sg.f	przypominałabym
przypominać	V	cond.p1.sg.m	przypominałbym
przypominać	V	cond.p2.pl	przypominałybyście
przypominać	V	cond.p2.pl.m.hum	przypominalibyście
przypominać	V	cond.p2.sg.f	przypominałabyś
przypominać	V	cond.p2.sg.m	przypominałbyś
przypominać	V	cond.p3.pl	przypominałyby
przypominać	V	cond.p3.pl.m.hum	przypominaliby
przypominać	V	cond.p3.sg.f	przypominałaby
przypominać	V	cond.p3.sg.m	przypominałby
przypominać	V	cond.p3.sg.n	przypominałoby
przypominać	V	fut.p1.pl	będziemy przypominały
przypominać	V	fut.p1.pl.m.hum	będziemy przypominali
przypominać	V	fut.p1.sg.f	będę przypominała
przypominać	V	fut.p1.sg.m	będę przypominał
przypominać	V	fut.p2.pl	będziecie przypominały
przypominać	V	fut.p2.pl.m.hum	będziecie przypominali
przypominać	V	fut.p2.sg.f	będziesz przypominała
przypominać	V	fut.p2.sg.m	będziesz przypominał
przypominać	V	fut.p3.pl	będą przypominały
przypominać	V	fut.p3.pl.m.hum	będą przypominali
przypominać	V	fut.p3.sg.f	będzie przypominała
przypominać	V	fut.p3.sg.m	będzie przypominał
przypominać	V	fut.p3.sg.n	będzie przypominało
przypominać	V	imp.p1.pl	przypominajmy
przypominać	V	imp.p2.pl	przypominajcie
przypominać	V	imp.p2.sg	przypominaj
przypominać	V	imp.p3.pl	niech przypominają
przypominać	V	imp.p3.sg	niech przypomina
przypominać	V	past.p1.pl	przypominałyśmy
przypominać	V	past.p1.pl.m.hum	przypominaliśmy
przypominać	V	past.p1.sg.f	przypominałam
przypominać	V	past.p1.sg.m	przypominałem
przypominać	V	past.p2.pl	przypominałyście
przypominać	V	past.p2.pl.m.hum	przypominaliście
przypominać	V	past.p2.sg.f	przypominałaś
przypominać	V	past.p2.sg.m	przypominałeś
przypominać	V	past.p3.pl	przypominały
przypominać	V	past.p3.pl.m.hum	przypominali
przypominać	V	past.p3.sg.f	przypominała
przypominać	V	past.p3.sg.m	przypominał
przypominać	V	past.p3.sg.n	przypominało
przypominać	V	pres.p1.pl	przypominamy
przypominać	V	pres.p1.sg	przypominam
przypominać	V	pres.p2.pl	przypominacie
przypominać	V	pres.p2.sg	przypominasz
przypominać	V	pres.p3.pl	przypominają
przypominać	V	pres.p3.sg	przypomina
przypomnieć	V	cond.p1.pl	przypomniałybyśmy
przypomnieć	V	cond.p1.pl.m.hum	przypomnielibyśmy
przypomnieć	V	cond.p1.sg.f	przypomniałabym
przypomnieć	V	cond.p1.sg.m	przypomniałbym
przypomnieć	V	cond.p2.pl	przypomniałybyście
przypomnieć	V	cond.p2.pl.m.hum	przypomnielibyście
przypomnieć	V	cond.p2.sg.f	przypomniałabyś
przypomnieć	V	cond.p2.sg.m	przypomniałbyś
przypomnieć	V	cond.p3.pl	przypomniałyby
przypomnieć	V	cond.p3.pl.m.hum	przypomnieliby
przypomnieć	V	cond.p3.sg.f	przypomniałaby
przypomnieć	V	cond.p3.sg.m	przypomniałby
przypomnieć	V	cond.p3.sg.n	przypomniałoby
przypomnieć	V	fut.p1.pl	przypomnimy
przypomnieć	V	fut.p1.sg	przypomnę
przypomnieć	V	fut.p2.pl	przypomnicie
przypomnieć	V	fut.p2.sg	przypomnisz
przypomnieć	V	fut.p3.pl	przypomną
przypomnieć	V	fut.p3.sg	przypomni
przypomnieć	V	imp.p1.pl	przypomnijmy
przypomnieć	V	imp.p1.sg	niech przypomnę
przypomnieć	V	imp.p2.pl	przypomnijcie
przypomnieć	V	imp.p2.sg	przypomnij
przypomnieć	V	imp.p3.pl	niech przypomną
przypomnieć	V	imp.p3.sg	niech przypomni
przypomnieć	V	past.p1.pl	przypomniałyśmy
przypomnieć	V	past.p1.pl.m.hum	przypomnieliśmy
przypomnieć	V	past.p1.sg.f	przypomniałam
przypomnieć	V	past.p1.sg.m	przypomniałem
przypomnieć	V	past.p2.pl	przypomniałyście
przypomnieć	V	past.p2.pl.m.hum	przypomnieliście
przypomnieć	V	past.p2.sg.f	przypomniałaś
przypomnieć	V	past.p2.sg.m	przypomniałeś
przypomnieć	V	past.p3.pl	przypomniały
przypomnieć	V	past.p3.pl.m.hum	przypomnieli
przypomnieć	V	past.p3.sg.f	przypomniała
przypomnieć	V	past.p3.sg.m	przypomniał
przypomnieć	V	past.p3.sg.n	przypomniało
przypuszczać	V	cond.p1.pl	przypuszczałybyśmy
przypuszczać	V	cond.p1.pl.m.hum	przypuszczalibyśmy
przypuszczać	V	cond.p1.sg.f	przypuszczałabym
przypuszczać	V	cond.p1.sg.m	przypuszczałbym
przypuszczać	V	cond.p2.pl	przypuszczałybyście
przypuszczać	V	cond.p2.pl.m.hum	przypuszczalibyście
przypuszczać	V	cond.p2.sg.f	przypuszczałabyś
przypuszczać	V	cond.p2.sg.m	przypuszczałbyś
przypuszczać	V	cond.p3.pl	przypuszczałyby
przypuszczać	V	cond.p3.pl.m.hum	przypuszczaliby
przypuszczać	V	cond.p3.sg.f	przypuszczałaby
przypuszczać	V	cond.p3.sg.m	przypuszczałby
przypuszczać	V	cond.p3.sg.n	przypuszczałoby
przypuszczać	V	fut.p1.pl	będziemy przypuszczały
przypuszczać	V	fut.p1.pl.m.hum	będziemy przypuszczali
przypuszczać	V	fut.p1.sg.f	będę przypuszczała
przypuszczać	V	fut.p1.sg.m	będę przypuszczał
przypuszczać	V	fut.p2.pl	będziecie przypuszczały
przypuszczać	V	fut.p2.pl.m.hum	będziecie przypuszczali
przypuszczać	V	fut.p2.sg.f	będziesz przypuszczała
przypuszczać	V	fut.p2.sg.m	będziesz przypuszczał
przypuszczać	V	fut.p3.pl	będą przypuszczały
przypuszczać	V	fut.p3.pl.m.hum	będą przypuszczali
przypuszczać	V	fut.p3.sg.f	będzie przypuszczała
przypuszczać	V	fut.p3.sg.m	będzie przypuszczał
przypuszczać	V	fut.p3.sg.n	będzie przypuszczało
przypuszczać	V	imp.p1.pl	przypuszczajmy
przypuszczać	V	imp.p2.pl	przypuszczajcie
przypuszczać	V	imp.p2.sg	przypuszczaj
przypuszczać	V	imp.p3.pl	niech przypuszczają
przypuszczać	V	imp.p3.sg	niech przypuszcza
przypuszczać	V	past.p1.pl	przypuszczałyśmy
przypuszczać	V	past.p1.pl.m.hum	przypuszczaliśmy
przypuszczać	V	past.p1.sg.f	przypuszczałam
przypuszczać	V	past.p1.sg.m	przypuszczałem
przypuszczać	V	past.p2.pl	przypuszczałyście
przypuszczać	V	past.p2.pl.m.hum	przypuszczaliście
przypuszczać	V	past.p2.sg.f	przypuszczałaś
przypuszczać	V	past.p2.sg.m	przypuszczałeś
przypuszczać	V	past.p3.pl	przypuszczały
przypuszczać	V	past.p3.pl.m.hum	przypuszczali
przypuszczać	V	past.p3.sg.f	przypuszczała
przypuszczać	V	past.p3.sg.m	przypuszczał
przypuszczać	V	past.p3.sg.n	przypuszczało
przypuszczać	V	pres.p1.pl	przypuszczamy
przypuszczać	V	pres.p1.sg	przypuszczam
przypuszczać	V	pres.p2.pl	przypuszczacie
przypuszczać	V	pres.p2.sg	przypuszczasz
przypuszczać	V	pres.p3.pl	przypuszczają
przypuszczać	V	pres.p3.sg	przypuszcza
przysięgać	V	cond.p1.pl	przysięgałybyśmy
przysięgać	V	cond.p1.pl.m.hum	przysięgalibyśmy
przysięgać	V	cond.p1.sg.f	przysięgałabym
przysięgać	V	cond.p1.sg.m	przysięgałbym
przysięgać	V	cond.p2.pl	przysięgałybyście
przysięgać	V	cond.p2.pl.m.hum	przysięgalibyście
przysięgać	V	cond.p2.sg.f	przysięgałabyś
przysięgać	V	cond.p2.sg.m	przysięgałbyś
przysięgać	V	cond.p3.pl	przysięgałyby
przysięgać	V	cond.p3.pl.m.hum	przysięgaliby
przysięgać	V	cond.p3.sg.f	przysięgałaby
przysięgać	V	cond.p3.sg.m	przysięgałby
przysięgać	V	cond.p3.sg.n	przysięgałoby
przysięgać	V	fut.p1.pl	będziemy przysięgały
przysięgać	V	fut.p1.pl.m.hum	będziemy przysięgali
przysięgać	V	fut.p1.sg.f	będę przysięgała
przysięgać	V	fut.p1.sg.m	będę przysięgał
przysięgać	V	fut.p2.pl	będziecie przysięgały
przysięgać	V	fut.p2.pl.m.hum	będziecie przysięgali
przysięgać	V	fut.p2.sg.f	będziesz przysięgała
przysięgać	V	fut.p2.sg.m	będziesz przysięgał
przysięgać	V	fut.p3.pl	będą przysięgały
przysięgać	V	fut.p3.pl.m.hum	będą przysięgali
przysięgać	V	fut.p3.sg.f	będzie przysięgała
przysięgać	V	fut.p3.sg.m	będzie przysięgał
przysięgać	V	fut.p3.sg.n	będzie przysięgało
przysięgać	V	imp.p1.pl	przysięgajmy
przysięgać	V	imp.p2.pl	przysięgajcie
przysięgać	V	imp.p2.sg	przysięgaj
przysięgać	V	imp.p3.pl	niech przysięgają
przysięgać	V	imp.p3.sg	niech przysięga
przysięgać	V	past.p1.pl	przysięgałyśmy
przysięgać	V	past.p1.pl.m.hum	przysięgaliśmy
przysięgać	V	past.p1.sg.f	przysięgałam
przysięgać	V	past.p1.sg.m	przysięgałem
przysięgać	V	past.p2.pl	przysięgałyście
przysięgać	V	past.p2.pl.m.hum	przysięgaliście
przysięgać	V	past.p2.sg.f	przysięgałaś
przysięgać	V	past.p2.sg.m	przysięgałeś
przysięgać	V	past.p3.pl	przysięgały
przysięgać	V	past.p3.pl.m.hum	przysięgali
przysięgać	V	past.p3.sg.f	przysięgała
przysięgać	V	past.p3.sg.m	przysięgał
przysięgać	V	past.p3.sg.n	przysięgało
przysięgać	V	pres.p1.pl	przysięgamy
przysięgać	V	pres.p1.sg	przysięgam
przysięgać	V	pres.p2.pl	przysięgacie
przysięgać	V	pres.p2.sg	przysięgasz
przysięgać	V	pres.p3.pl	przysięgają
przysięgać	V	pres.p3.sg	przysięga
przyszły	A	pl.acc	przyszłe
przyszły	A	pl.dat	przyszłym
przyszły	A	pl.gen	przyszłych
przyszły	A	pl.ins	przyszłymi
przyszły	A	pl.loc	przyszłych
przyszły	A	pl.m.hum.acc	przyszłych
przyszły	A	pl.m.hum.nom	przyszli
przyszły	A	pl.nom	przyszłe
przyszły	A	sg.f.acc	przyszłą
przyszły	A	sg.f.dat	przyszłej
przyszły	A	sg.f.gen	przyszłej
przyszły	A	sg.f.ins	przyszłą
przyszły	A	sg.f.loc	przyszłej
przyszły	A	sg.f.nom	przyszła
przyszły	A	sg.m.anim.acc	przyszłego
przyszły	A	sg.m.dat	przyszłemu
przyszły	A	sg.m.gen	przyszłego
przyszły	A	sg.m.hum.acc	przyszłego
przyszły	A	sg.m.inan.acc	przyszły
przyszły	A	sg.m.ins	przyszłym
przyszły	A	sg.m.loc	przyszłym
przyszły	A	sg.m.nom	przyszły
przyszły	A	sg.n.acc	przyszłe
przyszły	A	sg.n.dat	przyszłemu
przyszły	A	sg.n.gen	przyszłego
przyszły	A	sg.n.ins	przyszłym
przyszły	A	sg.n.loc	przyszłym
przyszły	A	sg.n.nom	przyszłe
ptak	N	pl.acc	ptaki
ptak	N	pl.dat	ptakom
ptak	N	pl.gen	ptaków
ptak	N	pl.ins	ptakami
ptak	N	pl.loc	ptakach
ptak	N	pl.nom	ptaki
ptak	N	pl.voc	ptaki
ptak	N	sg.acc	ptaka
ptak	N	sg.dat	ptakowi
ptak	N	sg.gen	ptaka
ptak	N	sg.ins	ptakiem
ptak	N	sg.loc	ptaku
ptak	N	sg.nom	ptak
ptak	N	sg.voc	ptaku
publiczny	A	pl.acc	publiczne
publiczny	A	pl.dat	publicznym
publiczny	A	pl.gen	publicznych
publiczny	A	pl.ins	publicznymi
publiczny	A	pl.loc	publicznych
publiczny	A	pl.m.hum.acc	publicznych
publiczny	A	pl.m.hum.nom	publiczni
publiczny	A	pl.nom	publiczne
publiczny	A	sg.f.acc	publiczną
publiczny	A	sg.f.dat	publicznej
publiczny	A	sg.f.gen	publicznej
publiczny	A	sg.f.ins	publiczną
publiczny	A	sg.f.loc	publicznej
publiczny	A	sg.f.nom	publiczna
publiczny	A	sg.m.anim.acc	publicznego
publiczny	A	sg.m.dat	publicznemu
publiczny	A	sg.m.gen	publicznego
publiczny	A	sg.m.hum.acc	publicznego
publiczny	A	sg.m.inan.acc	publiczny
publiczny	A	sg.m.ins	publicznym
publiczny	A	sg.m.loc	publicznym
publiczny	A	sg.m.nom	publiczny
publiczny	A	sg.n.acc	publiczne
publiczny	A	sg.n.dat	publicznemu
publiczny	A	sg.n.gen	publicznego
publiczny	A	sg.n.ins	publicznym
publiczny	A	sg.n.loc	publicznym
publiczny	A	sg.n.nom	publiczne
pułapka	N	pl.acc	pułapki
pułapka	N	pl.dat	pułapkom
pułapka	N	pl.gen	pułapek
pułapka	N	pl.ins	pułapkami
pułapka	N	pl.loc	pułapkach
pułapka	N	pl.nom	pułapki
pułapka	N	pl.voc	pułapki
pułapka	N	sg.acc	pułapkę
pułapka	N	sg.dat	pułapce
pułapka	N	sg.gen	pułapki
pułapka	N	sg.ins	pułapką
pułapka	N	sg.loc	pułapce
pułapka	N	sg.nom	pułapka
pułapka	N	sg.voc	pułapko
pułkownik	N	pl.acc	pułkowników
pułkownik	N	pl.dat	pułkownikom
pułkownik	N	pl.gen	pułkowników
pułkownik	N	pl.ins	pułkownikami
pułkownik	N	pl.loc	pułkownikach
pułkownik	N	pl.nom	pułkownicy
pułkownik	N	pl.voc	pułkownicy
pułkownik	N	sg.acc	pułkownika
pułkownik	N	sg.dat	pułkownikowi
pułkownik	N	sg.gen	pułkownika
pułkownik	N	sg.ins	pułkownikiem
pułkownik	N	sg.loc	pułkowniku
pułkownik	N	sg.nom	pułkownik
pułkownik	N	sg.voc	pułkowniku
punkt	N	pl.acc	punkty
punkt	N	pl.dat	punktom
punkt	N	pl.gen	punktów
punkt	N	pl.ins	punktami
punkt	N	pl.loc	punktach
punkt	N	pl.nom	punkty
punkt	N	pl.voc	punkty
punkt	N	sg.acc	punkt
punkt	N	sg.dat	punktowi
punkt	N	sg.gen	punktu
punkt	N	sg.ins	punktem
punkt	N	sg.loc	punkcie
punkt	N	sg.nom	punkt
punkt	N	sg.voc	punkcie
puścić	V	cond.p1.pl	puściłybyśmy
puścić	V	cond.p1.pl.m.hum	puścilibyśmy
puścić	V	cond.p1.sg.f	puściłabym
puścić	V	cond.p1.sg.m	puściłbym
puścić	V	cond.p2.pl	puściłybyście
puścić	V	cond.p2.pl.m.hum	puścilibyście
puścić	V	cond.p2.sg.f	puściłabyś
puścić	V	cond.p2.sg.m	puściłbyś
puścić	V	cond.p3.pl	puściłyby
puścić	V	cond.p3.pl.m.hum	puściliby
puścić	V	cond.p3.sg.f	puściłaby
puścić	V	cond.p3.sg.m	puściłby
puścić	V	cond.p3.sg.n	puściłoby
puścić	V	fut.p1.pl	puścimy
puścić	V	fut.p1.sg	puszczę
puścić	V	fut.p2.pl	puścicie
puścić	V	fut.p2.sg	puścisz
puścić	V	fut.p3.pl	puszczą
puścić	V	fut.p3.sg	puści
puścić	V	imp.p1.pl	puśćmy
puścić	V	imp.p1.sg	niech puszczę
puścić	V	imp.p2.pl	puśćcie
puścić	V	imp.p2.sg	puść
puścić	V	imp.p3.pl	niech puszczą
puścić	V	imp.p3.sg	niech puści
puścić	V	past.p1.pl	puściłyśmy
puścić	V	past.p1.pl.m.hum	puściliśmy
puścić	V	past.p1.sg.f	puściłam
puścić	V	past.p1.sg.m	puściłem
puścić	V	past.p2.pl	puściłyście
puścić	V	past.p2.pl.m.hum	puściliście
puścić	V	past.p2.sg.f	puściłaś
puścić	V	past.p2.sg.m	puściłeś
puścić	V	past.p3.pl	puściły
puścić	V	past.p3.pl.m.hum	puścili
puścić	V	past.p3.sg.f	puściła
puścić	V	past.p3.sg.m	puścił
puścić	V	past.p3.sg.n	puściło
pusty	A	pl.acc	puste
pusty	A	pl.dat	pustym
pusty	A	pl.gen	pustych
pusty	A	pl.ins	pustymi
pusty	A	pl.loc	pustych
pusty	A	pl.m.hum.acc	pustych
pusty	A	pl.m.hum.nom	puści
pusty	A	pl.nom	puste
pusty	A	sg.f.acc	pustą
pusty	A	sg.f.dat	pustej
pusty	A	sg.f.gen	pustej
pusty	A	sg.f.ins	pustą
pusty	A	sg.f.loc	pustej
pusty	A	sg.f.nom	pusta
pusty	A	sg.m.anim.acc	pustego
pusty	A	sg.m.dat	pustemu
pusty	A	sg.m.gen	pustego
pusty	A	sg.m.hum.acc	pustego
pusty	A	sg.m.inan.acc	pusty
pusty	A	sg.m.ins	pustym
pusty	A	sg.m.loc	pustym
pusty	A	sg.m.nom	pusty
pusty	A	sg.n.acc	puste
pusty	A	sg.n.dat	pustemu
pusty	A	sg.n.gen	pustego
pusty	A	sg.n.ins	pustym
pusty	A	sg.n.loc	pustym
pusty	A	sg.n.nom	puste
pytać	V	cond.p1.pl	pytałybyśmy
pytać	V	cond.p1.pl.m.hum	pytalibyśmy
pytać	V	cond.p1.sg.f	pytałabym
pytać	V	cond.p1.sg.m	pytałbym
pytać	V	cond.p2.pl	pytałybyście
pytać	V	cond.p2.pl.m.hum	pytalibyście
pytać	V	cond.p2.sg.f	pytałabyś
pytać	V	cond.p2.sg.m	pytałbyś
pytać	V	cond.p3.pl	pytałyby
pytać	V	cond.p3.pl.m.hum	pytaliby
pytać	V	cond.p3.sg.f	pytałaby
pytać	V	cond.p3.sg.m	pytałby
pytać	V	cond.p3.sg.n	pytałoby
pytać	V	fut.p1.pl	będziemy pytały
pytać	V	fut.p1.pl.m.hum	będziemy pytali
pytać	V	fut.p1.sg.f	będę pytała
pytać	V	fut.p1.sg.m	będę pytał
pytać	V	fut.p2.pl	będziecie pytały
pytać	V	fut.p2.pl.m.hum	będziecie pytali
pytać	V	fut.p2.sg.f	będziesz pytała
pytać	V	fut.p2.sg.m	będziesz pytał
pytać	V	fut.p3.pl	będą pytały
pytać	V	fut.p3.pl.m.hum	będą pytali
pytać	V	fut.p3.sg.f	będzie pytała
pytać	V	fut.p3.sg.m	będzie pytał
pytać	V	fut.p3.sg.n	będzie pytało
pytać	V	imp.p1.pl	pytajmy
pytać	V	imp.p2.pl	pytajcie
pytać	V	imp.p2.sg	pytaj
pytać	V	imp.p3.pl	niech pytają
pytać	V	imp.p3.sg	niech pyta
pytać	V	past.p1.pl	pytałyśmy
pytać	V	past.p1.pl.m.hum	pytaliśmy
pytać	V	past.p1.sg.f	pytałam
pytać	V	past.p1.sg.m	pytałem
pytać	V	past.p2.pl	pytałyście
pytać	V	past.p2.pl.m.hum	pytaliście
pytać	V	past.p2.sg.f	pytałaś
pytać	V	past.p2.sg.m	pytałeś
pytać	V	past.p3.pl	pytały
pytać	V	past.p3.pl.m.hum	pytali
pytać	V	past.p3.sg.f	pytała
pytać	V	past.p3.sg.m	pytał
pytać	V	past.p3.sg.n	pytało
pytać	V	pres.p1.pl	pytamy
pytać	V	pres.p1.sg	pytam
pytać	V	pres.p2.pl	pytacie
pytać	V	pres.p2.sg	pytasz
pytać	V	pres.p3.pl	pytają
pytać	V	pres.p3.sg	pyta
pytanie	N	pl.acc	pytania
pytanie	N	pl.dat	pytaniom
pytanie	N	pl.gen	pytań
pytanie	N	pl.ins	pytaniami
pytanie	N	pl.loc	pytaniach
pytanie	N	pl.nom	pytania
pytanie	N	pl.voc	pytania
pytanie	N	sg.acc	pytanie
pytanie	N	sg.dat	pytaniu
pytanie	N	sg.gen	pytania
pytanie	N	sg.ins	pytaniem
pytanie	N	sg.loc	pytaniu
pytanie	N	sg.nom	pytanie
pytanie	N	sg.voc	pytanie
rachunek	N	pl.acc	rachunki
rachunek	N	pl.dat	rachunkom
rachunek	N	pl.gen	rachunków
rachunek	N	pl.ins	rachunkami
rachunek	N	pl.loc	rachunkach
rachunek	N	pl.nom	rachunki
rachunek	N	pl.voc	rachunki
rachunek	N	sg.acc	rachunek
rachunek	N	sg.dat	rachunkowi
rachunek	N	sg.gen	rachunku
rachunek	N	sg.ins	rachunkiem
rachunek	N	sg.loc	rachunku
rachunek	N	sg.nom	rachunek
rachunek	N	sg.voc	rachunku
rada	N	pl.acc	rady
rada	N	pl.dat	radom
rada	N	pl.gen	rad
rada	N	pl.ins	radami
rada	N	pl.loc	radach
rada	N	pl.nom	rady
rada	N	pl.voc	rady
rada	N	sg.acc	radę
rada	N	sg.dat	radzie
rada	N	sg.gen	rady
rada	N	sg.ins	radą
rada	N	sg.loc	radzie
rada	N	sg.nom	rada
rada	N	sg.voc	rado
radość	N	pl.acc	radości
radość	N	pl.dat	radościom
radość	N	pl.gen	radości
radość	N	pl.ins	radościami
radość	N	pl.loc	radościach
radość	N	pl.nom	radości
radość	N	pl.voc	radości
radość	N	sg.acc	radość
radość	N	sg.dat	radości
radość	N	sg.gen	radości
radość	N	sg.ins	radością
radość	N	sg.loc	radości
radość	N	sg.nom	radość
radość	N	sg.voc	radości
radzić	V	cond.p1.pl	radziłybyśmy
radzić	V	cond.p1.pl.m.hum	radzilibyśmy
radzić	V	cond.p1.sg.f	radziłabym
radzić	V	cond.p1.sg.m	radziłbym
radzić	V	cond.p2.pl	radziłybyście
radzić	V	cond.p2.pl.m.hum	radzilibyście
radzić	V	cond.p2.sg.f	radziłabyś
radzić	V	cond.p2.sg.m	radziłbyś
radzić	V	cond.p3.pl	radziłyby
radzić	V	cond.p3.pl.m.hum	radziliby
radzić	V	cond.p3.sg.f	radziłaby
radzić	V	cond.p3.sg.m	radziłby
radzić	V	cond.p3.sg.n	radziłoby
radzić	V	fut.p1.pl	będziemy radziły
radzić	V	fut.p1.pl.m.hum	będziemy radzili
radzić	V	fut.p1.sg.f	będę radziła
radzić	V	fut.p1.sg.m	będę radził
radzić	V	fut.p2.pl	będziecie radziły
radzić	V	fut.p2.pl.m.hum	będziecie radzili
radzić	V	fut.p2.sg.f	będziesz radziła
radzić	V	fut.p2.sg.m	będziesz radził
radzić	V	fut.p3.pl	będą radziły
radzić	V	fut.p3.pl.m.hum	będą radzili
radzić	V	fut.p3.sg.f	będzie radziła
radzić	V	fut.p3.sg.m	będzie radził
radzić	V	fut.p3.sg.n	będzie radziło
radzić	V	imp.p1.pl	radźmy
radzić	V	imp.p2.pl	radźcie
radzić	V	imp.p2.sg	radź
radzić	V	imp.p3.pl	niech radzą
radzić	V	imp.p3.sg	niech radzi
radzić	V	past.p1.pl	radziłyśmy
radzić	V	past.p1.pl.m.hum	radziliśmy
radzić	V	past.p1.sg.f	radziłam
radzić	V	past.p1.sg.m	radziłem
radzić	V	past.p2.pl	radziłyście
radzić	V	past.p2.pl.m.hum	radziliście
radzić	V	past.p2.sg.f	radziłaś
radzić	V	past.p2.sg.m	radziłeś
radzić	V	past.p3.pl	radziły
radzić	V	past.p3.pl.m.hum	radzili
radzić	V	past.p3.sg.f	radziła
radzić	V	past.p3.sg.m	radził
radzić	V	past.p3.sg.n	radziło
radzić	V	pres.p1.pl	radzimy
radzić	V	pres.p1.sg	radzę
radzić	V	pres.p2.pl	radzicie
radzić	V	pres.p2.sg	radzisz
radzić	V	pres.p3.pl	radzą
radzić	V	pres.p3.sg	radzi
rak	N	pl.acc	raki
rak	N	pl.dat	rakom
rak	N	pl.gen	raków
rak	N	pl.ins	rakami
rak	N	pl.loc	rakach
rak	N	pl.nom	raki
rak	N	pl.voc	raki
rak	N	sg.acc	raka
rak	N	sg.dat	rakowi
rak	N	sg.gen	raka
rak	N	sg.ins	rakiem
rak	N	sg.loc	raku
rak	N	sg.nom	rak
rak	N	sg.voc	raku
rana	N	pl.acc	rany
rana	N	pl.dat	ranom
rana	N	pl.gen	ran
rana	N	pl.ins	ranami
rana	N	pl.loc	ranach
rana	N	pl.nom	rany
rana	N	pl.voc	rany
rana	N	sg.acc	ranę
rana	N	sg.dat	ranie
rana	N	sg.gen	rany
rana	N	sg.ins	raną
rana	N	sg.loc	ranie
rana	N	sg.nom	rana
rana	N	sg.voc	rano
randka	N	pl.acc	randki
randka	N	pl.dat	randkom
randka	N	pl.gen	randek
randka	N	pl.ins	randkami
randka	N	pl.loc	randkach
randka	N	pl.nom	randki
randka	N	pl.voc	randki
randka	N	sg.acc	randkę
randka	N	sg.dat	randce
randka	N	sg.gen	randki
randka	N	sg.ins	randką
randka	N	sg.loc	randce
randka	N	sg.nom	randka
randka	N	sg.voc	randko
ranny	A	pl.acc	ranne
ranny	A	pl.dat	rannym
ranny	A	pl.gen	rannych
ranny	A	pl.ins	rannymi
ranny	A	pl.loc	rannych
ranny	A	pl.m.hum.acc	rannych
ranny	A	pl.m.hum.nom	ranni
ranny	A	pl.nom	ranne
ranny	A	sg.f.acc	ranną
ranny	A	sg.f.dat	rannej
ranny	A	sg.f.gen	rannej
ranny	A	sg.f.ins	ranną
ranny	A	sg.f.loc	rannej
ranny	A	sg.f.nom	ranna
ranny	A	sg.m.anim.acc	rannego
ranny	A	sg.m.dat	rannemu
ranny	A	sg.m.gen	rannego
ranny	A	sg.m.hum.acc	rannego
ranny	A	sg.m.inan.acc	ranny
ranny	A	sg.m.ins	rannym
ranny	A	sg.m.loc	rannym
ranny	A	sg.m.nom	ranny
ranny	A	sg.n.acc	ranne
ranny	A	sg.n.dat	rannemu
ranny	A	sg.n.gen	rannego
ranny	A	sg.n.ins	rannym
ranny	A	sg.n.loc	rannym
ranny	A	sg.n.nom	ranne
rano	N	pl.acc	rana
rano	N	pl.dat	ranom
rano	N	pl.gen	ran
rano	N	pl.ins	ranami
rano	N	pl.loc	ranach
rano	N	pl.nom	rana
rano	N	pl.voc	rana
rano	N	sg.acc	rano
rano	N	sg.dat	ranu
rano	N	sg.gen	rana
rano	N	sg.ins	ranem
rano	N	sg.loc	ranie
rano	N	sg.nom	rano
rano	N	sg.voc	rano
raport	N	pl.acc	raporty
raport	N	pl.dat	raportom
raport	N	pl.gen	raportów
raport	N	pl.ins	raportami
raport	N	pl.loc	raportach
raport	N	pl.nom	raporty
raport	N	pl.voc	raporty
raport	N	sg.acc	raport
raport	N	sg.dat	raportowi
raport	N	sg.gen	raportu
raport	N	sg.ins	raportem
raport	N	sg.loc	raporcie
raport	N	sg.nom	raport
raport	N	sg.voc	raporcie
ratować	V	cond.p1.pl	ratowałybyśmy
ratować	V	cond.p1.pl.m.hum	ratowalibyśmy
ratować	V	cond.p1.sg.f	ratowałabym
ratować	V	cond.p1.sg.m	ratowałbym
ratować	V	cond.p2.pl	ratowałybyście
ratować	V	cond.p2.pl.m.hum	ratowalibyście
ratować	V	cond.p2.sg.f	ratowałabyś
ratować	V	cond.p2.sg.m	ratowałbyś
ratować	V	cond.p3.pl	ratowałyby
ratować	V	cond.p3.pl.m.hum	ratowaliby
ratować	V	cond.p3.sg.f	ratowałaby
ratować	V	cond.p3.sg.m	ratowałby
ratować	V	cond.p3.sg.n	ratowałoby
ratować	V	fut.p1.pl	będziemy ratowały
ratować	V	fut.p1.pl.m.hum	będziemy ratowali
ratować	V	fut.p1.sg.f	będę ratowała
ratować	V	fut.p1.sg.m	będę ratował
ratować	V	fut.p2.pl	będziecie ratowały
ratować	V	fut.p2.pl.m.hum	będziecie ratowali
ratować	V	fut.p2.sg.f	będziesz ratowała
ratować	V	fut.p2.sg.m	będziesz ratował
ratować	V	fut.p3.pl	będą ratowały
ratować	V	fut.p3.pl.m.hum	będą ratowali
ratować	V	fut.p3.sg.f	będzie ratowała
ratować	V	fut.p3.sg.m	będzie ratował
ratować	V	fut.p3.sg.n	będzie ratowało
ratować	V	imp.p1.pl	ratujmy
ratować	V	imp.p2.pl	ratujcie
ratować	V	imp.p2.sg	ratuj
ratować	V	imp.p3.pl	niech ratują
ratować	V	imp.p3.sg	niech ratuje
ratować	V	past.p1.pl	ratowałyśmy
ratować	V	past.p1.pl.m.hum	ratowaliśmy
ratować	V	past.p1.sg.f	ratowałam
ratować	V	past.p1.sg.m	ratowałem
ratować	V	past.p2.pl	ratowałyście
ratować	V	past.p2.pl.m.hum	ratowaliście
ratować	V	past.p2.sg.f	ratowałaś
ratować	V	past.p2.sg.m	ratowałeś
ratować	V	past.p3.pl	ratowały
ratować	V	past.p3.pl.m.hum	ratowali
ratować	V	past.p3.sg.f	ratowała
ratować	V	past.p3.sg.m	ratował
ratować	V	past.p3.sg.n	ratowało
ratować	V	pres.p1.pl	ratujemy
ratować	V	pres.p1.sg	ratuję
ratować	V	pres.p2.pl	ratujecie
ratować	V	pres.p2.sg	ratujesz
ratować	V	pres.p3.pl	ratują
ratować	V	pres.p3.sg	ratuje
raz	N	pl.acc	razy
raz	N	pl.dat	razom
raz	N	pl.gen	razów
raz	N	pl.ins	razami
raz	N	pl.loc	razach
raz	N	pl.nom	razy
raz	N	pl.voc	razy
raz	N	sg.acc	raz
raz	N	sg.dat	razowi
raz	N	sg.gen	razu
raz	N	sg.ins	razem
raz	N	sg.loc	razie
raz	N	sg.nom	raz
raz	N	sg.voc	razie
restauracja	N	pl.acc	restauracje
restauracja	N	pl.dat	restauracjom
restauracja	N	pl.gen	restauracji
restauracja	N	pl.ins	restauracjami
restauracja	N	pl.loc	restauracjach
restauracja	N	pl.nom	restauracje
restauracja	N	pl.voc	restauracje
restauracja	N	sg.acc	restaurację
restauracja	N	sg.dat	restauracji
restauracja	N	sg.gen	restauracji
restauracja	N	sg.ins	restauracją
restauracja	N	sg.loc	restauracji
restauracja	N	sg.nom	restauracja
restauracja	N	sg.voc	restauracjo
reszta	N	pl.acc	reszty
reszta	N	pl.dat	resztom
reszta	N	pl.gen	reszt
reszta	N	pl.ins	resztami
reszta	N	pl.loc	resztach
reszta	N	pl.nom	reszty
reszta	N	pl.voc	reszty
reszta	N	sg.acc	resztę
reszta	N	sg.dat	reszcie
reszta	N	sg.gen	reszty
reszta	N	sg.ins	resztą
reszta	N	sg.loc	reszcie
reszta	N	sg.nom	reszta
reszta	N	sg.voc	reszto
robić	V	cond.p1.pl	robiłybyśmy
robić	V	cond.p1.pl.m.hum	robilibyśmy
robić	V	cond.p1.sg.f	robiłabym
robić	V	cond.p1.sg.m	robiłbym
robić	V	cond.p2.pl	robiłybyście
robić	V	cond.p2.pl.m.hum	robilibyście
robić	V	cond.p2.sg.f	robiłabyś
robić	V	cond.p2.sg.m	robiłbyś
robić	V	cond.p3.pl	robiłyby
robić	V	cond.p3.pl.m.hum	robiliby
robić	V	cond.p3.sg.f	robiłaby
robić	V	cond.p3.sg.m	robiłby
robić	V	cond.p3.sg.n	robiłoby
robić	V	fut.p1.pl	będziemy robiły
robić	V	fut.p1.pl.m.hum	będziemy robili
robić	V	fut.p1.sg.f	będę robiła
robić	V	fut.p1.sg.m	będę robił
robić	V	fut.p2.pl	będziecie robiły
robić	V	fut.p2.pl.m.hum	będziecie robili
robić	V	fut.p2.sg.f	będziesz robiła
robić	V	fut.p2.sg.m	będziesz robił
robić	V	fut.p3.pl	będą robiły
robić	V	fut.p3.pl.m.hum	będą robili
robić	V	fut.p3.sg.f	będzie robiła
robić	V	fut.p3.sg.m	będzie robił
robić	V	fut.p3.sg.n	będzie robiło
robić	V	imp.p1.pl	róbmy
robić	V	imp.p2.pl	róbcie
robić	V	imp.p2.sg	rób
robić	V	imp.p3.pl	niech robią
robić	V	imp.p3.sg	niech robi
robić	V	past.p1.pl	robiłyśmy
robić	V	past.p1.pl.m.hum	robiliśmy
robić	V	past.p1.sg.f	robiłam
robić	V	past.p1.sg.m	robiłem
robić	V	past.p2.pl	robiłyście
robić	V	past.p2.pl.m.hum	robiliście
robić	V	past.p2.sg.f	robiłaś
robić	V	past.p2.sg.m	robiłeś
robić	V	past.p3.pl	robiły
robić	V	past.p3.pl.m.hum	robili
robić	V	past.p3.sg.f	robiła
robić	V	past.p3.sg.m	robił
robić	V	past.p3.sg.n	robiło
robić	V	pres.p1.pl	robimy
robić	V	pres.p1.sg	robię
robić	V	pres.p2.pl	robicie
robić	V	pres.p2.sg	robisz
robić	V	pres.p3.pl	robią
robić	V	pres.p3.sg	robi
robot	N	pl.acc	roboty
robot	N	pl.dat	robotom
robot	N	pl.gen	robotów
robot	N	pl.ins	robotami
robot	N	pl.loc	robotach
robot	N	pl.nom	roboty
robot	N	pl.voc	roboty
robot	N	sg.acc	robota
robot	N	sg.dat	robotowi
robot	N	sg.gen	robota
robot	N	sg.ins	robotem
robot	N	sg.loc	robocie
robot	N	sg.nom	robot
robot	N	sg.voc	robocie
robota	N	pl.acc	roboty
robota	N	pl.dat	robotom
robota	N	pl.gen	robót
robota	N	pl.ins	robotami
robota	N	pl.loc	robotach
robota	N	pl.nom	roboty
robota	N	pl.voc	roboty
robota	N	sg.acc	robotę
robota	N	sg.dat	robocie
robota	N	sg.gen	roboty
robota	N	sg.ins	robotą
robota	N	sg.loc	robocie
robota	N	sg.nom	robota
robota	N	sg.voc	roboto
rodzaj	N	pl.acc	rodzaje
rodzaj	N	pl.dat	rodzajom
rodzaj	N	pl.gen	rodzajów
rodzaj	N	pl.ins	rodzajami
rodzaj	N	pl.loc	rodzajach
rodzaj	N	pl.nom	rodzaje
rodzaj	N	pl.voc	rodzaje
rodzaj	N	sg.acc	rodzaj
rodzaj	N	sg.dat	rodzajowi
rodzaj	N	sg.gen	rodzaju
rodzaj	N	sg.ins	rodzajem
rodzaj	N	sg.loc	rodzaju
rodzaj	N	sg.nom	rodzaj
rodzaj	N	sg.voc	rodzaju
rodzina	N	pl.acc	rodziny
rodzina	N	pl.dat	rodzinom
rodzina	N	pl.gen	rodzin
rodzina	N	pl.ins	rodzinami
rodzina	N	pl.loc	rodzinach
rodzina	N	pl.nom	rodziny
rodzina	N	pl.voc	rodziny
rodzina	N	sg.acc	rodzinę
rodzina	N	sg.dat	rodzinie
rodzina	N	sg.gen	rodziny
rodzina	N	sg.ins	rodziną
rodzina	N	sg.loc	rodzinie
rodzina	N	sg.nom	rodzina
rodzina	N	sg.voc	rodzino
rodzinny	A	pl.acc	rodzinne
rodzinny	A	pl.dat	rodzinnym
rodzinny	A	pl.gen	rodzinnych
rodzinny	A	pl.ins	rodzinnymi
rodzinny	A	pl.loc	rodzinnych
rodzinny	A	pl.m.hum.acc	rodzinnych
rodzinny	A	pl.m.hum.nom	rodzinni
rodzinny	A	pl.nom	rodzinne
rodzinny	A	sg.f.acc	rodzinną
rodzinny	A	sg.f.dat	rodzinnej
rodzinny	A	sg.f.gen	rodzinnej
rodzinny	A	sg.f.ins	rodzinną
rodzinny	A	sg.f.loc	rodzinnej
rodzinny	A	sg.f.nom	rodzinna
rodzinny	A	sg.m.anim.acc	rodzinnego
rodzinny	A	sg.m.dat	rodzinnemu
rodzinny	A	sg.m.gen	rodzinnego
rodzinny	A	sg.m.hum.acc	rodzinnego
rodzinny	A	sg.m.inan.acc	rodzinny
rodzinny	A	sg.m.ins	rodzinnym
rodzinny	A	sg.m.loc	rodzinnym
rodzinny	A	sg.m.nom	rodzinny
rodzinny	A	sg.n.acc	rodzinne
rodzinny	A	sg.n.dat	rodzinnemu
rodzinny	A	sg.n.gen	rodzinnego
rodzinny	A	sg.n.ins	rodzinnym
rodzinny	A	sg.n.loc	rodzinnym
rodzinny	A	sg.n.nom	rodzinne
róg	N	pl.acc	rogi
róg	N	pl.dat	rogom
róg	N	pl.gen	rogów
róg	N	pl.ins	rogami
róg	N	pl.loc	rogach
róg	N	pl.nom	rogi
róg	N	pl.voc	rogi
róg	N	sg.acc	róg
róg	N	sg.dat	rogowi
róg	N	sg.gen	rogu
róg	N	sg.ins	rogiem
róg	N	sg.loc	rogu
róg	N	sg.nom	róg
róg	N	sg.voc	rogu
rozkaz	N	pl.acc	rozkazy
rozkaz	N	pl.dat	rozkazom
rozkaz	N	pl.gen	rozkazów
rozkaz	N	pl.ins	rozkazami
rozkaz	N	pl.loc	rozkazach
rozkaz	N	pl.nom	rozkazy
rozkaz	N	pl.voc	rozkazy
rozkaz	N	sg.acc	rozkaz
rozkaz	N	sg.dat	rozkazowi
rozkaz	N	sg.gen	rozkazu
rozkaz	N	sg.ins	rozkazem
rozkaz	N	sg.loc	rozkazie
rozkaz	N	sg.nom	rozkaz
rozkaz	N	sg.voc	rozkazie
rozmawiać	V	cond.p1.pl	rozmawiałybyśmy
rozmawiać	V	cond.p1.pl.m.hum	rozmawialibyśmy
rozmawiać	V	cond.p1.sg.f	rozmawiałabym
rozmawiać	V	cond.p1.sg.m	rozmawiałbym
rozmawiać	V	cond.p2.pl	rozmawiałybyście
rozmawiać	V	cond.p2.pl.m.hum	rozmawialibyście
rozmawiać	V	cond.p2.sg.f	rozmawiałabyś
rozmawiać	V	cond.p2.sg.m	rozmawiałbyś
rozmawiać	V	cond.p3.pl	rozmawiałyby
rozmawiać	V	cond.p3.pl.m.hum	rozmawialiby
rozmawiać	V	cond.p3.sg.f	rozmawiałaby
rozmawiać	V	cond.p3.sg.m	rozmawiałby
rozmawiać	V	cond.p3.sg.n	rozmawiałoby
rozmawiać	V	fut.p1.pl	będziemy rozmawiały
rozmawiać	V	fut.p1.pl.m.hum	będziemy rozmawiali
rozmawiać	V	fut.p1.sg.f	będę rozmawiała
rozmawiać	V	fut.p1.sg.m	będę rozmawiał
rozmawiać	V	fut.p2.pl	będziecie rozmawiały
rozmawiać	V	fut.p2.pl.m.hum	będziecie rozmawiali
rozmawiać	V	fut.p2.sg.f	będziesz rozmawiała
rozmawiać	V	fut.p2.sg.m	będziesz rozmawiał
rozmawiać	V	fut.p3.pl	będą rozmawiały
rozmawiać	V	fut.p3.pl.m.hum	będą rozmawiali
rozmawiać	V	fut.p3.sg.f	będzie rozmawiała
rozmawiać	V	fut.p3.sg.m	będzie rozmawiał
rozmawiać	V	fut.p3.sg.n	będzie rozmawiało
rozmawiać	V	imp.p1.pl	rozmawiajmy
rozmawiać	V	imp.p2.pl	rozmawiajcie
rozmawiać	V	imp.p2.sg	rozmawiaj
rozmawiać	V	imp.p3.pl	niech rozmawiają
rozmawiać	V	imp.p3.sg	niech rozmawia
rozmawiać	V	past.p1.pl	rozmawiałyśmy
rozmawiać	V	past.p1.pl.m.hum	rozmawialiśmy
rozmawiać	V	past.p1.sg.f	rozmawiałam
rozmawiać	V	past.p1.sg.m	rozmawiałem
rozmawiać	V	past.p2.pl	rozmawiałyście
rozmawiać	V	past.p2.pl.m.hum	rozmawialiście
rozmawiać	V	past.p2.sg.f	rozmawiałaś
rozmawiać	V	past.p2.sg.m	rozmawiałeś
rozmawiać	V	past.p3.pl	rozmawiały
rozmawiać	V	past.p3.pl.m.hum	rozmawiali
rozmawiać	V	past.p3.sg.f	rozmawiała
rozmawiać	V	past.p3.sg.m	rozmawiał
rozmawiać	V	past.p3.sg.n	rozmawiało
rozmawiać	V	pres.p1.pl	rozmawiamy
rozmawiać	V	pres.p1.sg	rozmawiam
rozmawiać	V	pres.p2.pl	rozmawiacie
rozmawiać	V	pres.p2.sg	rozmawiasz
rozmawiać	V	pres.p3.pl	rozmawiają
rozmawiać	V	pres.p3.sg	rozmawia
rozmowa	N	pl.acc	rozmowy
rozmowa	N	pl.dat	rozmowom
rozmowa	N	pl.gen	rozmów
rozmowa	N	pl.ins	rozmowami
rozmowa	N	pl.loc	rozmowach
rozmowa	N	pl.nom	rozmowy
rozmowa	N	pl.voc	rozmowy
rozmowa	N	sg.acc	rozmowę
rozmowa	N	sg.dat	rozmowie
rozmowa	N	sg.gen	rozmowy
rozmowa	N	sg.ins	rozmową
rozmowa	N	sg.loc	rozmowie
rozmowa	N	sg.nom	rozmowa
rozmowa	N	sg.voc	rozmowo
różnica	N	pl.acc	różnice
różnica	N	pl.dat	różnicom
różnica	N	pl.gen	różnic
różnica	N	pl.ins	różnicami
różnica	N	pl.loc	różnicach
różnica	N	pl.nom	różnice
różnica	N	pl.voc	różnice
różnica	N	sg.acc	różnicę
różnica	N	sg.dat	różnicy
różnica	N	sg.gen	różnicy
różnica	N	sg.ins	różnicą
różnica	N	sg.loc	różnicy
różnica	N	sg.nom	różnica
różnica	N	sg.voc	różnico
rozum	N	pl.acc	rozumy
rozum	N	pl.dat	rozumom
rozum	N	pl.gen	rozumów
rozum	N	pl.ins	rozumami
rozum	N	pl.loc	rozumach
rozum	N	pl.nom	rozumy
rozum	N	pl.voc	rozumy
rozum	N	sg.acc	rozum
rozum	N	sg.dat	rozumowi
rozum	N	sg.gen	rozumu
rozum	N	sg.ins	rozumem
rozum	N	sg.loc	rozumie
rozum	N	sg.nom	rozum
rozum	N	sg.voc	rozumie
rozwiązać	V	cond.p1.pl	rozwiązałybyśmy
rozwiązać	V	cond.p1.pl.m.hum	rozwiązalibyśmy
rozwiązać	V	cond.p1.sg.f	rozwiązałabym
rozwiązać	V	cond.p1.sg.m	rozwiązałbym
rozwiązać	V	cond.p2.pl	rozwiązałybyście
rozwiązać	V	cond.p2.pl.m.hum	rozwiązalibyście
rozwiązać	V	cond.p2.sg.f	rozwiązałabyś
rozwiązać	V	cond.p2.sg.m	rozwiązałbyś
rozwiązać	V	cond.p3.pl	rozwiązałyby
rozwiązać	V	cond.p3.pl.m.hum	rozwiązaliby
rozwiązać	V	cond.p3.sg.f	rozwiązałaby
rozwiązać	V	cond.p3.sg.m	rozwiązałby
rozwiązać	V	cond.p3.sg.n	rozwiązałoby
rozwiązać	V	fut.p1.pl	rozwiążemy
rozwiązać	V	fut.p1.sg	rozwiążę
rozwiązać	V	fut.p2.pl	rozwiążecie
rozwiązać	V	fut.p2.sg	rozwiążesz
rozwiązać	V	fut.p3.pl	rozwiążą
rozwiązać	V	fut.p3.sg	rozwiąże
rozwiązać	V	imp.p1.pl	rozwiążmy
rozwiązać	V	imp.p1.sg	niech rozwiążę
rozwiązać	V	imp.p2.pl	rozwiążcie
rozwiązać	V	imp.p2.sg	rozwiąż
rozwiązać	V	imp.p3.pl	niech rozwiążą
rozwiązać	V	imp.p3.sg	niech rozwiąże
rozwiązać	V	past.p1.pl	rozwiązałyśmy
rozwiązać	V	past.p1.pl.m.hum	rozwiązaliśmy
rozwiązać	V	past.p1.sg.f	rozwiązałam
rozwiązać	V	past.p1.sg.m	rozwiązałem
rozwiązać	V	past.p2.pl	rozwiązałyście
rozwiązać	V	past.p2.pl.m.hum	rozwiązaliście
rozwiązać	V	past.p2.sg.f	rozwiązałaś
rozwiązać	V	past.p2.sg.m	rozwiązałeś
rozwiązać	V	past.p3.pl	rozwiązały
rozwiązać	V	past.p3.pl.m.hum	rozwiązali
rozwiązać	V	past.p3.sg.f	rozwiązała
rozwiązać	V	past.p3.sg.m	rozwiązał
rozwiązać	V	past.p3.sg.n	rozwiązało
ruch	N	pl.acc	ruchy
ruch	N	pl.dat	ruchom
ruch	N	pl.gen	ruchów
ruch	N	pl.ins	ruchami
ruch	N	pl.loc	ruchach
ruch	N	pl.nom	ruchy
ruch	N	pl.voc	ruchy
ruch	N	sg.acc	ruch
ruch	N	sg.dat	ruchowi
ruch	N	sg.gen	ruchu
ruch	N	sg.ins	ruchem
ruch	N	sg.loc	ruchu
ruch	N	sg.nom	ruch
ruch	N	sg.voc	ruchu
ruszać	V	cond.p1.pl	ruszałybyśmy
ruszać	V	cond.p1.pl.m.hum	ruszalibyśmy
ruszać	V	cond.p1.sg.f	ruszałabym
ruszać	V	cond.p1.sg.m	ruszałbym
ruszać	V	cond.p2.pl	ruszałybyście
ruszać	V	cond.p2.pl.m.hum	ruszalibyście
ruszać	V	cond.p2.sg.f	ruszałabyś
ruszać	V	cond.p2.sg.m	ruszałbyś
ruszać	V	cond.p3.pl	ruszałyby
ruszać	V	cond.p3.pl.m.hum	ruszaliby
ruszać	V	cond.p3.sg.f	ruszałaby
ruszać	V	cond.p3.sg.m	ruszałby
ruszać	V	cond.p3.sg.n	ruszałoby
ruszać	V	fut.p1.pl	będziemy ruszały
ruszać	V	fut.p1.pl.m.hum	będziemy ruszali
ruszać	V	fut.p1.sg.f	będę ruszała
ruszać	V	fut.p1.sg.m	będę ruszał
ruszać	V	fut.p2.pl	będziecie ruszały
ruszać	V	fut.p2.pl.m.hum	będziecie ruszali
ruszać	V	fut.p2.sg.f	będziesz ruszała
ruszać	V	fut.p2.sg.m	będziesz ruszał
ruszać	V	fut.p3.pl	będą ruszały
ruszać	V	fut.p3.pl.m.hum	będą ruszali
ruszać	V	fut.p3.sg.f	będzie ruszała
ruszać	V	fut.p3.sg.m	będzie ruszał
ruszać	V	fut.p3.sg.n	będzie ruszało
ruszać	V	imp.p1.pl	ruszajmy
ruszać	V	imp.p2.pl	ruszajcie
ruszać	V	imp.p2.sg	ruszaj
ruszać	V	imp.p3.pl	niech ruszają
ruszać	V	imp.p3.sg	niech rusza
ruszać	V	past.p1.pl	ruszałyśmy
ruszać	V	past.p1.pl.m.hum	ruszaliśmy
ruszać	V	past.p1.sg.f	ruszałam
ruszać	V	past.p1.sg.m	ruszałem
ruszać	V	past.p2.pl	ruszałyście
ruszać	V	past.p2.pl.m.hum	ruszaliście
ruszać	V	past.p2.sg.f	ruszałaś
ruszać	V	past.p2.sg.m	ruszałeś
ruszać	V	past.p3.pl	ruszały
ruszać	V	past.p3.pl.m.hum	ruszali
ruszać	V	past.p3.sg.f	ruszała
ruszać	V	past.p3.sg.m	ruszał
ruszać	V	past.p3.sg.n	ruszało
ruszać	V	pres.p1.pl	ruszamy
ruszać	V	pres.p1.sg	ruszam
ruszać	V	pres.p2.pl	ruszacie
ruszać	V	pres.p2.sg	ruszasz
ruszać	V	pres.p3.pl	ruszają
ruszać	V	pres.p3.sg	rusza
ruszyć	V	cond.p1.pl	ruszyłybyśmy
ruszyć	V	cond.p1.pl.m.hum	ruszylibyśmy
ruszyć	V	cond.p1.sg.f	ruszyłabym
ruszyć	V	cond.p1.sg.m	ruszyłbym
ruszyć	V	cond.p2.pl	ruszyłybyście
ruszyć	V	cond.p2.pl.m.hum	ruszylibyście
ruszyć	V	cond.p2.sg.f	ruszyłabyś
ruszyć	V	cond.p2.sg.m	ruszyłbyś
ruszyć	V	cond.p3.pl	ruszyłyby
ruszyć	V	cond.p3.pl.m.hum	ruszyliby
ruszyć	V	cond.p3.sg.f	ruszyłaby
ruszyć	V	cond.p3.sg.m	ruszyłby
ruszyć	V	cond.p3.sg.n	ruszyłoby
ruszyć	V	fut.p1.pl	ruszymy
ruszyć	V	fut.p1.sg	ruszę
ruszyć	V	fut.p2.pl	ruszycie
ruszyć	V	fut.p2.sg	ruszysz
ruszyć	V	fut.p3.pl	ruszą
ruszyć	V	fut.p3.sg	ruszy
ruszyć	V	imp.p1.pl	ruszmy
ruszyć	V	imp.p1.sg	niech ruszę
ruszyć	V	imp.p2.pl	ruszcie
ruszyć	V	imp.p2.sg	rusz
ruszyć	V	imp.p3.pl	niech ruszą
ruszyć	V	imp.p3.sg	niech ruszy
ruszyć	V	past.p1.pl	ruszyłyśmy
ruszyć	V	past.p1.pl.m.hum	ruszyliśmy
ruszyć	V	past.p1.sg.f	ruszyłam
ruszyć	V	past.p1.sg.m	ruszyłem
ruszyć	V	past.p2.pl	ruszyłyście
ruszyć	V	past.p2.pl.m.hum	ruszyliście
ruszyć	V	past.p2.sg.f	ruszyłaś
ruszyć	V	past.p2.sg.m	ruszyłeś
ruszyć	V	past.p3.pl	ruszyły
ruszyć	V	past.p3.pl.m.hum	ruszyli
ruszyć	V	past.p3.sg.f	ruszyła
ruszyć	V	past.p3.sg.m	ruszył
ruszyć	V	past.p3.sg.n	ruszyło
ryba	N	pl.acc	ryby
ryba	N	pl.dat	rybom
ryba	N	pl.gen	ryb
ryba	N	pl.ins	rybami
ryba	N	pl.loc	rybach
ryba	N	pl.nom	ryby
ryba	N	pl.voc	ryby
ryba	N	sg.acc	rybę
ryba	N	sg.dat	rybie
ryba	N	sg.gen	ryby
ryba	N	sg.ins	rybą
ryba	N	sg.loc	rybie
ryba	N	sg.nom	ryba
ryba	N	sg.voc	rybo
rządzić	V	cond.p1.pl	rządziłybyśmy
rządzić	V	cond.p1.pl.m.hum	rządzilibyśmy
rządzić	V	cond.p1.sg.f	rządziłabym
rządzić	V	cond.p1.sg.m	rządziłbym
rządzić	V	cond.p2.pl	rządziłybyście
rządzić	V	cond.p2.pl.m.hum	rządzilibyście
rządzić	V	cond.p2.sg.f	rządziłabyś
rządzić	V	cond.p2.sg.m	rządziłbyś
rządzić	V	cond.p3.pl	rządziłyby
rządzić	V	cond.p3.pl.m.hum	rządziliby
rządzić	V	cond.p3.sg.f	rządziłaby
rządzić	V	cond.p3.sg.m	rządziłby
rządzić	V	cond.p3.sg.n	rządziłoby
rządzić	V	fut.p1.pl	będziemy rządziły
rządzić	V	fut.p1.pl.m.hum	będziemy rządzili
rządzić	V	fut.p1.sg.f	będę rządziła
rządzić	V	fut.p1.sg.m	będę rządził
rządzić	V	fut.p2.pl	będziecie rządziły
rządzić	V	fut.p2.pl.m.hum	będziecie rządzili
rządzić	V	fut.p2.sg.f	będziesz rządziła
rządzić	V	fut.p2.sg.m	będziesz rządził
rządzić	V	fut.p3.pl	będą rządziły
rządzić	V	fut.p3.pl.m.hum	będą rządzili
rządzić	V	fut.p3.sg.f	będzie rządziła
rządzić	V	fut.p3.sg.m	będzie rządził
rządzić	V	fut.p3.sg.n	będzie rządziło
rządzić	V	imp.p1.pl	rządźmy
rządzić	V	imp.p2.pl	rządźcie
rządzić	V	imp.p2.sg	rządź
rządzić	V	imp.p3.pl	niech rządzą
rządzić	V	imp.p3.sg	niech rządzi
rządzić	V	past.p1.pl	rządziłyśmy
rządzić	V	past.p1.pl.m.hum	rządziliśmy
rządzić	V	past.p1.sg.f	rządziłam
rządzić	V	past.p1.sg.m	rządziłem
rządzić	V	past.p2.pl	rządziłyście
rządzić	V	past.p2.pl.m.hum	rządziliście
rządzić	V	past.p2.sg.f	rządziłaś
rządzić	V	past.p2.sg.m	rządziłeś
rządzić	V	past.p3.pl	rządziły
rządzić	V	past.p3.pl.m.hum	rządzili
rządzić	V	past.p3.sg.f	rządziła
rządzić	V	past.p3.sg.m	rządził
rządzić	V	past.p3.sg.n	rządziło
rządzić	V	pres.p1.pl	rządzimy
rządzić	V	pres.p1.sg	rządzę
rządzić	V	pres.p2.pl	rządzicie
rządzić	V	pres.p2.sg	rządzisz
rządzić	V	pres.p3.pl	rządzą
rządzić	V	pres.p3.sg	rządzi
rzec	V	cond.p1.pl	rzekłybyśmy
rzec	V	cond.p1.pl.m.hum	rzeklibyśmy
rzec	V	cond.p1.sg.f	rzekłabym
rzec	V	cond.p1.sg.m	rzekłbym
rzec	V	cond.p2.pl	rzekłybyście
rzec	V	cond.p2.pl.m.hum	rzeklibyście
rzec	V	cond.p2.sg.f	rzekłabyś
rzec	V	cond.p2.sg.m	rzekłbyś
rzec	V	cond.p3.pl	rzekłyby
rzec	V	cond.p3.pl.m.hum	rzekliby
rzec	V	cond.p3.sg.f	rzekłaby
rzec	V	cond.p3.sg.m	rzekłby
rzec	V	cond.p3.sg.n	rzekłoby
rzec	V	fut.p1.pl	rzekniemy
rzec	V	fut.p1.sg	rzeknę
rzec	V	fut.p2.pl	rzekniecie
rzec	V	fut.p2.sg	rzekniesz
rzec	V	fut.p3.pl	rzekną
rzec	V	fut.p3.sg	rzeknie
rzec	V	imp.p1.pl	rzeknijmy
rzec	V	imp.p1.sg	niech rzeknę
rzec	V	imp.p2.pl	rzeknijcie
rzec	V	imp.p2.sg	rzeknij
rzec	V	imp.p3.pl	niech rzekną
rzec	V	imp.p3.sg	niech rzeknie
rzec	V	past.p1.pl	rzekłyśmy
rzec	V	past.p1.pl.m.hum	rzekliśmy
rzec	V	past.p1.sg.f	rzekłam
rzec	V	past.p1.sg.m	rzekłem
rzec	V	past.p2.pl	rzekłyście
rzec	V	past.p2.pl.m.hum	rzekliście
rzec	V	past.p2.sg.f	rzekłaś
rzec	V	past.p2.sg.m	rzekłeś
rzec	V	past.p3.pl	rzekły
rzec	V	past.p3.pl.m.hum	rzekli
rzec	V	past.p3.sg.f	rzekła
rzec	V	past.p3.sg.m	rzekł
rzec	V	past.p3.sg.n	rzekło
rzecz	N	pl.acc	rzeczy
rzecz	N	pl.dat	rzeczom
rzecz	N	pl.gen	rzeczy
rzecz	N	pl.ins	rzeczami
rzecz	N	pl.loc	rzeczach
rzecz	N	pl.nom	rzeczy
rzecz	N	pl.voc	rzeczy
rzecz	N	sg.acc	rzecz
rzecz	N	sg.dat	rzeczy
rzecz	N	sg.gen	rzeczy
rzecz	N	sg.ins	rzeczą
rzecz	N	sg.loc	rzeczy
rzecz	N	sg.nom	rzecz
rzecz	N	sg.voc	rzeczy
rzeczywistość	N	pl.acc	rzeczywistości
rzeczywistość	N	pl.dat	rzeczywistościom
rzeczywistość	N	pl.gen	rzeczywistości
rzeczywistość	N	pl.ins	rzeczywistościami
rzeczywistość	N	pl.loc	rzeczywistościach
rzeczywistość	N	pl.nom	rzeczywistości
rzeczywistość	N	pl.voc	rzeczywistości
rzeczywistość	N	sg.acc	rzeczywistość
rzeczywistość	N	sg.dat	rzeczywistości
rzeczywistość	N	sg.gen	rzeczywistości
rzeczywistość	N	sg.ins	rzeczywistością
rzeczywistość	N	sg.loc	rzeczywistości
rzeczywistość	N	sg.nom	rzeczywistość
rzeczywistość	N	sg.voc	rzeczywistości
rzeka	N	pl.acc	rzeki
rzeka	N	pl.dat	rzekom
rzeka	N	pl.gen	rzek
rzeka	N	pl.ins	rzekami
rzeka	N	pl.loc	rzekach
rzeka	N	pl.nom	rzeki
rzeka	N	pl.voc	rzeki
rzeka	N	sg.acc	rzekę
rzeka	N	sg.dat	rzece
rzeka	N	sg.gen	rzeki
rzeka	N	sg.ins	rzeką
rzeka	N	sg.loc	rzece
rzeka	N	sg.nom	rzeka
rzeka	N	sg.voc	rzeko
rzucać	V	cond.p1.pl	rzucałybyśmy
rzucać	V	cond.p1.pl.m.hum	rzucalibyśmy
rzucać	V	cond.p1.sg.f	rzucałabym
rzucać	V	cond.p1.sg.m	rzucałbym
rzucać	V	cond.p2.pl	rzucałybyście
rzucać	V	cond.p2.pl.m.hum	rzucalibyście
rzucać	V	cond.p2.sg.f	rzucałabyś
rzucać	V	cond.p2.sg.m	rzucałbyś
rzucać	V	cond.p3.pl	rzucałyby
rzucać	V	cond.p3.pl.m.hum	rzucaliby
rzucać	V	cond.p3.sg.f	rzucałaby
rzucać	V	cond.p3.sg.m	rzucałby
rzucać	V	cond.p3.sg.n	rzucałoby
rzucać	V	fut.p1.pl	będziemy rzucały
rzucać	V	fut.p1.pl.m.hum	będziemy rzucali
rzucać	V	fut.p1.sg.f	będę rzucała
rzucać	V	fut.p1.sg.m	będę rzucał
rzucać	V	fut.p2.pl	będziecie rzucały
rzucać	V	fut.p2.pl.m.hum	będziecie rzucali
rzucać	V	fut.p2.sg.f	będziesz rzucała
rzucać	V	fut.p2.sg.m	będziesz rzucał
rzucać	V	fut.p3.pl	będą rzucały
rzucać	V	fut.p3.pl.m.hum	będą rzucali
rzucać	V	fut.p3.sg.f	będzie rzucała
rzucać	V	fut.p3.sg.m	będzie rzucał
rzucać	V	fut.p3.sg.n	będzie rzucało
rzucać	V	imp.p1.pl	rzucajmy
rzucać	V	imp.p2.pl	rzucajcie
rzucać	V	imp.p2.sg	rzucaj
rzucać	V	imp.p3.pl	niech rzucają
rzucać	V	imp.p3.sg	niech rzuca
rzucać	V	past.p1.pl	rzucałyśmy
rzucać	V	past.p1.pl.m.hum	rzucaliśmy
rzucać	V	past.p1.sg.f	rzucałam
rzucać	V	past.p1.sg.m	rzucałem
rzucać	V	past.p2.pl	rzucałyście
rzucać	V	past.p2.pl.m.hum	rzucaliście
rzucać	V	past.p2.sg.f	rzucałaś
rzucać	V	past.p2.sg.m	rzucałeś
rzucać	V	past.p3.pl	rzucały
rzucać	V	past.p3.pl.m.hum	rzucali
rzucać	V	past.p3.sg.f	rzucała
rzucać	V	past.p3.sg.m	rzucał
rzucać	V	past.p3.sg.n	rzucało
rzucać	V	pres.p1.pl	rzucamy
rzucać	V	pres.p1.sg	rzucam
rzucać	V	pres.p2.pl	rzucacie
rzucać	V	pres.p2.sg	rzucasz
rzucać	V	pres.p3.pl	rzucają
rzucać	V	pres.p3.sg	rzuca
rzucić	V	cond.p1.pl	rzuciłybyśmy
rzucić	V	cond.p1.pl.m.hum	rzucilibyśmy
rzucić	V	cond.p1.sg.f	rzuciłabym
rzucić	V	cond.p1.sg.m	rzuciłbym
rzucić	V	cond.p2.pl	rzuciłybyście
rzucić	V	cond.p2.pl.m.hum	rzucilibyście
rzucić	V	cond.p2.sg.f	rzuciłabyś
rzucić	V	cond.p2.sg.m	rzuciłbyś
rzucić	V	cond.p3.pl	rzuciłyby
rzucić	V	cond.p3.pl.m.hum	rzuciliby
rzucić	V	cond.p3.sg.f	rzuciłaby
rzucić	V	cond.p3.sg.m	rzuciłby
rzucić	V	cond.p3.sg.n	rzuciłoby
rzucić	V	fut.p1.pl	rzucimy
rzucić	V	fut.p1.sg	rzucę
rzucić	V	fut.p2.pl	rzucicie
rzucić	V	fut.p2.sg	rzucisz
rzucić	V	fut.p3.pl	rzucą
rzucić	V	fut.p3.sg	rzuci
rzucić	V	imp.p1.pl	rzućmy
rzucić	V	imp.p1.sg	niech rzucę
rzucić	V	imp.p2.pl	rzućcie
rzucić	V	imp.p2.sg	rzuć
rzucić	V	imp.p3.pl	niech rzucą
rzucić	V	imp.p3.sg	niech rzuci
rzucić	V	past.p1.pl	rzuciłyśmy
rzucić	V	past.p1.pl.m.hum	rzuciliśmy
rzucić	V	past.p1.sg.f	rzuciłam
rzucić	V	past.p1.sg.m	rzuciłem
rzucić	V	past.p2.pl	rzuciłyście
rzucić	V	past.p2.pl.m.hum	rzuciliście
rzucić	V	past.p2.sg.f	rzuciłaś
rzucić	V	past.p2.sg.m	rzuciłeś
rzucić	V	past.p3.pl	rzuciły
rzucić	V	past.p3.pl.m.hum	rzucili
rzucić	V	past.p3.sg.f	rzuciła
rzucić	V	past.p3.sg.m	rzucił
rzucić	V	past.p3.sg.n	rzuciło
sąd	N	pl.acc	sądy
sąd	N	pl.dat	sądom
sąd	N	pl.gen	sądów
sąd	N	pl.ins	sądami
sąd	N	pl.loc	sądach
sąd	N	pl.nom	sądy
sąd	N	pl.voc	sądy
sąd	N	sg.acc	sąd
sąd	N	sg.dat	sądowi
sąd	N	sg.gen	sądu
sąd	N	sg.ins	sądem
sąd	N	sg.loc	sądzie
sąd	N	sg.nom	sąd
sąd	N	sg.voc	sądzie
sądzić	V	cond.p1.pl	sądziłybyśmy
sądzić	V	cond.p1.pl.m.hum	sądzilibyśmy
sądzić	V	cond.p1.sg.f	sądziłabym
sądzić	V	cond.p1.sg.m	sądziłbym
sądzić	V	cond.p2.pl	sądziłybyście
sądzić	V	cond.p2.pl.m.hum	sądzilibyście
sądzić	V	cond.p2.sg.f	sądziłabyś
sądzić	V	cond.p2.sg.m	sądziłbyś
sądzić	V	cond.p3.pl	sądziłyby
sądzić	V	cond.p3.pl.m.hum	sądziliby
sądzić	V	cond.p3.sg.f	sądziłaby
sądzić	V	cond.p3.sg.m	sądziłby
sądzić	V	cond.p3.sg.n	sądziłoby
sądzić	V	fut.p1.pl	będziemy sądziły
sądzić	V	fut.p1.pl.m.hum	będziemy sądzili
sądzić	V	fut.p1.sg.f	będę sądziła
sądzić	V	fut.p1.sg.m	będę sądził
sądzić	V	fut.p2.pl	będziecie sądziły
sądzić	V	fut.p2.pl.m.hum	będziecie sądzili
sądzić	V	fut.p2.sg.f	będziesz sądziła
sądzić	V	fut.p2.sg.m	będziesz sądził
sądzić	V	fut.p3.pl	będą sądziły
sądzić	V	fut.p3.pl.m.hum	będą sądzili
sądzić	V	fut.p3.sg.f	będzie sądziła
sądzić	V	fut.p3.sg.m	będzie sądził
sądzić	V	fut.p3.sg.n	będzie sądziło
sądzić	V	imp.p1.pl	sądźmy
sądzić	V	imp.p2.pl	sądźcie
sądzić	V	imp.p2.sg	sądź
sądzić	V	imp.p3.pl	niech sądzą
sądzić	V	imp.p3.sg	niech sądzi
sądzić	V	past.p1.pl	sądziłyśmy
sądzić	V	past.p1.pl.m.hum	sądziliśmy
sądzić	V	past.p1.sg.f	sądziłam
sądzić	V	past.p1.sg.m	sądziłem
sądzić	V	past.p2.pl	sądziłyście
sądzić	V	past.p2.pl.m.hum	sądziliście
sądzić	V	past.p2.sg.f	sądziłaś
sądzić	V	past.p2.sg.m	sądziłeś
sądzić	V	past.p3.pl	sądziły
sądzić	V	past.p3.pl.m.hum	sądzili
sądzić	V	past.p3.sg.f	sądziła
sądzić	V	past.p3.sg.m	sądził
sądzić	V	past.p3.sg.n	sądziło
sądzić	V	pres.p1.pl	sądzimy
sądzić	V	pres.p1.sg	sądzę
sądzić	V	pres.p2.pl	sądzicie
sądzić	V	pres.p2.sg	sądzisz
sądzić	V	pres.p3.pl	sądzą
sądzić	V	pres.p3.sg	sądzi
sam	A	pl.acc	same
sam	A	pl.dat	samym
sam	A	pl.gen	samych
sam	A	pl.ins	samymi
sam	A	pl.loc	samych
sam	A	pl.m.hum.acc	samych
sam	A	pl.m.hum.nom	sami
sam	A	pl.nom	same
sam	A	sg.f.acc	samą
sam	A	sg.f.dat	samej
sam	A	sg.f.gen	samej
sam	A	sg.f.ins	samą
sam	A	sg.f.loc	samej
sam	A	sg.f.nom	sama
sam	A	sg.m.anim.acc	samego
sam	A	sg.m.dat	samemu
sam	A	sg.m.gen	samego
sam	A	sg.m.hum.acc	samego
sam	A	sg.m.inan.acc	sam
sam	A	sg.m.ins	samym
sam	A	sg.m.loc	samym
sam	A	sg.m.nom	sam
sam	A	sg.n.acc	samo
sam	A	sg.n.dat	samemu
sam	A	sg.n.gen	samego
sam	A	sg.n.ins	samym
sam	A	sg.n.loc	samym
sam	A	sg.n.nom	samo
samobójstwo	N	pl.acc	samobójstwa
samobójstwo	N	pl.dat	samobójstwom
samobójstwo	N	pl.gen	samobójstw
samobójstwo	N	pl.ins	samobójstwami
samobójstwo	N	pl.loc	samobójstwach
samobójstwo	N	pl.nom	samobójstwa
samobójstwo	N	pl.voc	samobójstwa
samobójstwo	N	sg.acc	samobójstwo
samobójstwo	N	sg.dat	samobójstwu
samobójstwo	N	sg.gen	samobójstwa
samobójstwo	N	sg.ins	samobójstwem
samobójstwo	N	sg.loc	samobójstwie
samobójstwo	N	sg.nom	samobójstwo
samobójstwo	N	sg.voc	samobójstwo
samochód	N	pl.acc	samochody
samochód	N	pl.dat	samochodom
samochód	N	pl.gen	samochodów
samochód	N	pl.ins	samochodami
samochód	N	pl.loc	samochodach
samochód	N	pl.nom	samochody
samochód	N	pl.voc	samochody
samochód	N	sg.acc	samochód
samochód	N	sg.dat	samochodowi
samochód	N	sg.gen	samochodu
samochód	N	sg.ins	samochodem
samochód	N	sg.loc	samochodzie
samochód	N	sg.nom	samochód
samochód	N	sg.voc	samochodzie
samolot	N	pl.acc	samoloty
samolot	N	pl.dat	samolotom
samolot	N	pl.gen	samolotów
samolot	N	pl.ins	samolotami
samolot	N	pl.loc	samolotach
samolot	N	pl.nom	samoloty
samolot	N	pl.voc	samoloty
samolot	N	sg.acc	samolot
samolot	N	sg.dat	samolotowi
samolot	N	sg.gen	samolotu
samolot	N	sg.ins	samolotem
samolot	N	sg.loc	samolocie
samolot	N	sg.nom	samolot
samolot	N	sg.voc	samolocie
samotny	A	pl.acc	samotne
samotny	A	pl.dat	samotnym
samotny	A	pl.gen	samotnych
samotny	A	pl.ins	samotnymi
samotny	A	pl.loc	samotnych
samotny	A	pl.m.hum.acc	samotnych
samotny	A	pl.m.hum.nom	samotni
samotny	A	pl.nom	samotne
samotny	A	sg.f.acc	samotną
samotny	A	sg.f.dat	samotnej
samotny	A	sg.f.gen	samotnej
samotny	A	sg.f.ins	samotną
samotny	A	sg.f.loc	samotnej
samotny	A	sg.f.nom	samotna
samotny	A	sg.m.anim.acc	samotnego
samotny	A	sg.m.dat	samotnemu
samotny	A	sg.m.gen	samotnego
samotny	A	sg.m.hum.acc	samotnego
samotny	A	sg.m.inan.acc	samotny
samotny	A	sg.m.ins	samotnym
samotny	A	sg.m.loc	samotnym
samotny	A	sg.m.nom	samotny
samotny	A	sg.n.acc	samotne
samotny	A	sg.n.dat	samotnemu
samotny	A	sg.n.gen	samotnego
samotny	A	sg.n.ins	samotnym
samotny	A	sg.n.loc	samotnym
samotny	A	sg.n.nom	samotne
scena	N	pl.acc	sceny
scena	N	pl.dat	scenom
scena	N	pl.gen	scen
scena	N	pl.ins	scenami
scena	N	pl.loc	scenach
scena	N	pl.nom	sceny
scena	N	pl.voc	sceny
scena	N	sg.acc	scenę
scena	N	sg.dat	scenie
scena	N	sg.gen	sceny
scena	N	sg.ins	sceną
scena	N	sg.loc	scenie
scena	N	sg.nom	scena
scena	N	sg.voc	sceno
schować	V	cond.p1.pl	schowałybyśmy
schować	V	cond.p1.pl.m.hum	schowalibyśmy
schować	V	cond.p1.sg.f	schowałabym
schować	V	cond.p1.sg.m	schowałbym
schować	V	cond.p2.pl	schowałybyście
schować	V	cond.p2.pl.m.hum	schowalibyście
schować	V	cond.p2.sg.f	schowałabyś
schować	V	cond.p2.sg.m	schowałbyś
schować	V	cond.p3.pl	schowałyby
schować	V	cond.p3.pl.m.hum	schowaliby
schować	V	cond.p3.sg.f	schowałaby
schować	V	cond.p3.sg.m	schowałby
schować	V	cond.p3.sg.n	schowałoby
schować	V	fut.p1.pl	będziemy schowały
schować	V	fut.p1.pl.m.hum	będziemy schowali
schować	V	fut.p1.sg.f	będę schowała
schować	V	fut.p1.sg.m	będę schował
schować	V	fut.p2.pl	będziecie schowały
schować	V	fut.p2.pl.m.hum	będziecie schowali
schować	V	fut.p2.sg.f	będziesz schowała
schować	V	fut.p2.sg.m	będziesz schował
schować	V	fut.p3.pl	będą schowały
schować	V	fut.p3.pl.m.hum	będą schowali
schować	V	fut.p3.sg.f	będzie schowała
schować	V	fut.p3.sg.m	będzie schował
schować	V	fut.p3.sg.n	będzie schowało
schować	V	imp.p1.pl	schowajmy
schować	V	imp.p2.pl	schowajcie
schować	V	imp.p2.sg	schowaj
schować	V	imp.p3.pl	niech schowają
schować	V	imp.p3.sg	niech schowa
schować	V	past.p1.pl	schowałyśmy
schować	V	past.p1.pl.m.hum	schowaliśmy
schować	V	past.p1.sg.f	schowałam
schować	V	past.p1.sg.m	schowałem
schować	V	past.p2.pl	schowałyście
schować	V	past.p2.pl.m.hum	schowaliście
schować	V	past.p2.sg.f	schowałaś
schować	V	past.p2.sg.m	schowałeś
schować	V	past.p3.pl	schowały
schować	V	past.p3.pl.m.hum	schowali
schować	V	past.p3.sg.f	schowała
schować	V	past.p3.sg.m	schował
schować	V	past.p3.sg.n	schowało
schować	V	pres.p1.pl	schowamy
schować	V	pres.p1.sg	schowam
schować	V	pres.p2.pl	schowacie
schować	V	pres.p2.sg	schowasz
schować	V	pres.p3.pl	schowają
schować	V	pres.p3.sg	schowa
ściągnąć	V	cond.p1.pl	ściągnęłybyśmy
ściągnąć	V	cond.p1.pl.m.hum	ściągnęlibyśmy
ściągnąć	V	cond.p1.sg.f	ściągnęłabym
ściągnąć	V	cond.p1.sg.m	ściągnęłbym
ściągnąć	V	cond.p2.pl	ściągnęłybyście
ściągnąć	V	cond.p2.pl.m.hum	ściągnęlibyście
ściągnąć	V	cond.p2.sg.f	ściągnęłabyś
ściągnąć	V	cond.p2.sg.m	ściągnęłbyś
ściągnąć	V	cond.p3.pl	ściągnęłyby
ściągnąć	V	cond.p3.pl.m.hum	ściągnęliby
ściągnąć	V	cond.p3.sg.f	ściągnęłaby
ściągnąć	V	cond.p3.sg.m	ściągnęłby
ściągnąć	V	cond.p3.sg.n	ściągnęłoby
ściągnąć	V	fut.p1.pl	ściągniemy
ściągnąć	V	fut.p1.sg	ściągnę
ściągnąć	V	fut.p2.pl	ściągniecie
ściągnąć	V	fut.p2.sg	ściągniesz
ściągnąć	V	fut.p3.pl	ściągną
ściągnąć	V	fut.p3.sg	ściągnie
ściągnąć	V	imp.p1.pl	ściągnijmy
ściągnąć	V	imp.p1.sg	niech ściągnę
ściągnąć	V	imp.p2.pl	ściągnijcie
ściągnąć	V	imp.p2.sg	ściągnij
ściągnąć	V	imp.p3.pl	niech ściągną
ściągnąć	V	imp.p3.sg	niech ściągnie
ściągnąć	V	past.p1.pl	ściągnęłyśmy
ściągnąć	V	past.p1.pl.m.hum	ściągnęliśmy
ściągnąć	V	past.p1.sg.f	ściągnęłam
ściągnąć	V	past.p1.sg.m	ściągnęłem
ściągnąć	V	past.p2.pl	ściągnęłyście
ściągnąć	V	past.p2.pl.m.hum	ściągnęliście
ściągnąć	V	past.p2.sg.f	ściągnęłaś
ściągnąć	V	past.p2.sg.m	ściągnęłeś
ściągnąć	V	past.p3.pl	ściągnęły
ściągnąć	V	past.p3.pl.m.hum	ściągnęli
ściągnąć	V	past.p3.sg.f	ściągnęła
ściągnąć	V	past.p3.sg.m	ściągnęł
ściągnąć	V	past.p3.sg.n	ściągnęło
ściana	N	pl.acc	ściany
ściana	N	pl.dat	ścianom
ściana	N	pl.gen	ścian
ściana	N	pl.ins	ścianami
ściana	N	pl.loc	ścianach
ściana	N	pl.nom	ściany
ściana	N	pl.voc	ściany
ściana	N	sg.acc	ścianę
ściana	N	sg.dat	ścianie
ściana	N	sg.gen	ściany
ściana	N	sg.ins	ścianą
ściana	N	sg.loc	ścianie
ściana	N	sg.nom	ściana
ściana	N	sg.voc	ściano
seksualny	A	pl.acc	seksualne
seksualny	A	pl.dat	seksualnym
seksualny	A	pl.gen	seksualnych
seksualny	A	pl.ins	seksualnymi
seksualny	A	pl.loc	seksualnych
seksualny	A	pl.m.hum.acc	seksualnych
seksualny	A	pl.m.hum.nom	seksualni
seksualny	A	pl.nom	seksualne
seksualny	A	sg.f.acc	seksualną
seksualny	A	sg.f.dat	seksualnej
seksualny	A	sg.f.gen	seksualnej
seksualny	A	sg.f.ins	seksualną
seksualny	A	sg.f.loc	seksualnej
seksualny	A	sg.f.nom	seksualna
seksualny	A	sg.m.anim.acc	seksualnego
seksualny	A	sg.m.dat	seksualnemu
seksualny	A	sg.m.gen	seksualnego
seksualny	A	sg.m.hum.acc	seksualnego
seksualny	A	sg.m.inan.acc	seksualny
seksualny	A	sg.m.ins	seksualnym
seksualny	A	sg.m.loc	seksualnym
seksualny	A	sg.m.nom	seksualny
seksualny	A	sg.n.acc	seksualne
seksualny	A	sg.n.dat	seksualnemu
seksualny	A	sg.n.gen	seksualnego
seksualny	A	sg.n.ins	seksualnym
seksualny	A	sg.n.loc	seksualnym
seksualny	A	sg.n.nom	seksualne
sekunda	N	pl.acc	sekundy
sekunda	N	pl.dat	sekundom
sekunda	N	pl.gen	sekund
sekunda	N	pl.ins	sekundami
sekunda	N	pl.loc	sekundach
sekunda	N	pl.nom	sekundy
sekunda	N	pl.voc	sekundy
sekunda	N	sg.acc	sekundę
sekunda	N	sg.dat	sekundzie
sekunda	N	sg.gen	sekundy
sekunda	N	sg.ins	sekundą
sekunda	N	sg.loc	sekundzie
sekunda	N	sg.nom	sekunda
sekunda	N	sg.voc	sekundo
sens	N	pl.acc	sensy
sens	N	pl.dat	sensom
sens	N	pl.gen	sensów
sens	N	pl.ins	sensami
sens	N	pl.loc	sensach
sens	N	pl.nom	sensy
sens	N	pl.voc	sensy
sens	N	sg.acc	sens
sens	N	sg.dat	sensowi
sens	N	sg.gen	sensu
sens	N	sg.ins	sensem
sens	N	sg.loc	sensie
sens	N	sg.nom	sens
sens	N	sg.voc	sensie
serce	N	pl.acc	serca
serce	N	pl.dat	sercom
serce	N	pl.gen	serc
serce	N	pl.ins	sercami
serce	N	pl.loc	sercach
serce	N	pl.nom	serca
serce	N	pl.voc	serca
serce	N	sg.acc	serce
serce	N	sg.dat	sercu
serce	N	sg.gen	serca
serce	N	sg.ins	sercem
serce	N	sg.loc	sercu
serce	N	sg.nom	serce
serce	N	sg.voc	serce
siadać	V	cond.p1.pl	siadałybyśmy
siadać	V	cond.p1.pl.m.hum	siadalibyśmy
siadać	V	cond.p1.sg.f	siadałabym
siadać	V	cond.p1.sg.m	siadałbym
siadać	V	cond.p2.pl	siadałybyście
siadać	V	cond.p2.pl.m.hum	siadalibyście
siadać	V	cond.p2.sg.f	siadałabyś
siadać	V	cond.p2.sg.m	siadałbyś
siadać	V	cond.p3.pl	siadałyby
siadać	V	cond.p3.pl.m.hum	siadaliby
siadać	V	cond.p3.sg.f	siadałaby
siadać	V	cond.p3.sg.m	siadałby
siadać	V	cond.p3.sg.n	siadałoby
siadać	V	fut.p1.pl	będziemy siadały
siadać	V	fut.p1.pl.m.hum	będziemy siadali
siadać	V	fut.p1.sg.f	będę siadała
siadać	V	fut.p1.sg.m	będę siadał
siadać	V	fut.p2.pl	będziecie siadały
siadać	V	fut.p2.pl.m.hum	będziecie siadali
siadać	V	fut.p2.sg.f	będziesz siadała
siadać	V	fut.p2.sg.m	będziesz siadał
siadać	V	fut.p3.pl	będą siadały
siadać	V	fut.p3.pl.m.hum	będą siadali
siadać	V	fut.p3.sg.f	będzie siadała
siadać	V	fut.p3.sg.m	będzie siadał
siadać	V	fut.p3.sg.n	będzie siadało
siadać	V	imp.p1.pl	siadajmy
siadać	V	imp.p2.pl	siadajcie
siadać	V	imp.p2.sg	siadaj
siadać	V	imp.p3.pl	niech siadają
siadać	V	imp.p3.sg	niech siada
siadać	V	past.p1.pl	siadałyśmy
siadać	V	past.p1.pl.m.hum	siadaliśmy
siadać	V	past.p1.sg.f	siadałam
siadać	V	past.p1.sg.m	siadałem
siadać	V	past.p2.pl	siadałyście
siadać	V	past.p2.pl.m.hum	siadaliście
siadać	V	past.p2.sg.f	siadałaś
siadać	V	past.p2.sg.m	siadałeś
siadać	V	past.p3.pl	siadały
siadać	V	past.p3.pl.m.hum	siadali
siadać	V	past.p3.sg.f	siadała
siadać	V	past.p3.sg.m	siadał
siadać	V	past.p3.sg.n	siadało
siadać	V	pres.p1.pl	siadamy
siadać	V	pres.p1.sg	siadam
siadać	V	pres.p2.pl	siadacie
siadać	V	pres.p2.sg	siadasz
siadać	V	pres.p3.pl	siadają
siadać	V	pres.p3.sg	siada
siedzieć	V	cond.p1.pl	siedziałybyśmy
siedzieć	V	cond.p1.pl.m.hum	siedzielibyśmy
siedzieć	V	cond.p1.sg.f	siedziałabym
siedzieć	V	cond.p1.sg.m	siedziałbym
siedzieć	V	cond.p2.pl	siedziałybyście
siedzieć	V	cond.p2.pl.m.hum	siedzielibyście
siedzieć	V	cond.p2.sg.f	siedziałabyś
siedzieć	V	cond.p2.sg.m	siedziałbyś
siedzieć	V	cond.p3.pl	siedziałyby
siedzieć	V	cond.p3.pl.m.hum	siedzieliby
siedzieć	V	cond.p3.sg.f	siedziałaby
siedzieć	V	cond.p3.sg.m	siedziałby
siedzieć	V	cond.p3.sg.n	siedziałoby
siedzieć	V	fut.p1.pl	będziemy siedziały
siedzieć	V	fut.p1.pl.m.hum	będziemy siedzieli
siedzieć	V	fut.p1.sg.f	będę siedziała
siedzieć	V	fut.p1.sg.m	będę siedział
siedzieć	V	fut.p2.pl	będziecie siedziały
siedzieć	V	fut.p2.pl.m.hum	będziecie siedzieli
siedzieć	V	fut.p2.sg.f	będziesz siedziała
siedzieć	V	fut.p2.sg.m	będziesz siedział
siedzieć	V	fut.p3.pl	będą siedziały
siedzieć	V	fut.p3.pl.m.hum	będą siedzieli
siedzieć	V	fut.p3.sg.f	będzie siedziała
siedzieć	V	fut.p3.sg.m	będzie siedział
siedzieć	V	fut.p3.sg.n	będzie siedziało
siedzieć	V	imp.p1.pl	siedźmy
siedzieć	V	imp.p2.pl	siedźcie
siedzieć	V	imp.p2.sg	siedź
siedzieć	V	imp.p3.pl	niech siedzą
siedzieć	V	imp.p3.sg	niech siedzi
siedzieć	V	past.p1.pl	siedziałyśmy
siedzieć	V	past.p1.pl.m.hum	siedzieliśmy
siedzieć	V	past.p1.sg.f	siedziałam
siedzieć	V	past.p1.sg.m	siedziałem
siedzieć	V	past.p2.pl	siedziałyście
siedzieć	V	past.p2.pl.m.hum	siedzieliście
siedzieć	V	past.p2.sg.f	siedziałaś
siedzieć	V	past.p2.sg.m	siedziałeś
siedzieć	V	past.p3.pl	siedziały
siedzieć	V	past.p3.pl.m.hum	siedzieli
siedzieć	V	past.p3.sg.f	siedziała
siedzieć	V	past.p3.sg.m	siedział
siedzieć	V	past.p3.sg.n	siedziało
siedzieć	V	pres.p1.pl	siedzimy
siedzieć	V	pres.p1.sg	siedzę
siedzieć	V	pres.p2.pl	siedzicie
siedzieć	V	pres.p2.sg	siedzisz
siedzieć	V	pres.p3.pl	siedzą
siedzieć	V	pres.p3.sg	siedzi
siła	N	pl.acc	siły
siła	N	pl.dat	siłom
siła	N	pl.gen	sił
siła	N	pl.ins	siłami
siła	N	pl.loc	siłach
siła	N	pl.nom	siły
siła	N	pl.voc	siły
siła	N	sg.acc	siłę
siła	N	sg.dat	sile
siła	N	sg.gen	siły
siła	N	sg.ins	siłą
siła	N	sg.loc	sile
siła	N	sg.nom	siła
siła	N	sg.voc	siło
silnik	N	pl.acc	silniki
silnik	N	pl.dat	silnikom
silnik	N	pl.gen	silników
silnik	N	pl.ins	silnikami
silnik	N	pl.loc	silnikach
silnik	N	pl.nom	silniki
silnik	N	pl.voc	silniki
silnik	N	sg.acc	silnik
silnik	N	sg.dat	silnikowi
silnik	N	sg.gen	silnika
silnik	N	sg.ins	silnikiem
silnik	N	sg.loc	silniku
silnik	N	sg.nom	silnik
silnik	N	sg.voc	silniku
silny	A	pl.acc	silne
silny	A	pl.dat	silnym
silny	A	pl.gen	silnych
silny	A	pl.ins	silnymi
silny	A	pl.loc	silnych
silny	A	pl.m.hum.acc	silnych
silny	A	pl.m.hum.nom	silni
silny	A	pl.nom	silne
silny	A	sg.f.acc	silną
silny	A	sg.f.dat	silnej
silny	A	sg.f.gen	silnej
silny	A	sg.f.ins	silną
silny	A	sg.f.loc	silnej
silny	A	sg.f.nom	silna
silny	A	sg.m.anim.acc	silnego
silny	A	sg.m.dat	silnemu
silny	A	sg.m.gen	silnego
silny	A	sg.m.hum.acc	silnego
silny	A	sg.m.inan.acc	silny
silny	A	sg.m.ins	silnym
silny	A	sg.m.loc	silnym
silny	A	sg.m.nom	silny
silny	A	sg.n.acc	silne
silny	A	sg.n.dat	silnemu
silny	A	sg.n.gen	silnego
silny	A	sg.n.ins	silnym
silny	A	sg.n.loc	silnym
silny	A	sg.n.nom	silne
siostra	N	pl.acc	siostry
siostra	N	pl.dat	siostrom
siostra	N	pl.gen	sióstr
siostra	N	pl.ins	siostrami
siostra	N	pl.loc	siostrach
siostra	N	pl.nom	siostry
siostra	N	pl.voc	siostry
siostra	N	sg.acc	siostrę
siostra	N	sg.dat	siostrze
siostra	N	sg.gen	siostry
siostra	N	sg.ins	siostrą
siostra	N	sg.loc	siostrze
siostra	N	sg.nom	siostra
siostra	N	sg.voc	siostro
składać	V	cond.p1.pl	składałybyśmy
składać	V	cond.p1.pl.m.hum	składalibyśmy
składać	V	cond.p1.sg.f	składałabym
składać	V	cond.p1.sg.m	składałbym
składać	V	cond.p2.pl	składałybyście
składać	V	cond.p2.pl.m.hum	składalibyście
składać	V	cond.p2.sg.f	składałabyś
składać	V	cond.p2.sg.m	składałbyś
składać	V	cond.p3.pl	składałyby
składać	V	cond.p3.pl.m.hum	składaliby
składać	V	cond.p3.sg.f	składałaby
składać	V	cond.p3.sg.m	składałby
składać	V	cond.p3.sg.n	składałoby
składać	V	fut.p1.pl	będziemy składały
składać	V	fut.p1.pl.m.hum	będziemy składali
składać	V	fut.p1.sg.f	będę składała
składać	V	fut.p1.sg.m	będę składał
składać	V	fut.p2.pl	będziecie składały
składać	V	fut.p2.pl.m.hum	będziecie składali
składać	V	fut.p2.sg.f	będziesz składała
składać	V	fut.p2.sg.m	będziesz składał
składać	V	fut.p3.pl	będą składały
składać	V	fut.p3.pl.m.hum	będą składali
składać	V	fut.p3.sg.f	będzie składała
składać	V	fut.p3.sg.m	będzie składał
składać	V	fut.p3.sg.n	będzie składało
składać	V	imp.p1.pl	składajmy
składać	V	imp.p2.pl	składajcie
składać	V	imp.p2.sg	składaj
składać	V	imp.p3.pl	niech składają
składać	V	imp.p3.sg	niech składa
składać	V	past.p1.pl	składałyśmy
składać	V	past.p1.pl.m.hum	składaliśmy
składać	V	past.p1.sg.f	składałam
składać	V	past.p1.sg.m	składałem
składać	V	past.p2.pl	składałyście
składać	V	past.p2.pl.m.hum	składaliście
składać	V	past.p2.sg.f	składałaś
składać	V	past.p2.sg.m	składałeś
składać	V	past.p3.pl	składały
składać	V	past.p3.pl.m.hum	składali
składać	V	past.p3.sg.f	składała
składać	V	past.p3.sg.m	składał
składać	V	past.p3.sg.n	składało
składać	V	pres.p1.pl	składamy
składać	V	pres.p1.sg	składam
składać	V	pres.p2.pl	składacie
składać	V	pres.p2.sg	składasz
składać	V	pres.p3.pl	składają
składać	V	pres.p3.sg	składa
sklep	N	pl.acc	sklepy
sklep	N	pl.dat	sklepom
sklep	N	pl.gen	sklepów
sklep	N	pl.ins	sklepami
sklep	N	pl.loc	sklepach
sklep	N	pl.nom	sklepy
sklep	N	pl.voc	sklepy
sklep	N	sg.acc	sklep
sklep	N	sg.dat	sklepowi
sklep	N	sg.gen	sklepu
sklep	N	sg.ins	sklepem
sklep	N	sg.loc	sklepie
sklep	N	sg.nom	sklep
sklep	N	sg.voc	sklepie
skończyć	V	cond.p1.pl	skończyłybyśmy
skończyć	V	cond.p1.pl.m.hum	skończylibyśmy
skończyć	V	cond.p1.sg.f	skończyłabym
skończyć	V	cond.p1.sg.m	skończyłbym
skończyć	V	cond.p2.pl	skończyłybyście
skończyć	V	cond.p2.pl.m.hum	skończylibyście
skończyć	V	cond.p2.sg.f	skończyłabyś
skończyć	V	cond.p2.sg.m	skończyłbyś
skończyć	V	cond.p3.pl	skończyłyby
skończyć	V	cond.p3.pl.m.hum	skończyliby
skończyć	V	cond.p3.sg.f	skończyłaby
skończyć	V	cond.p3.sg.m	skończyłby
skończyć	V	cond.p3.sg.n	skończyłoby
skończyć	V	fut.p1.pl	skończymy
skończyć	V	fut.p1.sg	skończę
skończyć	V	fut.p2.pl	skończycie
skończyć	V	fut.p2.sg	skończysz
skończyć	V	fut.p3.pl	skończą
skończyć	V	fut.p3.sg	skończy
skończyć	V	imp.p1.pl	skończmy
skończyć	V	imp.p1.sg	niech skończę
skończyć	V	imp.p2.pl	skończcie
skończyć	V	imp.p2.sg	skończ
skończyć	V	imp.p3.pl	niech skończą
skończyć	V	imp.p3.sg	niech skończy
skończyć	V	past.p1.pl	skończyłyśmy
skończyć	V	past.p1.pl.m.hum	skończyliśmy
skończyć	V	past.p1.sg.f	skończyłam
skończyć	V	past.p1.sg.m	skończyłem
skończyć	V	past.p2.pl	skończyłyście
skończyć	V	past.p2.pl.m.hum	skończyliście
skończyć	V	past.p2.sg.f	skończyłaś
skończyć	V	past.p2.sg.m	skończyłeś
skończyć	V	past.p3.pl	skończyły
skończyć	V	past.p3.pl.m.hum	skończyli
skończyć	V	past.p3.sg.f	skończyła
skończyć	V	past.p3.sg.m	skończył
skończyć	V	past.p3.sg.n	skończyło
skóra	N	pl.acc	skóry
skóra	N	pl.dat	skórom
skóra	N	pl.gen	skór
skóra	N	pl.ins	skórami
skóra	N	pl.loc	skórach
skóra	N	pl.nom	skóry
skóra	N	pl.voc	skóry
skóra	N	sg.acc	skórę
skóra	N	sg.dat	skórze
skóra	N	sg.gen	skóry
skóra	N	sg.ins	skórą
skóra	N	sg.loc	skórze
skóra	N	sg.nom	skóra
skóra	N	sg.voc	skóro
ślad	N	pl.acc	ślady
ślad	N	pl.dat	śladom
ślad	N	pl.gen	śladów
ślad	N	pl.ins	śladami
ślad	N	pl.loc	śladach
ślad	N	pl.nom	ślady
ślad	N	pl.voc	ślady
ślad	N	sg.acc	ślad
ślad	N	sg.dat	śladowi
ślad	N	sg.gen	śladu
ślad	N	sg.ins	śladem
ślad	N	sg.loc	śladzie
ślad	N	sg.nom	ślad
ślad	N	sg.voc	śladzie
śledzić	V	cond.p1.pl	śledziłybyśmy
śledzić	V	cond.p1.pl.m.hum	śledzilibyśmy
śledzić	V	cond.p1.sg.f	śledziłabym
śledzić	V	cond.p1.sg.m	śledziłbym
śledzić	V	cond.p2.pl	śledziłybyście
śledzić	V	cond.p2.pl.m.hum	śledzilibyście
śledzić	V	cond.p2.sg.f	śledziłabyś
śledzić	V	cond.p2.sg.m	śledziłbyś
śledzić	V	cond.p3.pl	śledziłyby
śledzić	V	cond.p3.pl.m.hum	śledziliby
śledzić	V	cond.p3.sg.f	śledziłaby
śledzić	V	cond.p3.sg.m	śledziłby
śledzić	V	cond.p3.sg.n	śledziłoby
śledzić	V	fut.p1.pl	będziemy śledziły
śledzić	V	fut.p1.pl.m.hum	będziemy śledzili
śledzić	V	fut.p1.sg.f	będę śledziła
śledzić	V	fut.p1.sg.m	będę śledził
śledzić	V	fut.p2.pl	będziecie śledziły
śledzić	V	fut.p2.pl.m.hum	będziecie śledzili
śledzić	V	fut.p2.sg.f	będziesz śledziła
śledzić	V	fut.p2.sg.m	będziesz śledził
śledzić	V	fut.p3.pl	będą śledziły
śledzić	V	fut.p3.pl.m.hum	będą śledzili
śledzić	V	fut.p3.sg.f	będzie śledziła
śledzić	V	fut.p3.sg.m	będzie śledził
śledzić	V	fut.p3.sg.n	będzie śledziło
śledzić	V	imp.p1.pl	śledźmy
śledzić	V	imp.p2.pl	śledźcie
śledzić	V	imp.p2.sg	śledź
śledzić	V	imp.p3.pl	niech śledzą
śledzić	V	imp.p3.sg	niech śledzi
śledzić	V	past.p1.pl	śledziłyśmy
śledzić	V	past.p1.pl.m.hum	śledziliśmy
śledzić	V	past.p1.sg.f	śledziłam
śledzić	V	past.p1.sg.m	śledziłem
śledzić	V	past.p2.pl	śledziłyście
śledzić	V	past.p2.pl.m.hum	śledziliście
śledzić	V	past.p2.sg.f	śledziłaś
śledzić	V	past.p2.sg.m	śledziłeś
śledzić	V	past.p3.pl	śledziły
śledzić	V	past.p3.pl.m.hum	śledzili
śledzić	V	past.p3.sg.f	śledziła
śledzić	V	past.p3.sg.m	śledził
śledzić	V	past.p3.sg.n	śledziło
śledzić	V	pres.p1.pl	śledzimy
śledzić	V	pres.p1.sg	śledzę
śledzić	V	pres.p2.pl	śledzicie
śledzić	V	pres.p2.sg	śledzisz
śledzić	V	pres.p3.pl	śledzą
śledzić	V	pres.p3.sg	śledzi
słodki	A	pl.acc	słodkie
słodki	A	pl.dat	słodkim
słodki	A	pl.gen	słodkich
słodki	A	pl.ins	słodkimi
słodki	A	pl.loc	słodkich
słodki	A	pl.m.hum.acc	słodkich
słodki	A	pl.m.hum.nom	słodcy
słodki	A	pl.nom	słodkie
słodki	A	sg.f.acc	słodką
słodki	A	sg.f.dat	słodkiej
słodki	A	sg.f.gen	słodkiej
słodki	A	sg.f.ins	słodką
słodki	A	sg.f.loc	słodkiej
słodki	A	sg.f.nom	słodka
słodki	A	sg.m.anim.acc	słodkiego
słodki	A	sg.m.dat	słodkiemu
słodki	A	sg.m.gen	słodkiego
słodki	A	sg.m.hum.acc	słodkiego
słodki	A	sg.m.inan.acc	słodki
słodki	A	sg.m.ins	słodkim
słodki	A	sg.m.loc	słodkim
słodki	A	sg.m.nom	słodki
słodki	A	sg.n.acc	słodkie
słodki	A	sg.n.dat	słodkiemu
słodki	A	sg.n.gen	słodkiego
słodki	A	sg.n.ins	słodkim
słodki	A	sg.n.loc	słodkim
słodki	A	sg.n.nom	słodkie
ślub	N	pl.acc	śluby
ślub	N	pl.dat	ślubom
ślub	N	pl.gen	ślubów
ślub	N	pl.ins	ślubami
ślub	N	pl.loc	ślubach
ślub	N	pl.nom	śluby
ślub	N	pl.voc	śluby
ślub	N	sg.acc	ślub
ślub	N	sg.dat	ślubowi
ślub	N	sg.gen	ślubu
ślub	N	sg.ins	ślubem
ślub	N	sg.loc	ślubie
ślub	N	sg.nom	ślub
ślub	N	sg.voc	ślubie
słuchać	V	cond.p1.pl	słuchałybyśmy
słuchać	V	cond.p1.pl.m.hum	słuchalibyśmy
słuchać	V	cond.p1.sg.f	słuchałabym
słuchać	V	cond.p1.sg.m	słuchałbym
słuchać	V	cond.p2.pl	słuchałybyście
słuchać	V	cond.p2.pl.m.hum	słuchalibyście
słuchać	V	cond.p2.sg.f	słuchałabyś
słuchać	V	cond.p2.sg.m	słuchałbyś
słuchać	V	cond.p3.pl	słuchałyby
słuchać	V	cond.p3.pl.m.hum	słuchaliby
słuchać	V	cond.p3.sg.f	słuchałaby
słuchać	V	cond.p3.sg.m	słuchałby
słuchać	V	cond.p3.sg.n	słuchałoby
słuchać	V	fut.p1.pl	będziemy słuchały
słuchać	V	fut.p1.pl.m.hum	będziemy słuchali
słuchać	V	fut.p1.sg.f	będę słuchała
słuchać	V	fut.p1.sg.m	będę słuchał
słuchać	V	fut.p2.pl	będziecie słuchały
słuchać	V	fut.p2.pl.m.hum	będziecie słuchali
słuchać	V	fut.p2.sg.f	będziesz słuchała
słuchać	V	fut.p2.sg.m	będziesz słuchał
słuchać	V	fut.p3.pl	będą słuchały
słuchać	V	fut.p3.pl.m.hum	będą słuchali
słuchać	V	fut.p3.sg.f	będzie słuchała
słuchać	V	fut.p3.sg.m	będzie słuchał
słuchać	V	fut.p3.sg.n	będzie słuchało
słuchać	V	imp.p1.pl	słuchajmy
słuchać	V	imp.p2.pl	słuchajcie
słuchać	V	imp.p2.sg	słuchaj
słuchać	V	imp.p3.pl	niech słuchają
słuchać	V	imp.p3.sg	niech słucha
słuchać	V	past.p1.pl	słuchałyśmy
słuchać	V	past.p1.pl.m.hum	słuchaliśmy
słuchać	V	past.p1.sg.f	słuchałam
słuchać	V	past.p1.sg.m	słuchałem
słuchać	V	past.p2.pl	słuchałyście
słuchać	V	past.p2.pl.m.hum	słuchaliście
słuchać	V	past.p2.sg.f	słuchałaś
słuchać	V	past.p2.sg.m	słuchałeś
słuchać	V	past.p3.pl	słuchały
słuchać	V	past.p3.pl.m.hum	słuchali
słuchać	V	past.p3.sg.f	słuchała
słuchać	V	past.p3.sg.m	słuchał
słuchać	V	past.p3.sg.n	słuchało
słuchać	V	pres.p1.pl	słuchamy
słuchać	V	pres.p1.sg	słucham
słuchać	V	pres.p2.pl	słuchacie
słuchać	V	pres.p2.sg	słuchasz
słuchać	V	pres.p3.pl	słuchają
słuchać	V	pres.p3.sg	słucha
służba	N	pl.acc	służby
służba	N	pl.dat	służbom
służba	N	pl.gen	służb
służba	N	pl.ins	służbami
służba	N	pl.loc	służbach
służba	N	pl.nom	służby
służba	N	pl.voc	służby
służba	N	sg.acc	służbę
służba	N	sg.dat	służbie
służba	N	sg.gen	służby
służba	N	sg.ins	służbą
służba	N	sg.loc	służbie
służba	N	sg.nom	służba
służba	N	sg.voc	służbo
słyszeć	V	cond.p1.pl	słyszałybyśmy
słyszeć	V	cond.p1.pl.m.hum	słyszelibyśmy
słyszeć	V	cond.p1.sg.f	słyszałabym
słyszeć	V	cond.p1.sg.m	słyszałbym
słyszeć	V	cond.p2.pl	słyszałybyście
słyszeć	V	cond.p2.pl.m.hum	słyszelibyście
słyszeć	V	cond.p2.sg.f	słyszałabyś
słyszeć	V	cond.p2.sg.m	słyszałbyś
słyszeć	V	cond.p3.pl	słyszałyby
słyszeć	V	cond.p3.pl.m.hum	słyszeliby
słyszeć	V	cond.p3.sg.f	słyszałaby
słyszeć	V	cond.p3.sg.m	słyszałby
słyszeć	V	cond.p3.sg.n	słyszałoby
słyszeć	V	fut.p1.pl	będziemy słyszały
słyszeć	V	fut.p1.pl.m.hum	będziemy słyszeli
słyszeć	V	fut.p1.sg.f	będę słyszała
słyszeć	V	fut.p1.sg.m	będę słyszał
słyszeć	V	fut.p2.pl	będziecie słyszały
słyszeć	V	fut.p2.pl.m.hum	będziecie słyszeli
słyszeć	V	fut.p2.sg.f	będziesz słyszała
słyszeć	V	fut.p2.sg.m	będziesz słyszał
słyszeć	V	fut.p3.pl	będą słyszały
słyszeć	V	fut.p3.pl.m.hum	będą słyszeli
słyszeć	V	fut.p3.sg.f	będzie słyszała
słyszeć	V	fut.p3.sg.m	będzie słyszał
słyszeć	V	fut.p3.sg.n	będzie słyszało
słyszeć	V	imp.p1.pl	słyszmy
słyszeć	V	imp.p2.pl	słyszcie
słyszeć	V	imp.p2.sg	słysz
słyszeć	V	imp.p3.pl	niech słyszą
słyszeć	V	imp.p3.sg	niech słyszy
słyszeć	V	past.p1.pl	słyszałyśmy
słyszeć	V	past.p1.pl.m.hum	słyszeliśmy
słyszeć	V	past.p1.sg.f	słyszałam
słyszeć	V	past.p1.sg.m	słyszałem
słyszeć	V	past.p2.pl	słyszałyście
słyszeć	V	past.p2.pl.m.hum	słyszeliście
słyszeć	V	past.p2.sg.f	słyszałaś
słyszeć	V	past.p2.sg.m	słyszałeś
słyszeć	V	past.p3.pl	słyszały
słyszeć	V	past.p3.pl.m.hum	słyszeli
słyszeć	V	past.p3.sg.f	słyszała
słyszeć	V	past.p3.sg.m	słyszał
słyszeć	V	past.p3.sg.n	słyszało
słyszeć	V	pres.p1.pl	słyszymy
słyszeć	V	pres.p1.sg	słyszę
słyszeć	V	pres.p2.pl	słyszycie
słyszeć	V	pres.p2.sg	słyszysz
słyszeć	V	pres.p3.pl	słyszą
słyszeć	V	pres.p3.sg	słyszy
smakować	V	cond.p1.pl	smakowałybyśmy
smakować	V	cond.p1.pl.m.hum	smakowalibyśmy
smakować	V	cond.p1.sg.f	smakowałabym
smakować	V	cond.p1.sg.m	smakowałbym
smakować	V	cond.p2.pl	smakowałybyście
smakować	V	cond.p2.pl.m.hum	smakowalibyście
smakować	V	cond.p2.sg.f	smakowałabyś
smakować	V	cond.p2.sg.m	smakowałbyś
smakować	V	cond.p3.pl	smakowałyby
smakować	V	cond.p3.pl.m.hum	smakowaliby
smakować	V	cond.p3.sg.f	smakowałaby
smakować	V	cond.p3.sg.m	smakowałby
smakować	V	cond.p3.sg.n	smakowałoby
smakować	V	fut.p1.pl	będziemy smakowały
smakować	V	fut.p1.pl.m.hum	będziemy smakowali
smakować	V	fut.p1.sg.f	będę smakowała
smakować	V	fut.p1.sg.m	będę smakował
smakować	V	fut.p2.pl	będziecie smakowały
smakować	V	fut.p2.pl.m.hum	będziecie smakowali
smakować	V	fut.p2.sg.f	będziesz smakowała
smakować	V	fut.p2.sg.m	będziesz smakował
smakować	V	fut.p3.pl	będą smakowały
smakować	V	fut.p3.pl.m.hum	będą smakowali
smakować	V	fut.p3.sg.f	będzie smakowała
smakować	V	fut.p3.sg.m	będzie smakował
smakować	V	fut.p3.sg.n	będzie smakowało
smakować	V	imp.p1.pl	smakujmy
smakować	V	imp.p2.pl	smakujcie
smakować	V	imp.p2.sg	smakuj
smakować	V	imp.p3.pl	niech smakują
smakować	V	imp.p3.sg	niech smakuje
smakować	V	past.p1.pl	smakowałyśmy
smakować	V	past.p1.pl.m.hum	smakowaliśmy
smakować	V	past.p1.sg.f	smakowałam
smakować	V	past.p1.sg.m	smakowałem
smakować	V	past.p2.pl	smakowałyście
smakować	V	past.p2.pl.m.hum	smakowaliście
smakować	V	past.p2.sg.f	smakowałaś
smakować	V	past.p2.sg.m	smakowałeś
smakować	V	past.p3.pl	smakowały
smakować	V	past.p3.pl.m.hum	smakowali
smakować	V	past.p3.sg.f	smakowała
smakować	V	past.p3.sg.m	smakował
smakować	V	past.p3.sg.n	smakowało
smakować	V	pres.p1.pl	smakujemy
smakować	V	pres.p1.sg	smakuję
smakować	V	pres.p2.pl	smakujecie
smakować	V	pres.p2.sg	smakujesz
smakować	V	pres.p3.pl	smakują
smakować	V	pres.p3.sg	smakuje
śmierć	N	pl.acc	śmierci
śmierć	N	pl.dat	śmierciom
śmierć	N	pl.gen	śmierci
śmierć	N	pl.ins	śmierciami
śmierć	N	pl.loc	śmierciach
śmierć	N	pl.nom	śmierci
śmierć	N	pl.voc	śmierci
śmierć	N	sg.acc	śmierć
śmierć	N	sg.dat	śmierci
śmierć	N	sg.gen	śmierci
śmierć	N	sg.ins	śmiercią
śmierć	N	sg.loc	śmierci
śmierć	N	sg.nom	śmierć
śmierć	N	sg.voc	śmierci
śmieszny	A	pl.acc	śmieszne
śmieszny	A	pl.dat	śmiesznym
śmieszny	A	pl.gen	śmiesznych
śmieszny	A	pl.ins	śmiesznymi
śmieszny	A	pl.loc	śmiesznych
śmieszny	A	pl.m.hum.acc	śmiesznych
śmieszny	A	pl.m.hum.nom	śmieszni
śmieszny	A	pl.nom	śmieszne
śmieszny	A	sg.f.acc	śmieszną
śmieszny	A	sg.f.dat	śmiesznej
śmieszny	A	sg.f.gen	śmiesznej
śmieszny	A	sg.f.ins	śmieszną
śmieszny	A	sg.f.loc	śmiesznej
śmieszny	A	sg.f.nom	śmieszna
śmieszny	A	sg.m.anim.acc	śmiesznego
śmieszny	A	sg.m.dat	śmiesznemu
śmieszny	A	sg.m.gen	śmiesznego
śmieszny	A	sg.m.hum.acc	śmiesznego
śmieszny	A	sg.m.inan.acc	śmieszny
śmieszny	A	sg.m.ins	śmiesznym
śmieszny	A	sg.m.loc	śmiesznym
śmieszny	A	sg.m.nom	śmieszny
śmieszny	A	sg.n.acc	śmieszne
śmieszny	A	sg.n.dat	śmiesznemu
śmieszny	A	sg.n.gen	śmiesznego
śmieszny	A	sg.n.ins	śmiesznym
śmieszny	A	sg.n.loc	śmiesznym
śmieszny	A	sg.n.nom	śmieszne
smutny	A	pl.acc	smutne
smutny	A	pl.dat	smutnym
smutny	A	pl.gen	smutnych
smutny	A	pl.ins	smutnymi
smutny	A	pl.loc	smutnych
smutny	A	pl.m.hum.acc	smutnych
smutny	A	pl.m.hum.nom	smutni
smutny	A	pl.nom	smutne
smutny	A	sg.f.acc	smutną
smutny	A	sg.f.dat	smutnej
smutny	A	sg.f.gen	smutnej
smutny	A	sg.f.ins	smutną
smutny	A	sg.f.loc	smutnej
smutny	A	sg.f.nom	smutna
smutny	A	sg.m.anim.acc	smutnego
smutny	A	sg.m.dat	smutnemu
smutny	A	sg.m.gen	smutnego
smutny	A	sg.m.hum.acc	smutnego
smutny	A	sg.m.inan.acc	smutny
smutny	A	sg.m.ins	smutnym
smutny	A	sg.m.loc	smutnym
smutny	A	sg.m.nom	smutny
smutny	A	sg.n.acc	smutne
smutny	A	sg.n.dat	smutnemu
smutny	A	sg.n.gen	smutnego
smutny	A	sg.n.ins	smutnym
smutny	A	sg.n.loc	smutnym
smutny	A	sg.n.nom	smutne
śniadać	V	cond.p1.pl	śniadałybyśmy
śniadać	V	cond.p1.pl.m.hum	śniadalibyśmy
śniadać	V	cond.p1.sg.f	śniadałabym
śniadać	V	cond.p1.sg.m	śniadałbym
śniadać	V	cond.p2.pl	śniadałybyście
śniadać	V	cond.p2.pl.m.hum	śniadalibyście
śniadać	V	cond.p2.sg.f	śniadałabyś
śniadać	V	cond.p2.sg.m	śniadałbyś
śniadać	V	cond.p3.pl	śniadałyby
śniadać	V	cond.p3.pl.m.hum	śniadaliby
śniadać	V	cond.p3.sg.f	śniadałaby
śniadać	V	cond.p3.sg.m	śniadałby
śniadać	V	cond.p3.sg.n	śniadałoby
śniadać	V	fut.p1.pl	będziemy śniadały
śniadać	V	fut.p1.pl.m.hum	będziemy śniadali
śniadać	V	fut.p1.sg.f	będę śniadała
śniadać	V	fut.p1.sg.m	będę śniadał
śniadać	V	fut.p2.pl	będziecie śniadały
śniadać	V	fut.p2.pl.m.hum	będziecie śniadali
śniadać	V	fut.p2.sg.f	będziesz śniadała
śniadać	V	fut.p2.sg.m	będziesz śniadał
śniadać	V	fut.p3.pl	będą śniadały
śniadać	V	fut.p3.pl.m.hum	będą śniadali
śniadać	V	fut.p3.sg.f	będzie śniadała
śniadać	V	fut.p3.sg.m	będzie śniadał
śniadać	V	fut.p3.sg.n	będzie śniadało
śniadać	V	imp.p1.pl	śniadajmy
śniadać	V	imp.p2.pl	śniadajcie
śniadać	V	imp.p2.sg	śniadaj
śniadać	V	imp.p3.pl	niech śniadają
śniadać	V	imp.p3.sg	niech śniada
śniadać	V	past.p1.pl	śniadałyśmy
śniadać	V	past.p1.pl.m.hum	śniadaliśmy
śniadać	V	past.p1.sg.f	śniadałam
śniadać	V	past.p1.sg.m	śniadałem
śniadać	V	past.p2.pl	śniadałyście
śniadać	V	past.p2.pl.m.hum	śniadaliście
śniadać	V	past.p2.sg.f	śniadałaś
śniadać	V	past.p2.sg.m	śniadałeś
śniadać	V	past.p3.pl	śniadały
śniadać	V	past.p3.pl.m.hum	śniadali
śniadać	V	past.p3.sg.f	śniadała
śniadać	V	past.p3.sg.m	śniadał
śniadać	V	past.p3.sg.n	śniadało
śniadać	V	pres.p1.pl	śniadamy
śniadać	V	pres.p1.sg	śniadam
śniadać	V	pres.p2.pl	śniadacie
śniadać	V	pres.p2.sg	śniadasz
śniadać	V	pres.p3.pl	śniadają
śniadać	V	pres.p3.sg	śniada
spać	V	cond.p1.pl	spałybyśmy
spać	V	cond.p1.pl.m.hum	spalibyśmy
spać	V	cond.p1.sg.f	spałabym
spać	V	cond.p1.sg.m	spałbym
spać	V	cond.p2.pl	spałybyście
spać	V	cond.p2.pl.m.hum	spalibyście
spać	V	cond.p2.sg.f	spałabyś
spać	V	cond.p2.sg.m	spałbyś
spać	V	cond.p3.pl	spałyby
spać	V	cond.p3.pl.m.hum	spaliby
spać	V	cond.p3.sg.f	spałaby
spać	V	cond.p3.sg.m	spałby
spać	V	cond.p3.sg.n	spałoby
spać	V	fut.p1.pl	będziemy spały
spać	V	fut.p1.pl.m.hum	będziemy spali
spać	V	fut.p1.sg.f	będę spała
spać	V	fut.p1.sg.m	będę spał
spać	V	fut.p2.pl	będziecie spały
spać	V	fut.p2.pl.m.hum	będziecie spali
spać	V	fut.p2.sg.f	będziesz spała
spać	V	fut.p2.sg.m	będziesz spał
spać	V	fut.p3.pl	będą spały
spać	V	fut.p3.pl.m.hum	będą spali
spać	V	fut.p3.sg.f	będzie spała
spać	V	fut.p3.sg.m	będzie spał
spać	V	fut.p3.sg.n	będzie spało
spać	V	imp.p1.pl	śpijmy
spać	V	imp.p2.pl	śpijcie
spać	V	imp.p2.sg	śpij
spać	V	imp.p3.pl	niech śpią
spać	V	imp.p3.sg	niech śpi
spać	V	past.p1.pl	spałyśmy
spać	V	past.p1.pl.m.hum	spaliśmy
spać	V	past.p1.sg.f	spałam
spać	V	past.p1.sg.m	spałem
spać	V	past.p2.pl	spałyście
spać	V	past.p2.pl.m.hum	spaliście
spać	V	past.p2.sg.f	spałaś
spać	V	past.p2.sg.m	spałeś
spać	V	past.p3.pl	spały
spać	V	past.p3.pl.m.hum	spali
spać	V	past.p3.sg.f	spała
spać	V	past.p3.sg.m	spał
spać	V	past.p3.sg.n	spało
spać	V	pres.p1.pl	śpimy
spać	V	pres.p1.sg	śpię
spać	V	pres.p2.pl	śpicie
spać	V	pres.p2.sg	śpisz
spać	V	pres.p3.pl	śpią
spać	V	pres.p3.sg	śpi
spadać	V	cond.p1.pl	spadałybyśmy
spadać	V	cond.p1.pl.m.hum	spadalibyśmy
spadać	V	cond.p1.sg.f	spadałabym
spadać	V	cond.p1.sg.m	spadałbym
spadać	V	cond.p2.pl	spadałybyście
spadać	V	cond.p2.pl.m.hum	spadalibyście
spadać	V	cond.p2.sg.f	spadałabyś
spadać	V	cond.p2.sg.m	spadałbyś
spadać	V	cond.p3.pl	spadałyby
spadać	V	cond.p3.pl.m.hum	spadaliby
spadać	V	cond.p3.sg.f	spadałaby
spadać	V	cond.p3.sg.m	spadałby
spadać	V	cond.p3.sg.n	spadałoby
spadać	V	fut.p1.pl	będziemy spadały
spadać	V	fut.p1.pl.m.hum	będziemy spadali
spadać	V	fut.p1.sg.f	będę spadała
spadać	V	fut.p1.sg.m	będę spadał
spadać	V	fut.p2.pl	będziecie spadały
spadać	V	fut.p2.pl.m.hum	będziecie spadali
spadać	V	fut.p2.sg.f	będziesz spadała
spadać	V	fut.p2.sg.m	będziesz spadał
spadać	V	fut.p3.pl	będą spadały
spadać	V	fut.p3.pl.m.hum	będą spadali
spadać	V	fut.p3.sg.f	będzie spadała
spadać	V	fut.p3.sg.m	będzie spadał
spadać	V	fut.p3.sg.n	będzie spadało
spadać	V	imp.p1.pl	spadajmy
spadać	V	imp.p2.pl	spadajcie
spadać	V	imp.p2.sg	spadaj
spadać	V	imp.p3.pl	niech spadają
spadać	V	imp.p3.sg	niech spada
spadać	V	past.p1.pl	spadałyśmy
spadać	V	past.p1.pl.m.hum	spadaliśmy
spadać	V	past.p1.sg.f	spadałam
spadać	V	past.p1.sg.m	spadałem
spadać	V	past.p2.pl	spadałyście
spadać	V	past.p2.pl.m.hum	spadaliście
spadać	V	past.p2.sg.f	spadałaś
spadać	V	past.p2.sg.m	spadałeś
spadać	V	past.p3.pl	spadały
spadać	V	past.p3.pl.m.hum	spadali
spadać	V	past.p3.sg.f	spadała
spadać	V	past.p3.sg.m	spadał
spadać	V	past.p3.sg.n	spadało
spadać	V	pres.p1.pl	spadamy
spadać	V	pres.p1.sg	spadam
spadać	V	pres.p2.pl	spadacie
spadać	V	pres.p2.sg	spadasz
spadać	V	pres.p3.pl	spadają
spadać	V	pres.p3.sg	spada
specjalny	A	pl.acc	specjalne
specjalny	A	pl.dat	specjalnym
specjalny	A	pl.gen	specjalnych
specjalny	A	pl.ins	specjalnymi
specjalny	A	pl.loc	specjalnych
specjalny	A	pl.m.hum.acc	specjalnych
specjalny	A	pl.m.hum.nom	specjalni
specjalny	A	pl.nom	specjalne
specjalny	A	sg.f.acc	specjalną
specjalny	A	sg.f.dat	specjalnej
specjalny	A	sg.f.gen	specjalnej
specjalny	A	sg.f.ins	specjalną
specjalny	A	sg.f.loc	specjalnej
specjalny	A	sg.f.nom	specjalna
specjalny	A	sg.m.anim.acc	specjalnego
specjalny	A	sg.m.dat	specjalnemu
specjalny	A	sg.m.gen	specjalnego
specjalny	A	sg.m.hum.acc	specjalnego
specjalny	A	sg.m.inan.acc	specjalny
specjalny	A	sg.m.ins	specjalnym
specjalny	A	sg.m.loc	specjalnym
specjalny	A	sg.m.nom	specjalny
specjalny	A	sg.n.acc	specjalne
specjalny	A	sg.n.dat	specjalnemu
specjalny	A	sg.n.gen	specjalnego
specjalny	A	sg.n.ins	specjalnym
specjalny	A	sg.n.loc	specjalnym
specjalny	A	sg.n.nom	specjalne
śpiewać	V	cond.p1.pl	śpiewałybyśmy
śpiewać	V	cond.p1.pl.m.hum	śpiewalibyśmy
śpiewać	V	cond.p1.sg.f	śpiewałabym
śpiewać	V	cond.p1.sg.m	śpiewałbym
śpiewać	V	cond.p2.pl	śpiewałybyście
śpiewać	V	cond.p2.pl.m.hum	śpiewalibyście
śpiewać	V	cond.p2.sg.f	śpiewałabyś
śpiewać	V	cond.p2.sg.m	śpiewałbyś
śpiewać	V	cond.p3.pl	śpiewałyby
śpiewać	V	cond.p3.pl.m.hum	śpiewaliby
śpiewać	V	cond.p3.sg.f	śpiewałaby
śpiewać	V	cond.p3.sg.m	śpiewałby
śpiewać	V	cond.p3.sg.n	śpiewałoby
śpiewać	V	fut.p1.pl	będziemy śpiewały
śpiewać	V	fut.p1.pl.m.hum	będziemy śpiewali
śpiewać	V	fut.p1.sg.f	będę śpiewała
śpiewać	V	fut.p1.sg.m	będę śpiewał
śpiewać	V	fut.p2.pl	będziecie śpiewały
śpiewać	V	fut.p2.pl.m.hum	będziecie śpiewali
śpiewać	V	fut.p2.sg.f	będziesz śpiewała
śpiewać	V	fut.p2.sg.m	będziesz śpiewał
śpiewać	V	fut.p3.pl	będą śpiewały
śpiewać	V	fut.p3.pl.m.hum	będą śpiewali
śpiewać	V	fut.p3.sg.f	będzie śpiewała
śpiewać	V	fut.p3.sg.m	będzie śpiewał
śpiewać	V	fut.p3.sg.n	będzie śpiewało
śpiewać	V	imp.p1.pl	śpiewajmy
śpiewać	V	imp.p2.pl	śpiewajcie
śpiewać	V	imp.p2.sg	śpiewaj
śpiewać	V	imp.p3.pl	niech śpiewają
śpiewać	V	imp.p3.sg	niech śpiewa
śpiewać	V	past.p1.pl	śpiewałyśmy
śpiewać	V	past.p1.pl.m.hum	śpiewaliśmy
śpiewać	V	past.p1.sg.f	śpiewałam
śpiewać	V	past.p1.sg.m	śpiewałem
śpiewać	V	past.p2.pl	śpiewałyście
śpiewać	V	past.p2.pl.m.hum	śpiewaliście
śpiewać	V	past.p2.sg.f	śpiewałaś
śpiewać	V	past.p2.sg.m	śpiewałeś
śpiewać	V	past.p3.pl	śpiewały
śpiewać	V	past.p3.pl.m.hum	śpiewali
śpiewać	V	past.p3.sg.f	śpiewała
śpiewać	V	past.p3.sg.m	śpiewał
śpiewać	V	past.p3.sg.n	śpiewało
śpiewać	V	pres.p1.pl	śpiewamy
śpiewać	V	pres.p1.sg	śpiewam
śpiewać	V	pres.p2.pl	śpiewacie
śpiewać	V	pres.p2.sg	śpiewasz
śpiewać	V	pres.p3.pl	śpiewają
śpiewać	V	pres.p3.sg	śpiewa
sposób	N	pl.acc	sposoby
sposób	N	pl.dat	sposobom
sposób	N	pl.gen	sposobów
sposób	N	pl.ins	sposobami
sposób	N	pl.loc	sposobach
sposób	N	pl.nom	sposoby
sposób	N	pl.voc	sposoby
sposób	N	sg.acc	sposób
sposób	N	sg.dat	sposobowi
sposób	N	sg.gen	sposobu
sposób	N	sg.ins	sposobem
sposób	N	sg.loc	sposobie
sposób	N	sg.nom	sposób
sposób	N	sg.voc	sposobie
spotkać	V	cond.p1.pl	spotkałybyśmy
spotkać	V	cond.p1.pl.m.hum	spotkalibyśmy
spotkać	V	cond.p1.sg.f	spotkałabym
spotkać	V	cond.p1.sg.m	spotkałbym
spotkać	V	cond.p2.pl	spotkałybyście
spotkać	V	cond.p2.pl.m.hum	spotkalibyście
spotkać	V	cond.p2.sg.f	spotkałabyś
spotkać	V	cond.p2.sg.m	spotkałbyś
spotkać	V	cond.p3.pl	spotkałyby
spotkać	V	cond.p3.pl.m.hum	spotkaliby
spotkać	V	cond.p3.sg.f	spotkałaby
spotkać	V	cond.p3.sg.m	spotkałby
spotkać	V	cond.p3.sg.n	spotkałoby
spotkać	V	fut.p1.pl	spotkamy
spotkać	V	fut.p1.sg	spotkam
spotkać	V	fut.p2.pl	spotkacie
spotkać	V	fut.p2.sg	spotkasz
spotkać	V	fut.p3.pl	spotkają
spotkać	V	fut.p3.sg	spotka
spotkać	V	imp.p1.pl	spotkajmy
spotkać	V	imp.p1.sg	niech spotkam
spotkać	V	imp.p2.pl	spotkajcie
spotkać	V	imp.p2.sg	spotkaj
spotkać	V	imp.p3.pl	niech spotkają
spotkać	V	imp.p3.sg	niech spotka
spotkać	V	past.p1.pl	spotkałyśmy
spotkać	V	past.p1.pl.m.hum	spotkaliśmy
spotkać	V	past.p1.sg.f	spotkałam
spotkać	V	past.p1.sg.m	spotkałem
spotkać	V	past.p2.pl	spotkałyście
spotkać	V	past.p2.pl.m.hum	spotkaliście
spotkać	V	past.p2.sg.f	spotkałaś
spotkać	V	past.p2.sg.m	spotkałeś
spotkać	V	past.p3.pl	spotkały
spotkać	V	past.p3.pl.m.hum	spotkali
spotkać	V	past.p3.sg.f	spotkała
spotkać	V	past.p3.sg.m	spotkał
spotkać	V	past.p3.sg.n	spotkało
spotkanie	N	pl.acc	spotkania
spotkanie	N	pl.dat	spotkaniom
spotkanie	N	pl.gen	spotkań
spotkanie	N	pl.ins	spotkaniami
spotkanie	N	pl.loc	spotkaniach
spotkanie	N	pl.nom	spotkania
spotkanie	N	pl.voc	spotkania
spotkanie	N	sg.acc	spotkanie
spotkanie	N	sg.dat	spotkaniu
spotkanie	N	sg.gen	spotkania
spotkanie	N	sg.ins	spotkaniem
spotkanie	N	sg.loc	spotkaniu
spotkanie	N	sg.nom	spotkanie
spotkanie	N	sg.voc	spotkanie
sprawa	N	pl.acc	sprawy
sprawa	N	pl.dat	sprawom
sprawa	N	pl.gen	spraw
sprawa	N	pl.ins	sprawami
sprawa	N	pl.loc	sprawach
sprawa	N	pl.nom	sprawy
sprawa	N	pl.voc	sprawy
sprawa	N	sg.acc	sprawę
sprawa	N	sg.dat	sprawie
sprawa	N	sg.gen	sprawy
sprawa	N	sg.ins	sprawą
sprawa	N	sg.loc	sprawie
sprawa	N	sg.nom	sprawa
sprawa	N	sg.voc	sprawo
sprawdzać	V	cond.p1.pl	sprawdzałybyśmy
sprawdzać	V	cond.p1.pl.m.hum	sprawdzalibyśmy
sprawdzać	V	cond.p1.sg.f	sprawdzałabym
sprawdzać	V	cond.p1.sg.m	sprawdzałbym
sprawdzać	V	cond.p2.pl	sprawdzałybyście
sprawdzać	V	cond.p2.pl.m.hum	sprawdzalibyście
sprawdzać	V	cond.p2.sg.f	sprawdzałabyś
sprawdzać	V	cond.p2.sg.m	sprawdzałbyś
sprawdzać	V	cond.p3.pl	sprawdzałyby
sprawdzać	V	cond.p3.pl.m.hum	sprawdzaliby
sprawdzać	V	cond.p3.sg.f	sprawdzałaby
sprawdzać	V	cond.p3.sg.m	sprawdzałby
sprawdzać	V	cond.p3.sg.n	sprawdzałoby
sprawdzać	V	fut.p1.pl	będziemy sprawdzały
sprawdzać	V	fut.p1.pl.m.hum	będziemy sprawdzali
sprawdzać	V	fut.p1.sg.f	będę sprawdzała
sprawdzać	V	fut.p1.sg.m	będę sprawdzał
sprawdzać	V	fut.p2.pl	będziecie sprawdzały
sprawdzać	V	fut.p2.pl.m.hum	będziecie sprawdzali
sprawdzać	V	fut.p2.sg.f	będziesz sprawdzała
sprawdzać	V	fut.p2.sg.m	będziesz sprawdzał
sprawdzać	V	fut.p3.pl	będą sprawdzały
sprawdzać	V	fut.p3.pl.m.hum	będą sprawdzali
sprawdzać	V	fut.p3.sg.f	będzie sprawdzała
sprawdzać	V	fut.p3.sg.m	będzie sprawdzał
sprawdzać	V	fut.p3.sg.n	będzie sprawdzało
sprawdzać	V	imp.p1.pl	sprawdzajmy
sprawdzać	V	imp.p2.pl	sprawdzajcie
sprawdzać	V	imp.p2.sg	sprawdzaj
sprawdzać	V	imp.p3.pl	niech sprawdzają
sprawdzać	V	imp.p3.sg	niech sprawdza
sprawdzać	V	past.p1.pl	sprawdzałyśmy
sprawdzać	V	past.p1.pl.m.hum	sprawdzaliśmy
sprawdzać	V	past.p1.sg.f	sprawdzałam
sprawdzać	V	past.p1.sg.m	sprawdzałem
sprawdzać	V	past.p2.pl	sprawdzałyście
sprawdzać	V	past.p2.pl.m.hum	sprawdzaliście
sprawdzać	V	past.p2.sg.f	sprawdzałaś
sprawdzać	V	past.p2.sg.m	sprawdzałeś
sprawdzać	V	past.p3.pl	sprawdzały
sprawdzać	V	past.p3.pl.m.hum	sprawdzali
sprawdzać	V	past.p3.sg.f	sprawdzała
sprawdzać	V	past.p3.sg.m	sprawdzał
sprawdzać	V	past.p3.sg.n	sprawdzało
sprawdzać	V	pres.p1.pl	sprawdzamy
sprawdzać	V	pres.p1.sg	sprawdzam
sprawdzać	V	pres.p2.pl	sprawdzacie
sprawdzać	V	pres.p2.sg	sprawdzasz
sprawdzać	V	pres.p3.pl	sprawdzają
sprawdzać	V	pres.p3.sg	sprawdza
sprawdzić	V	cond.p1.pl	sprawdziłybyśmy
sprawdzić	V	cond.p1.pl.m.hum	sprawdzilibyśmy
sprawdzić	V	cond.p1.sg.f	sprawdziłabym
sprawdzić	V	cond.p1.sg.m	sprawdziłbym
sprawdzić	V	cond.p2.pl	sprawdziłybyście
sprawdzić	V	cond.p2.pl.m.hum	sprawdzilibyście
sprawdzić	V	cond.p2.sg.f	sprawdziłabyś
sprawdzić	V	cond.p2.sg.m	sprawdziłbyś
sprawdzić	V	cond.p3.pl	sprawdziłyby
sprawdzić	V	cond.p3.pl.m.hum	sprawdziliby
sprawdzić	V	cond.p3.sg.f	sprawdziłaby
sprawdzić	V	cond.p3.sg.m	sprawdziłby
sprawdzić	V	cond.p3.sg.n	sprawdziłoby
sprawdzić	V	fut.p1.pl	sprawdzimy
sprawdzić	V	fut.p1.sg	sprawdzę
sprawdzić	V	fut.p2.pl	sprawdzicie
sprawdzić	V	fut.p2.sg	sprawdzisz
sprawdzić	V	fut.p3.pl	sprawdzą
sprawdzić	V	fut.p3.sg	sprawdzi
sprawdzić	V	imp.p1.pl	sprawdźmy
sprawdzić	V	imp.p1.sg	niech sprawdzę
sprawdzić	V	imp.p2.pl	sprawdźcie
sprawdzić	V	imp.p2.sg	sprawdź
sprawdzić	V	imp.p3.pl	niech sprawdzą
sprawdzić	V	imp.p3.sg	niech sprawdzi
sprawdzić	V	past.p1.pl	sprawdziłyśmy
sprawdzić	V	past.p1.pl.m.hum	sprawdziliśmy
sprawdzić	V	past.p1.sg.f	sprawdziłam
sprawdzić	V	past.p1.sg.m	sprawdziłem
sprawdzić	V	past.p2.pl	sprawdziłyście
sprawdzić	V	past.p2.pl.m.hum	sprawdziliście
sprawdzić	V	past.p2.sg.f	sprawdziłaś
sprawdzić	V	past.p2.sg.m	sprawdziłeś
sprawdzić	V	past.p3.pl	sprawdziły
sprawdzić	V	past.p3.pl.m.hum	sprawdzili
sprawdzić	V	past.p3.sg.f	sprawdziła
sprawdzić	V	past.p3.sg.m	sprawdził
sprawdzić	V	past.p3.sg.n	sprawdziło
sprawiać	V	cond.p1.pl	sprawiałybyśmy
sprawiać	V	cond.p1.pl.m.hum	sprawialibyśmy
sprawiać	V	cond.p1.sg.f	sprawiałabym
sprawiać	V	cond.p1.sg.m	sprawiałbym
sprawiać	V	cond.p2.pl	sprawiałybyście
sprawiać	V	cond.p2.pl.m.hum	sprawialibyście
sprawiać	V	cond.p2.sg.f	sprawiałabyś
sprawiać	V	cond.p2.sg.m	sprawiałbyś
sprawiać	V	cond.p3.pl	sprawiałyby
sprawiać	V	cond.p3.pl.m.hum	sprawialiby
sprawiać	V	cond.p3.sg.f	sprawiałaby
sprawiać	V	cond.p3.sg.m	sprawiałby
sprawiać	V	cond.p3.sg.n	sprawiałoby
sprawiać	V	fut.p1.pl	będziemy sprawiały
sprawiać	V	fut.p1.pl.m.hum	będziemy sprawiali
sprawiać	V	fut.p1.sg.f	będę sprawiała
sprawiać	V	fut.p1.sg.m	będę sprawiał
sprawiać	V	fut.p2.pl	będziecie sprawiały
sprawiać	V	fut.p2.pl.m.hum	będziecie sprawiali
sprawiać	V	fut.p2.sg.f	będziesz sprawiała
sprawiać	V	fut.p2.sg.m	będziesz sprawiał
sprawiać	V	fut.p3.pl	będą sprawiały
sprawiać	V	fut.p3.pl.m.hum	będą sprawiali
sprawiać	V	fut.p3.sg.f	będzie sprawiała
sprawiać	V	fut.p3.sg.m	będzie sprawiał
sprawiać	V	fut.p3.sg.n	będzie sprawiało
sprawiać	V	imp.p1.pl	sprawiajmy
sprawiać	V	imp.p2.pl	sprawiajcie
sprawiać	V	imp.p2.sg	sprawiaj
sprawiać	V	imp.p3.pl	niech sprawiają
sprawiać	V	imp.p3.sg	niech sprawia
sprawiać	V	past.p1.pl	sprawiałyśmy
sprawiać	V	past.p1.pl.m.hum	sprawialiśmy
sprawiać	V	past.p1.sg.f	sprawiałam
sprawiać	V	past.p1.sg.m	sprawiałem
sprawiać	V	past.p2.pl	sprawiałyście
sprawiać	V	past.p2.pl.m.hum	sprawialiście
sprawiać	V	past.p2.sg.f	sprawiałaś
sprawiać	V	past.p2.sg.m	sprawiałeś
sprawiać	V	past.p3.pl	sprawiały
sprawiać	V	past.p3.pl.m.hum	sprawiali
sprawiać	V	past.p3.sg.f	sprawiała
sprawiać	V	past.p3.sg.m	sprawiał
sprawiać	V	past.p3.sg.n	sprawiało
sprawiać	V	pres.p1.pl	sprawiamy
sprawiać	V	pres.p1.sg	sprawiam
sprawiać	V	pres.p2.pl	sprawiacie
sprawiać	V	pres.p2.sg	sprawiasz
sprawiać	V	pres.p3.pl	sprawiają
sprawiać	V	pres.p3.sg	sprawia
spróbować	V	cond.p1.pl	spróbowałybyśmy
spróbować	V	cond.p1.pl.m.hum	spróbowalibyśmy
spróbować	V	cond.p1.sg.f	spróbowałabym
spróbować	V	cond.p1.sg.m	spróbowałbym
spróbować	V	cond.p2.pl	spróbowałybyście
spróbować	V	cond.p2.pl.m.hum	spróbowalibyście
spróbować	V	cond.p2.sg.f	spróbowałabyś
spróbować	V	cond.p2.sg.m	spróbowałbyś
spróbować	V	cond.p3.pl	spróbowałyby
spróbować	V	cond.p3.pl.m.hum	spróbowaliby
spróbować	V	cond.p3.sg.f	spróbowałaby
spróbować	V	cond.p3.sg.m	spróbowałby
spróbować	V	cond.p3.sg.n	spróbowałoby
spróbować	V	fut.p1.pl	spróbujemy
spróbować	V	fut.p1.sg	spróbuję
spróbować	V	fut.p2.pl	spróbujecie
spróbować	V	fut.p2.sg	spróbujesz
spróbować	V	fut.p3.pl	spróbują
spróbować	V	fut.p3.sg	spróbuje
spróbować	V	imp.p1.pl	spróbujmy
spróbować	V	imp.p1.sg	niech spróbuję
spróbować	V	imp.p2.pl	spróbujcie
spróbować	V	imp.p2.sg	spróbuj
spróbować	V	imp.p3.pl	niech spróbują
spróbować	V	imp.p3.sg	niech spróbuje
spróbować	V	past.p1.pl	spróbowałyśmy
spróbować	V	past.p1.pl.m.hum	spróbowaliśmy
spróbować	V	past.p1.sg.f	spróbowałam
spróbować	V	past.p1.sg.m	spróbowałem
spróbować	V	past.p2.pl	spróbowałyście
spróbować	V	past.p2.pl.m.hum	spróbowaliście
spróbować	V	past.p2.sg.f	spróbowałaś
spróbować	V	past.p2.sg.m	spróbowałeś
spróbować	V	past.p3.pl	spróbowały
spróbować	V	past.p3.pl.m.hum	spróbowali
spróbować	V	past.p3.sg.f	spróbowała
spróbować	V	past.p3.sg.m	spróbował
spróbować	V	past.p3.sg.n	spróbowało
sprzedaż	N	pl.acc	sprzedaże
sprzedaż	N	pl.dat	sprzedażom
sprzedaż	N	pl.gen	sprzedaży
sprzedaż	N	pl.ins	sprzedażami
sprzedaż	N	pl.loc	sprzedażach
sprzedaż	N	pl.nom	sprzedaże
sprzedaż	N	pl.voc	sprzedaże
sprzedaż	N	sg.acc	sprzedaż
sprzedaż	N	sg.dat	sprzedaży
sprzedaż	N	sg.gen	sprzedaży
sprzedaż	N	sg.ins	sprzedażą
sprzedaż	N	sg.loc	sprzedaży
sprzedaż	N	sg.nom	sprzedaż
sprzedaż	N	sg.voc	sprzedaży
sprzęt	N	pl.acc	sprzęty
sprzęt	N	pl.dat	sprzętom
sprzęt	N	pl.gen	sprzętów
sprzęt	N	pl.ins	sprzętami
sprzęt	N	pl.loc	sprzętach
sprzęt	N	pl.nom	sprzęty
sprzęt	N	pl.voc	sprzęty
sprzęt	N	sg.acc	sprzęt
sprzęt	N	sg.dat	sprzętowi
sprzęt	N	sg.gen	sprzętu
sprzęt	N	sg.ins	sprzętem
sprzęt	N	sg.loc	sprzęcie
sprzęt	N	sg.nom	sprzęt
sprzęt	N	sg.voc	sprzęcie
środek	N	pl.acc	środki
środek	N	pl.dat	środkom
środek	N	pl.gen	środków
środek	N	pl.ins	środkami
środek	N	pl.loc	środkach
środek	N	pl.nom	środki
środek	N	pl.voc	środki
środek	N	sg.acc	środek
środek	N	sg.dat	środkowi
środek	N	sg.gen	środka
środek	N	sg.ins	środkiem
środek	N	sg.loc	środku
środek	N	sg.nom	środek
środek	N	sg.voc	środku
stacja	N	pl.acc	stacje
stacja	N	pl.dat	stacjom
stacja	N	pl.gen	stacji
stacja	N	pl.ins	stacjami
stacja	N	pl.loc	stacjach
stacja	N	pl.nom	stacje
stacja	N	pl.voc	stacje
stacja	N	sg.acc	stację
stacja	N	sg.dat	stacji
stacja	N	sg.gen	stacji
stacja	N	sg.ins	stacją
stacja	N	sg.loc	stacji
stacja	N	sg.nom	stacja
stacja	N	sg.voc	stacjo
stan	N	pl.acc	stany
stan	N	pl.dat	stanom
stan	N	pl.gen	stanów
stan	N	pl.ins	stanami
stan	N	pl.loc	stanach
stan	N	pl.nom	stany
stan	N	pl.voc	stany
stan	N	sg.acc	stan
stan	N	sg.dat	stanowi
stan	N	sg.gen	stanu
stan	N	sg.ins	stanem
stan	N	sg.loc	stanie
stan	N	sg.nom	stan
stan	N	sg.voc	stanie
stanowisko	N	pl.acc	stanowiska
stanowisko	N	pl.dat	stanowiskom
stanowisko	N	pl.gen	stanowisek
stanowisko	N	pl.ins	stanowiskami
stanowisko	N	pl.loc	stanowiskach
stanowisko	N	pl.nom	stanowiska
stanowisko	N	pl.voc	stanowiska
stanowisko	N	sg.acc	stanowisko
stanowisko	N	sg.dat	stanowisku
stanowisko	N	sg.gen	stanowiska
stanowisko	N	sg.ins	stanowiskiem
stanowisko	N	sg.loc	stanowisku
stanowisko	N	sg.nom	stanowisko
stanowisko	N	sg.voc	stanowisko
starszy	A	pl.acc	starsze
starszy	A	pl.dat	starszym
starszy	A	pl.gen	starszych
starszy	A	pl.ins	starszymi
starszy	A	pl.loc	starszych
starszy	A	pl.m.hum.acc	starszych
starszy	A	pl.m.hum.nom	starsi
starszy	A	pl.nom	starsze
starszy	A	sg.f.acc	starszą
starszy	A	sg.f.dat	starszej
starszy	A	sg.f.gen	starszej
starszy	A	sg.f.ins	starszą
starszy	A	sg.f.loc	starszej
starszy	A	sg.f.nom	starsza
starszy	A	sg.m.anim.acc	starszego
starszy	A	sg.m.dat	starszemu
starszy	A	sg.m.gen	starszego
starszy	A	sg.m.hum.acc	starszego
starszy	A	sg.m.inan.acc	starszy
starszy	A	sg.m.ins	starszym
starszy	A	sg.m.loc	starszym
starszy	A	sg.m.nom	starszy
starszy	A	sg.n.acc	starsze
starszy	A	sg.n.dat	starszemu
starszy	A	sg.n.gen	starszego
starszy	A	sg.n.ins	starszym
starszy	A	sg.n.loc	starszym
starszy	A	sg.n.nom	starsze
stary	A	pl.acc	stare
stary	A	pl.dat	starym
stary	A	pl.gen	starych
stary	A	pl.ins	starymi
stary	A	pl.loc	starych
stary	A	pl.m.hum.acc	starych
stary	A	pl.m.hum.nom	starzy
stary	A	pl.nom	stare
stary	A	sg.f.acc	starą
stary	A	sg.f.dat	starej
stary	A	sg.f.gen	starej
stary	A	sg.f.ins	starą
stary	A	sg.f.loc	starej
stary	A	sg.f.nom	stara
stary	A	sg.m.anim.acc	starego
stary	A	sg.m.dat	staremu
stary	A	sg.m.gen	starego
stary	A	sg.m.hum.acc	starego
stary	A	sg.m.inan.acc	stary
stary	A	sg.m.ins	starym
stary	A	sg.m.loc	starym
stary	A	sg.m.nom	stary
stary	A	sg.n.acc	stare
stary	A	sg.n.dat	staremu
stary	A	sg.n.gen	starego
stary	A	sg.n.ins	starym
stary	A	sg.n.loc	starym
stary	A	sg.n.nom	stare
statek	N	pl.acc	statki
statek	N	pl.dat	statkom
statek	N	pl.gen	statków
statek	N	pl.ins	statkami
statek	N	pl.loc	statkach
statek	N	pl.nom	statki
statek	N	pl.voc	statki
statek	N	sg.acc	statek
statek	N	sg.dat	statkowi
statek	N	sg.gen	statku
statek	N	sg.ins	statkiem
statek	N	sg.loc	statku
statek	N	sg.nom	statek
statek	N	sg.voc	statku
stawiać	V	cond.p1.pl	stawiałybyśmy
stawiać	V	cond.p1.pl.m.hum	stawialibyśmy
stawiać	V	cond.p1.sg.f	stawiałabym
stawiać	V	cond.p1.sg.m	stawiałbym
stawiać	V	cond.p2.pl	stawiałybyście
stawiać	V	cond.p2.pl.m.hum	stawialibyście
stawiać	V	cond.p2.sg.f	stawiałabyś
stawiać	V	cond.p2.sg.m	stawiałbyś
stawiać	V	cond.p3.pl	stawiałyby
stawiać	V	cond.p3.pl.m.hum	stawialiby
stawiać	V	cond.p3.sg.f	stawiałaby
stawiać	V	cond.p3.sg.m	stawiałby
stawiać	V	cond.p3.sg.n	stawiałoby
stawiać	V	fut.p1.pl	będziemy stawiały
stawiać	V	fut.p1.pl.m.hum	będziemy stawiali
stawiać	V	fut.p1.sg.f	będę stawiała
stawiać	V	fut.p1.sg.m	będę stawiał
stawiać	V	fut.p2.pl	będziecie stawiały
stawiać	V	fut.p2.pl.m.hum	będziecie stawiali
stawiać	V	fut.p2.sg.f	będziesz stawiała
stawiać	V	fut.p2.sg.m	będziesz stawiał
stawiać	V	fut.p3.pl	będą stawiały
stawiać	V	fut.p3.pl.m.hum	będą stawiali
stawiać	V	fut.p3.sg.f	będzie stawiała
stawiać	V	fut.p3.sg.m	będzie stawiał
stawiać	V	fut.p3.sg.n	będzie stawiało
stawiać	V	imp.p1.pl	stawiajmy
stawiać	V	imp.p2.pl	stawiajcie
stawiać	V	imp.p2.sg	stawiaj
stawiać	V	imp.p3.pl	niech stawiają
stawiać	V	imp.p3.sg	niech stawia
stawiać	V	past.p1.pl	stawiałyśmy
stawiać	V	past.p1.pl.m.hum	stawialiśmy
stawiać	V	past.p1.sg.f	stawiałam
stawiać	V	past.p1.sg.m	stawiałem
stawiać	V	past.p2.pl	stawiałyście
stawiać	V	past.p2.pl.m.hum	stawialiście
stawiać	V	past.p2.sg.f	stawiałaś
stawiać	V	past.p2.sg.m	stawiałeś
stawiać	V	past.p3.pl	stawiały
stawiać	V	past.p3.pl.m.hum	stawiali
stawiać	V	past.p3.sg.f	stawiała
stawiać	V	past.p3.sg.m	stawiał
stawiać	V	past.p3.sg.n	stawiało
stawiać	V	pres.p1.pl	stawiamy
stawiać	V	pres.p1.sg	stawiam
stawiać	V	pres.p2.pl	stawiacie
stawiać	V	pres.p2.sg	stawiasz
stawiać	V	pres.p3.pl	stawiają
stawiać	V	pres.p3.sg	stawia
stół	N	pl.acc	stoły
stół	N	pl.dat	stołom
stół	N	pl.gen	stołów
stół	N	pl.ins	stołami
stół	N	pl.loc	stołach
stół	N	pl.nom	stoły
stół	N	pl.voc	stoły
stół	N	sg.acc	stół
stół	N	sg.dat	stołowi
stół	N	sg.gen	stołu
stół	N	sg.ins	stołem
stół	N	sg.loc	stole
stół	N	sg.nom	stół
stół	N	sg.voc	stole
stopa	N	pl.acc	stopy
stopa	N	pl.dat	stopom
stopa	N	pl.gen	stóp
stopa	N	pl.ins	stopami
stopa	N	pl.loc	stopach
stopa	N	pl.nom	stopy
stopa	N	pl.voc	stopy
stopa	N	sg.acc	stopę
stopa	N	sg.dat	stopie
stopa	N	sg.gen	stopy
stopa	N	sg.ins	stopą
stopa	N	sg.loc	stopie
stopa	N	sg.nom	stopa
stopa	N	sg.voc	stopo
stopień	N	pl.acc	stopnie
stopień	N	pl.dat	stopniom
stopień	N	pl.gen	stopni
stopień	N	pl.ins	stopniami
stopień	N	pl.loc	stopniach
stopień	N	pl.nom	stopnie
stopień	N	pl.voc	stopnie
stopień	N	sg.acc	stopień
stopień	N	sg.dat	stopniowi
stopień	N	sg.gen	stopnia
stopień	N	sg.ins	stopniem
stopień	N	sg.loc	stopniu
stopień	N	sg.nom	stopień
stopień	N	sg.voc	stopniu
strach	N	pl.acc	strachy
strach	N	pl.dat	strachom
strach	N	pl.gen	strachów
strach	N	pl.ins	strachami
strach	N	pl.loc	strachach
strach	N	pl.nom	strachy
strach	N	pl.voc	strachy
strach	N	sg.acc	strach
strach	N	sg.dat	strachowi
strach	N	sg.gen	strachu
strach	N	sg.ins	strachem
strach	N	sg.loc	strachu
strach	N	sg.nom	strach
strach	N	sg.voc	strachu
stracić	V	cond.p1.pl	straciłybyśmy
stracić	V	cond.p1.pl.m.hum	stracilibyśmy
stracić	V	cond.p1.sg.f	straciłabym
stracić	V	cond.p1.sg.m	straciłbym
stracić	V	cond.p2.pl	straciłybyście
stracić	V	cond.p2.pl.m.hum	stracilibyście
stracić	V	cond.p2.sg.f	straciłabyś
stracić	V	cond.p2.sg.m	straciłbyś
stracić	V	cond.p3.pl	straciłyby
stracić	V	cond.p3.pl.m.hum	straciliby
stracić	V	cond.p3.sg.f	straciłaby
stracić	V	cond.p3.sg.m	straciłby
stracić	V	cond.p3.sg.n	straciłoby
stracić	V	fut.p1.pl	stracimy
stracić	V	fut.p1.sg	stracę
stracić	V	fut.p2.pl	stracicie
stracić	V	fut.p2.sg	stracisz
stracić	V	fut.p3.pl	stracą
stracić	V	fut.p3.sg	straci
stracić	V	imp.p1.pl	straćmy
stracić	V	imp.p1.sg	niech stracę
stracić	V	imp.p2.pl	straćcie
stracić	V	imp.p2.sg	strać
stracić	V	imp.p3.pl	niech stracą
stracić	V	imp.p3.sg	niech straci
stracić	V	past.p1.pl	straciłyśmy
stracić	V	past.p1.pl.m.hum	straciliśmy
stracić	V	past.p1.sg.f	straciłam
stracić	V	past.p1.sg.m	straciłem
stracić	V	past.p2.pl	straciłyście
stracić	V	past.p2.pl.m.hum	straciliście
stracić	V	past.p2.sg.f	straciłaś
stracić	V	past.p2.sg.m	straciłeś
stracić	V	past.p3.pl	straciły
stracić	V	past.p3.pl.m.hum	stracili
stracić	V	past.p3.sg.f	straciła
stracić	V	past.p3.sg.m	stracił
stracić	V	past.p3.sg.n	straciło
straszny	A	pl.acc	straszne
straszny	A	pl.dat	strasznym
straszny	A	pl.gen	strasznych
straszny	A	pl.ins	strasznymi
straszny	A	pl.loc	strasznych
straszny	A	pl.m.hum.acc	strasznych
straszny	A	pl.m.hum.nom	straszni
straszny	A	pl.nom	straszne
straszny	A	sg.f.acc	straszną
straszny	A	sg.f.dat	strasznej
straszny	A	sg.f.gen	strasznej
straszny	A	sg.f.ins	straszną
straszny	A	sg.f.loc	strasznej
straszny	A	sg.f.nom	straszna
straszny	A	sg.m.anim.acc	strasznego
straszny	A	sg.m.dat	strasznemu
straszny	A	sg.m.gen	strasznego
straszny	A	sg.m.hum.acc	strasznego
straszny	A	sg.m.inan.acc	straszny
straszny	A	sg.m.ins	strasznym
straszny	A	sg.m.loc	strasznym
straszny	A	sg.m.nom	straszny
straszny	A	sg.n.acc	straszne
straszny	A	sg.n.dat	strasznemu
straszny	A	sg.n.gen	strasznego
straszny	A	sg.n.ins	strasznym
straszny	A	sg.n.loc	strasznym
straszny	A	sg.n.nom	straszne
strata	N	pl.acc	straty
strata	N	pl.dat	stratom
strata	N	pl.gen	strat
strata	N	pl.ins	stratami
strata	N	pl.loc	stratach
strata	N	pl.nom	straty
strata	N	pl.voc	straty
strata	N	sg.acc	stratę
strata	N	sg.dat	stracie
strata	N	sg.gen	straty
strata	N	sg.ins	stratą
strata	N	sg.loc	stracie
strata	N	sg.nom	strata
strata	N	sg.voc	strato
strażnik	N	pl.acc	strażników
strażnik	N	pl.dat	strażnikom
strażnik	N	pl.gen	strażników
strażnik	N	pl.ins	strażnikami
strażnik	N	pl.loc	strażnikach
strażnik	N	pl.nom	strażnicy
strażnik	N	pl.voc	strażnicy
strażnik	N	sg.acc	strażnika
strażnik	N	sg.dat	strażnikowi
strażnik	N	sg.gen	strażnika
strażnik	N	sg.ins	strażnikiem
strażnik	N	sg.loc	strażniku
strażnik	N	sg.nom	strażnik
strażnik	N	sg.voc	strażniku
strefa	N	pl.acc	strefy
strefa	N	pl.dat	strefom
strefa	N	pl.gen	stref
strefa	N	pl.ins	strefami
strefa	N	pl.loc	strefach
strefa	N	pl.nom	strefy
strefa	N	pl.voc	strefy
strefa	N	sg.acc	strefę
strefa	N	sg.dat	strefie
strefa	N	sg.gen	strefy
strefa	N	sg.ins	strefą
strefa	N	sg.loc	strefie
strefa	N	sg.nom	strefa
strefa	N	sg.voc	strefo
strona	N	pl.acc	strony
strona	N	pl.dat	stronom
strona	N	pl.gen	stron
strona	N	pl.ins	stronami
strona	N	pl.loc	stronach
strona	N	pl.nom	strony
strona	N	pl.voc	strony
strona	N	sg.acc	stronę
strona	N	sg.dat	stronie
strona	N	sg.gen	strony
strona	N	sg.ins	stroną
strona	N	sg.loc	stronie
strona	N	sg.nom	strona
strona	N	sg.voc	strono
strzała	N	pl.acc	strzały
strzała	N	pl.dat	strzałom
strzała	N	pl.gen	strzał
strzała	N	pl.ins	strzałami
strzała	N	pl.loc	strzałach
strzała	N	pl.nom	strzały
strzała	N	pl.voc	strzały
strzała	N	sg.acc	strzałę
strzała	N	sg.dat	strzale
strzała	N	sg.gen	strzały
strzała	N	sg.ins	strzałą
strzała	N	sg.loc	strzale
strzała	N	sg.nom	strzała
strzała	N	sg.voc	strzało
strzelać	V	cond.p1.pl	strzelałybyśmy
strzelać	V	cond.p1.pl.m.hum	strzelalibyśmy
strzelać	V	cond.p1.sg.f	strzelałabym
strzelać	V	cond.p1.sg.m	strzelałbym
strzelać	V	cond.p2.pl	strzelałybyście
strzelać	V	cond.p2.pl.m.hum	strzelalibyście
strzelać	V	cond.p2.sg.f	strzelałabyś
strzelać	V	cond.p2.sg.m	strzelałbyś
strzelać	V	cond.p3.pl	strzelałyby
strzelać	V	cond.p3.pl.m.hum	strzelaliby
strzelać	V	cond.p3.sg.f	strzelałaby
strzelać	V	cond.p3.sg.m	strzelałby
strzelać	V	cond.p3.sg.n	strzelałoby
strzelać	V	fut.p1.pl	będziemy strzelały
strzelać	V	fut.p1.pl.m.hum	będziemy strzelali
strzelać	V	fut.p1.sg.f	będę strzelała
strzelać	V	fut.p1.sg.m	będę strzelał
strzelać	V	fut.p2.pl	będziecie strzelały
strzelać	V	fut.p2.pl.m.hum	będziecie strzelali
strzelać	V	fut.p2.sg.f	będziesz strzelała
strzelać	V	fut.p2.sg.m	będziesz strzelał
strzelać	V	fut.p3.pl	będą strzelały
strzelać	V	fut.p3.pl.m.hum	będą strzelali
strzelać	V	fut.p3.sg.f	będzie strzelała
strzelać	V	fut.p3.sg.m	będzie strzelał
strzelać	V	fut.p3.sg.n	będzie strzelało
strzelać	V	imp.p1.pl	strzelajmy
strzelać	V	imp.p2.pl	strzelajcie
strzelać	V	imp.p2.sg	strzelaj
strzelać	V	imp.p3.pl	niech strzelają
strzelać	V	imp.p3.sg	niech strzela
strzelać	V	past.p1.pl	strzelałyśmy
strzelać	V	past.p1.pl.m.hum	strzelaliśmy
strzelać	V	past.p1.sg.f	strzelałam
strzelać	V	past.p1.sg.m	strzelałem
strzelać	V	past.p2.pl	strzelałyście
strzelać	V	past.p2.pl.m.hum	strzelaliście
strzelać	V	past.p2.sg.f	strzelałaś
strzelać	V	past.p2.sg.m	strzelałeś
strzelać	V	past.p3.pl	strzelały
strzelać	V	past.p3.pl.m.hum	strzelali
strzelać	V	past.p3.sg.f	strzelała
strzelać	V	past.p3.sg.m	strzelał
strzelać	V	past.p3.sg.n	strzelało
strzelać	V	pres.p1.pl	strzelamy
strzelać	V	pres.p1.sg	strzelam
strzelać	V	pres.p2.pl	strzelacie
strzelać	V	pres.p2.sg	strzelasz
strzelać	V	pres.p3.pl	strzelają
strzelać	V	pres.p3.sg	strzela
suka	N	pl.acc	suki
suka	N	pl.dat	sukom
suka	N	pl.gen	suk
suka	N	pl.ins	sukami
suka	N	pl.loc	sukach
suka	N	pl.nom	suki
suka	N	pl.voc	suki
suka	N	sg.acc	sukę
suka	N	sg.dat	suce
suka	N	sg.gen	suki
suka	N	sg.ins	suką
suka	N	sg.loc	suce
suka	N	sg.nom	suka
suka	N	sg.voc	suko
sukces	N	pl.acc	sukcesy
sukces	N	pl.dat	sukcesom
sukces	N	pl.gen	sukcesów
sukces	N	pl.ins	sukcesami
sukces	N	pl.loc	sukcesach
sukces	N	pl.nom	sukcesy
sukces	N	pl.voc	sukcesy
sukces	N	sg.acc	sukces
sukces	N	sg.dat	sukcesowi
sukces	N	sg.gen	sukcesu
sukces	N	sg.ins	sukcesem
sukces	N	sg.loc	sukcesie
sukces	N	sg.nom	sukces
sukces	N	sg.voc	sukcesie
sukinsyn	N	pl.acc	sukinsynów
sukinsyn	N	pl.dat	sukinsynom
sukinsyn	N	pl.gen	sukinsynów
sukinsyn	N	pl.ins	sukinsynami
sukinsyn	N	pl.loc	sukinsynach
sukinsyn	N	pl.nom	sukinsyni
sukinsyn	N	pl.voc	sukinsyni
sukinsyn	N	sg.acc	sukinsyna
sukinsyn	N	sg.dat	sukinsynowi
sukinsyn	N	sg.gen	sukinsyna
sukinsyn	N	sg.ins	sukinsynem
sukinsyn	N	sg.loc	sukinsynie
sukinsyn	N	sg.nom	sukinsyn
sukinsyn	N	sg.voc	sukinsynie
suma	N	pl.acc	sumy
suma	N	pl.dat	sumom
suma	N	pl.gen	sum
suma	N	pl.ins	sumami
suma	N	pl.loc	sumach
suma	N	pl.nom	sumy
suma	N	pl.voc	sumy
suma	N	sg.acc	sumę
suma	N	sg.dat	sumie
suma	N	sg.gen	sumy
suma	N	sg.ins	sumą
suma	N	sg.loc	sumie
suma	N	sg.nom	suma
suma	N	sg.voc	sumo
świadek	N	pl.acc	świadków
świadek	N	pl.dat	świadkom
świadek	N	pl.gen	świadków
świadek	N	pl.ins	świadkami
świadek	N	pl.loc	świadkach
świadek	N	pl.nom	świadkowie
świadek	N	pl.voc	świadkowie
świadek	N	sg.acc	świadka
świadek	N	sg.dat	świadkowi
świadek	N	sg.gen	świadka
świadek	N	sg.ins	świadkiem
świadek	N	sg.loc	świadku
świadek	N	sg.nom	świadek
świadek	N	sg.voc	świadku
świat	N	pl.acc	światy
świat	N	pl.dat	światom
świat	N	pl.gen	światów
świat	N	pl.ins	światami
świat	N	pl.loc	światach
świat	N	pl.nom	światy
świat	N	pl.voc	światy
świat	N	sg.acc	świat
świat	N	sg.dat	światu
świat	N	sg.gen	świata
świat	N	sg.ins	światem
świat	N	sg.loc	świecie
świat	N	sg.nom	świat
świat	N	sg.voc	świecie
światło	N	pl.acc	światła
światło	N	pl.dat	światłom
światło	N	pl.gen	świateł
światło	N	pl.ins	światłami
światło	N	pl.loc	światłach
światło	N	pl.nom	światła
światło	N	pl.voc	światła
światło	N	sg.acc	światło
światło	N	sg.dat	światłu
światło	N	sg.gen	światła
światło	N	sg.ins	światłem
światło	N	sg.loc	świetle
światło	N	sg.nom	światło
światło	N	sg.voc	światło
świetny	A	pl.acc	świetne
świetny	A	pl.dat	świetnym
świetny	A	pl.gen	świetnych
świetny	A	pl.ins	świetnymi
świetny	A	pl.loc	świetnych
świetny	A	pl.m.hum.acc	świetnych
świetny	A	pl.m.hum.nom	świetni
świetny	A	pl.nom	świetne
świetny	A	sg.f.acc	świetną
świetny	A	sg.f.dat	świetnej
świetny	A	sg.f.gen	świetnej
świetny	A	sg.f.ins	świetną
świetny	A	sg.f.loc	świetnej
świetny	A	sg.f.nom	świetna
świetny	A	sg.m.anim.acc	świetnego
świetny	A	sg.m.dat	świetnemu
świetny	A	sg.m.gen	świetnego
świetny	A	sg.m.hum.acc	świetnego
świetny	A	sg.m.inan.acc	świetny
świetny	A	sg.m.ins	świetnym
świetny	A	sg.m.loc	świetnym
świetny	A	sg.m.nom	świetny
świetny	A	sg.n.acc	świetne
świetny	A	sg.n.dat	świetnemu
świetny	A	sg.n.gen	świetnego
świetny	A	sg.n.ins	świetnym
świetny	A	sg.n.loc	świetnym
świetny	A	sg.n.nom	świetne
święto	N	pl.acc	święta
święto	N	pl.dat	świętom
święto	N	pl.gen	świąt
święto	N	pl.ins	świętami
święto	N	pl.loc	świętach
święto	N	pl.nom	święta
święto	N	pl.voc	święta
święto	N	sg.acc	święto
święto	N	sg.dat	świętu
święto	N	sg.gen	święta
święto	N	sg.ins	świętem
święto	N	sg.loc	święcie
święto	N	sg.nom	święto
święto	N	sg.voc	święto
świeży	A	pl.acc	świeże
świeży	A	pl.dat	świeżym
świeży	A	pl.gen	świeżych
świeży	A	pl.ins	świeżymi
świeży	A	pl.loc	świeżych
świeży	A	pl.m.hum.acc	świeżych
świeży	A	pl.m.hum.nom	świeży
świeży	A	pl.nom	świeże
świeży	A	sg.f.acc	świeżą
świeży	A	sg.f.dat	świeżej
świeży	A	sg.f.gen	świeżej
świeży	A	sg.f.ins	świeżą
świeży	A	sg.f.loc	świeżej
świeży	A	sg.f.nom	świeża
świeży	A	sg.m.anim.acc	świeżego
świeży	A	sg.m.dat	świeżemu
świeży	A	sg.m.gen	świeżego
świeży	A	sg.m.hum.acc	świeżego
świeży	A	sg.m.inan.acc	świeży
świeży	A	sg.m.ins	świeżym
świeży	A	sg.m.loc	świeżym
świeży	A	sg.m.nom	świeży
świeży	A	sg.n.acc	świeże
świeży	A	sg.n.dat	świeżemu
świeży	A	sg.n.gen	świeżego
świeży	A	sg.n.ins	świeżym
świeży	A	sg.n.loc	świeżym
świeży	A	sg.n.nom	świeże
sygnał	N	pl.acc	sygnały
sygnał	N	pl.dat	sygnałom
sygnał	N	pl.gen	sygnałów
sygnał	N	pl.ins	sygnałami
sygnał	N	pl.loc	sygnałach
sygnał	N	pl.nom	sygnały
sygnał	N	pl.voc	sygnały
sygnał	N	sg.acc	sygnał
sygnał	N	sg.dat	sygnałowi
sygnał	N	sg.gen	sygnału
sygnał	N	sg.ins	sygnałem
sygnał	N	sg.loc	sygnale
sygnał	N	sg.nom	sygnał
sygnał	N	sg.voc	sygnale
syn	N	pl.acc	synów
syn	N	pl.dat	synom
syn	N	pl.gen	synów
syn	N	pl.ins	synami
syn	N	pl.loc	synach
syn	N	pl.nom	synowie
syn	N	pl.voc	synowie
syn	N	sg.acc	syna
syn	N	sg.dat	synowi
syn	N	sg.gen	syna
syn	N	sg.ins	synem
syn	N	sg.loc	synu
syn	N	sg.nom	syn
syn	N	sg.voc	synu
sypialnia	N	pl.acc	sypialnie
sypialnia	N	pl.dat	sypialniom
sypialnia	N	pl.gen	sypialni
sypialnia	N	pl.ins	sypialniami
sypialnia	N	pl.loc	sypialniach
sypialnia	N	pl.nom	sypialnie
sypialnia	N	pl.voc	sypialnie
sypialnia	N	sg.acc	sypialnię
sypialnia	N	sg.dat	sypialni
sypialnia	N	sg.gen	sypialni
sypialnia	N	sg.ins	sypialnią
sypialnia	N	sg.loc	sypialni
sypialnia	N	sg.nom	sypialnia
sypialnia	N	sg.voc	sypialnio
system	N	pl.acc	systemy
system	N	pl.dat	systemom
system	N	pl.gen	systemów
system	N	pl.ins	systemami
system	N	pl.loc	systemach
system	N	pl.nom	systemy
system	N	pl.voc	systemy
system	N	sg.acc	system
system	N	sg.dat	systemowi
system	N	sg.gen	systemu
system	N	sg.ins	systemem
system	N	sg.loc	systemie
system	N	sg.nom	system
system	N	sg.voc	systemie
sytuacja	N	pl.acc	sytuacje
sytuacja	N	pl.dat	sytuacjom
sytuacja	N	pl.gen	sytuacji
sytuacja	N	pl.ins	sytuacjami
sytuacja	N	pl.loc	sytuacjach
sytuacja	N	pl.nom	sytuacje
sytuacja	N	pl.voc	sytuacje
sytuacja	N	sg.acc	sytuację
sytuacja	N	sg.dat	sytuacji
sytuacja	N	sg.gen	sytuacji
sytuacja	N	sg.ins	sytuacją
sytuacja	N	sg.loc	sytuacji
sytuacja	N	sg.nom	sytuacja
sytuacja	N	sg.voc	sytuacjo
szacunek	N	pl.acc	szacunki
szacunek	N	pl.dat	szacunkom
szacunek	N	pl.gen	szacunków
szacunek	N	pl.ins	szacunkami
szacunek	N	pl.loc	szacunkach
szacunek	N	pl.nom	szacunki
szacunek	N	pl.voc	szacunki
szacunek	N	sg.acc	szacunek
szacunek	N	sg.dat	szacunkowi
szacunek	N	sg.gen	szacunku
szacunek	N	sg.ins	szacunkiem
szacunek	N	sg.loc	szacunku
szacunek	N	sg.nom	szacunek
szacunek	N	sg.voc	szacunku
szaleństwo	N	pl.acc	szaleństwa
szaleństwo	N	pl.dat	szaleństwom
szaleństwo	N	pl.gen	szaleństw
szaleństwo	N	pl.ins	szaleństwami
szaleństwo	N	pl.loc	szaleństwach
szaleństwo	N	pl.nom	szaleństwa
szaleństwo	N	pl.voc	szleństwa
szaleństwo	N	sg.acc	szaleństwo
szaleństwo	N	sg.dat	szaleństwu
szaleństwo	N	sg.gen	szaleństwa
szaleństwo	N	sg.ins	szaleństwem
szaleństwo	N	sg.loc	szaleństwie
szaleństwo	N	sg.nom	szaleństwo
szaleństwo	N	sg.voc	szaleństwo
szalony	A	pl.acc	szalone
szalony	A	pl.dat	szalonym
szalony	A	pl.gen	szalonych
szalony	A	pl.ins	szalonymi
szalony	A	pl.loc	szalonych
szalony	A	pl.m.hum.acc	szalonych
szalony	A	pl.m.hum.nom	szaleni
szalony	A	pl.nom	szalone
szalony	A	sg.f.acc	szaloną
szalony	A	sg.f.dat	szalonej
szalony	A	sg.f.gen	szalonej
szalony	A	sg.f.ins	szaloną
szalony	A	sg.f.loc	szalonej
szalony	A	sg.f.nom	szalona
szalony	A	sg.m.anim.acc	szalonego
szalony	A	sg.m.dat	szalonemu
szalony	A	sg.m.gen	szalonego
szalony	A	sg.m.hum.acc	szalonego
szalony	A	sg.m.inan.acc	szalony
szalony	A	sg.m.ins	szalonym
szalony	A	sg.m.loc	szalonym
szalony	A	sg.m.nom	szalony
szalony	A	sg.n.acc	szalone
szalony	A	sg.n.dat	szalonemu
szalony	A	sg.n.gen	szalonego
szalony	A	sg.n.ins	szalonym
szalony	A	sg.n.loc	szalonym
szalony	A	sg.n.nom	szalone
szanować	V	cond.p1.pl	szanowałybyśmy
szanować	V	cond.p1.pl.m.hum	szanowalibyśmy
szanować	V	cond.p1.sg.f	szanowałabym
szanować	V	cond.p1.sg.m	szanowałbym
szanować	V	cond.p2.pl	szanowałybyście
szanować	V	cond.p2.pl.m.hum	szanowalibyście
szanować	V	cond.p2.sg.f	szanowałabyś
szanować	V	cond.p2.sg.m	szanowałbyś
szanować	V	cond.p3.pl	szanowałyby
szanować	V	cond.p3.pl.m.hum	szanowaliby
szanować	V	cond.p3.sg.f	szanowałaby
szanować	V	cond.p3.sg.m	szanowałby
szanować	V	cond.p3.sg.n	szanowałoby
szanować	V	fut.p1.pl	będziemy szanowały
szanować	V	fut.p1.pl.m.hum	będziemy szanowali
szanować	V	fut.p1.sg.f	będę szanowała
szanować	V	fut.p1.sg.m	będę szanował
szanować	V	fut.p2.pl	będziecie szanowały
szanować	V	fut.p2.pl.m.hum	będziecie szanowali
szanować	V	fut.p2.sg.f	będziesz szanowała
szanować	V	fut.p2.sg.m	będziesz szanował
szanować	V	fut.p3.pl	będą szanowały
szanować	V	fut.p3.pl.m.hum	będą szanowali
szanować	V	fut.p3.sg.f	będzie szanowała
szanować	V	fut.p3.sg.m	będzie szanował
szanować	V	fut.p3.sg.n	będzie szanowało
szanować	V	imp.p1.pl	szanujmy
szanować	V	imp.p2.pl	szanujcie
szanować	V	imp.p2.sg	szanuj
szanować	V	imp.p3.pl	niech szanują
szanować	V	imp.p3.sg	niech szanuje
szanować	V	past.p1.pl	szanowałyśmy
szanować	V	past.p1.pl.m.hum	szanowaliśmy
szanować	V	past.p1.sg.f	szanowałam
szanować	V	past.p1.sg.m	szanowałem
szanować	V	past.p2.pl	szanowałyście
szanować	V	past.p2.pl.m.hum	szanowaliście
szanować	V	past.p2.sg.f	szanowałaś
szanować	V	past.p2.sg.m	szanowałeś
szanować	V	past.p3.pl	szanowały
szanować	V	past.p3.pl.m.hum	szanowali
szanować	V	past.p3.sg.f	szanowała
szanować	V	past.p3.sg.m	szanował
szanować	V	past.p3.sg.n	szanowało
szanować	V	pres.p1.pl	szanujemy
szanować	V	pres.p1.sg	szanuję
szanować	V	pres.p2.pl	szanujecie
szanować	V	pres.p2.sg	szanujesz
szanować	V	pres.p3.pl	szanują
szanować	V	pres.p3.sg	szanuje
szansa	N	pl.acc	szansy
szansa	N	pl.dat	szansom
szansa	N	pl.gen	szans
szansa	N	pl.ins	szansami
szansa	N	pl.loc	szansach
szansa	N	pl.nom	szansy
szansa	N	pl.voc	szansy
szansa	N	sg.acc	szansę
szansa	N	sg.dat	szansie
szansa	N	sg.gen	szansy
szansa	N	sg.ins	szansą
szansa	N	sg.loc	szansie
szansa	N	sg.nom	szansa
szansa	N	sg.voc	szanso
szczegół	N	pl.acc	szczegóły
szczegół	N	pl.dat	szczegółom
szczegół	N	pl.gen	szczegółów
szczegół	N	pl.ins	szczegółami
szczegół	N	pl.loc	szczegółach
szczegół	N	pl.nom	szczegóły
szczegół	N	pl.voc	szczegóły
szczegół	N	sg.acc	szczegół
szczegół	N	sg.dat	szczegółowi
szczegół	N	sg.gen	szczegółu
szczegół	N	sg.ins	szczegółem
szczegół	N	sg.loc	szczególe
szczegół	N	sg.nom	szczegół
szczegół	N	sg.voc	szczególe
szczery	A	pl.acc	szczere
szczery	A	pl.dat	szczerym
szczery	A	pl.gen	szczerych
szczery	A	pl.ins	szczerymi
szczery	A	pl.loc	szczerych
szczery	A	pl.m.hum.acc	szczerych
szczery	A	pl.m.hum.nom	szczerzy
szczery	A	pl.nom	szczere
szczery	A	sg.f.acc	szczerą
szczery	A	sg.f.dat	szczerej
szczery	A	sg.f.gen	szczerej
szczery	A	sg.f.ins	szczerą
szczery	A	sg.f.loc	szczerej
szczery	A	sg.f.nom	szczera
szczery	A	sg.m.anim.acc	szczerego
szczery	A	sg.m.dat	szczeremu
szczery	A	sg.m.gen	szczerego
szczery	A	sg.m.hum.acc	szczerego
szczery	A	sg.m.inan.acc	szczery
szczery	A	sg.m.ins	szczerym
szczery	A	sg.m.loc	szczerym
szczery	A	sg.m.nom	szczery
szczery	A	sg.n.acc	szczere
szczery	A	sg.n.dat	szczeremu
szczery	A	sg.n.gen	szczerego
szczery	A	sg.n.ins	szczerym
szczery	A	sg.n.loc	szczerym
szczery	A	sg.n.nom	szczere
szczęśliwy	A	pl.acc	szczęśliwe
szczęśliwy	A	pl.dat	szczęśliwym
szczęśliwy	A	pl.gen	szczęśliwych
szczęśliwy	A	pl.ins	szczęśliwymi
szczęśliwy	A	pl.loc	szczęśliwych
szczęśliwy	A	pl.m.hum.acc	szczęśliwych
szczęśliwy	A	pl.m.hum.nom	szczęśliwi
szczęśliwy	A	pl.nom	szczęśliwe
szczęśliwy	A	sg.f.acc	szczęśliwą
szczęśliwy	A	sg.f.dat	szczęśliwej
szczęśliwy	A	sg.f.gen	szczęśliwej
szczęśliwy	A	sg.f.ins	szczęśliwą
szczęśliwy	A	sg.f.loc	szczęśliwej
szczęśliwy	A	sg.f.nom	szczęśliwa
szczęśliwy	A	sg.m.anim.acc	szczęśliwego
szczęśliwy	A	sg.m.dat	szczęśliwemu
szczęśliwy	A	sg.m.gen	szczęśliwego
szczęśliwy	A	sg.m.hum.acc	szczęśliwego
szczęśliwy	A	sg.m.inan.acc	szczęśliwy
szczęśliwy	A	sg.m.ins	szczęśliwym
szczęśliwy	A	sg.m.loc	szczęśliwym
szczęśliwy	A	sg.m.nom	szczęśliwy
szczęśliwy	A	sg.n.acc	szczęśliwe
szczęśliwy	A	sg.n.dat	szczęśliwemu
szczęśliwy	A	sg.n.gen	szczęśliwego
szczęśliwy	A	sg.n.ins	szczęśliwym
szczęśliwy	A	sg.n.loc	szczęśliwym
szczęśliwy	A	sg.n.nom	szczęśliwe
szef	N	pl.acc	szefów
szef	N	pl.dat	szefom
szef	N	pl.gen	szefów
szef	N	pl.ins	szefami
szef	N	pl.loc	szefach
szef	N	pl.nom	szefowie
szef	N	pl.voc	szefowie
szef	N	sg.acc	szefa
szef	N	sg.dat	szefowi
szef	N	sg.gen	szefa
szef	N	sg.ins	szefem
szef	N	sg.loc	szefie
szef	N	sg.nom	szef
szef	N	sg.voc	szefie
szkodzić	V	cond.p1.pl	szkodziłybyśmy
szkodzić	V	cond.p1.pl.m.hum	szkodzilibyśmy
szkodzić	V	cond.p1.sg.f	szkodziłabym
szkodzić	V	cond.p1.sg.m	szkodziłbym
szkodzić	V	cond.p2.pl	szkodziłybyście
szkodzić	V	cond.p2.pl.m.hum	szkodzilibyście
szkodzić	V	cond.p2.sg.f	szkodziłabyś
szkodzić	V	cond.p2.sg.m	szkodziłbyś
szkodzić	V	cond.p3.pl	szkodziłyby
szkodzić	V	cond.p3.pl.m.hum	szkodziliby
szkodzić	V	cond.p3.sg.f	szkodziłaby
szkodzić	V	cond.p3.sg.m	szkodziłby
szkodzić	V	cond.p3.sg.n	szkodziłoby
szkodzić	V	fut.p1.pl	będziemy szkodziły
szkodzić	V	fut.p1.pl.m.hum	będziemy szkodzili
szkodzić	V	fut.p1.sg.f	będę szkodziła
szkodzić	V	fut.p1.sg.m	będę szkodził
szkodzić	V	fut.p2.pl	będziecie szkodziły
szkodzić	V	fut.p2.pl.m.hum	będziecie szkodzili
szkodzić	V	fut.p2.sg.f	będziesz szkodziła
szkodzić	V	fut.p2.sg.m	będziesz szkodził
szkodzić	V	fut.p3.pl	będą szkodziły
szkodzić	V	fut.p3.pl.m.hum	będą szkodzili
szkodzić	V	fut.p3.sg.f	będzie szkodziła
szkodzić	V	fut.p3.sg.m	będzie szkodził
szkodzić	V	fut.p3.sg.n	będzie szkodziło
szkodzić	V	imp.p1.pl	szkódźmy
szkodzić	V	imp.p2.pl	szkódźcie
szkodzić	V	imp.p2.sg	szkódź
szkodzić	V	imp.p3.pl	niech szkodzą
szkodzić	V	imp.p3.sg	niech szkodzi
szkodzić	V	past.p1.pl	szkodziłyśmy
szkodzić	V	past.p1.pl.m.hum	szkodziliśmy
szkodzić	V	past.p1.sg.f	szkodziłam
szkodzić	V	past.p1.sg.m	szkodziłem
szkodzić	V	past.p2.pl	szkodziłyście
szkodzić	V	past.p2.pl.m.hum	szkodziliście
szkodzić	V	past.p2.sg.f	szkodziłaś
szkodzić	V	past.p2.sg.m	szkodziłeś
szkodzić	V	past.p3.pl	szkodziły
szkodzić	V	past.p3.pl.m.hum	szkodzili
szkodzić	V	past.p3.sg.f	szkodziła
szkodzić	V	past.p3.sg.m	szkodził
szkodzić	V	past.p3.sg.n	szkodziło
szkodzić	V	pres.p1.pl	szkodzimy
szkodzić	V	pres.p1.sg	szkodzę
szkodzić	V	pres.p2.pl	szkodzicie
szkodzić	V	pres.p2.sg	szkodzisz
szkodzić	V	pres.p3.pl	szkodzą
szkodzić	V	pres.p3.sg	szkodzi
szkoła	N	pl.acc	szkoły
szkoła	N	pl.dat	szkołom
szkoła	N	pl.gen	szkół
szkoła	N	pl.ins	szkołami
szkoła	N	pl.loc	szkołach
szkoła	N	pl.nom	szkoły
szkoła	N	pl.voc	szkoły
szkoła	N	sg.acc	szkołę
szkoła	N	sg.dat	szkole
szkoła	N	sg.gen	szkoły
szkoła	N	sg.ins	szkołą
szkoła	N	sg.loc	szkole
szkoła	N	sg.nom	szkoła
szkoła	N	sg.voc	szkoło
szpital	N	pl.acc	szpitale
szpital	N	pl.dat	szpitalom
szpital	N	pl.gen	szpitali
szpital	N	pl.ins	szpitalami
szpital	N	pl.loc	szpitalach
szpital	N	pl.nom	szpitale
szpital	N	pl.voc	szpitale
szpital	N	sg.acc	szpital
szpital	N	sg.dat	szpitalowi
szpital	N	sg.gen	szpitala
szpital	N	sg.ins	szpitalem
szpital	N	sg.loc	szpitalu
szpital	N	sg.nom	szpital
szpital	N	sg.voc	szpitalu
sztuka	N	pl.acc	sztuki
sztuka	N	pl.dat	sztukom
sztuka	N	pl.gen	sztuk
sztuka	N	pl.ins	sztukami
sztuka	N	pl.loc	sztukach
sztuka	N	pl.nom	sztuki
sztuka	N	pl.voc	sztuki
sztuka	N	sg.acc	sztukę
sztuka	N	sg.dat	sztuce
sztuka	N	sg.gen	sztuki
sztuka	N	sg.ins	sztuką
sztuka	N	sg.loc	sztuce
sztuka	N	sg.nom	sztuka
sztuka	N	sg.voc	sztuko
szukać	V	cond.p1.pl	szukałybyśmy
szukać	V	cond.p1.pl.m.hum	szukalibyśmy
szukać	V	cond.p1.sg.f	szukałabym
szukać	V	cond.p1.sg.m	szukałbym
szukać	V	cond.p2.pl	szukałybyście
szukać	V	cond.p2.pl.m.hum	szukalibyście
szukać	V	cond.p2.sg.f	szukałabyś
szukać	V	cond.p2.sg.m	szukałbyś
szukać	V	cond.p3.pl	szukałyby
szukać	V	cond.p3.pl.m.hum	szukaliby
szukać	V	cond.p3.sg.f	szukałaby
szukać	V	cond.p3.sg.m	szukałby
szukać	V	cond.p3.sg.n	szukałoby
szukać	V	fut.p1.pl	będziemy szukały
szukać	V	fut.p1.pl.m.hum	będziemy szukali
szukać	V	fut.p1.sg.f	będę szukała
szukać	V	fut.p1.sg.m	będę szukał
szukać	V	fut.p2.pl	będziecie szukały
szukać	V	fut.p2.pl.m.hum	będziecie szukali
szukać	V	fut.p2.sg.f	będziesz szukała
szukać	V	fut.p2.sg.m	będziesz szukał
szukać	V	fut.p3.pl	będą szukały
szukać	V	fut.p3.pl.m.hum	będą szukali
szukać	V	fut.p3.sg.f	będzie szukała
szukać	V	fut.p3.sg.m	będzie szukał
szukać	V	fut.p3.sg.n	będzie szukało
szukać	V	imp.p1.pl	szukajmy
szukać	V	imp.p2.pl	szukajcie
szukać	V	imp.p2.sg	szukaj
szukać	V	imp.p3.pl	niech szukają
szukać	V	imp.p3.sg	niech szuka
szukać	V	past.p1.pl	szukałyśmy
szukać	V	past.p1.pl.m.hum	szukaliśmy
szukać	V	past.p1.sg.f	szukałam
szukać	V	past.p1.sg.m	szukałem
szukać	V	past.p2.pl	szukałyście
szukać	V	past.p2.pl.m.hum	szukaliście
szukać	V	past.p2.sg.f	szukałaś
szukać	V	past.p2.sg.m	szukałeś
szukać	V	past.p3.pl	szukały
szukać	V	past.p3.pl.m.hum	szukali
szukać	V	past.p3.sg.f	szukała
szukać	V	past.p3.sg.m	szukał
szukać	V	past.p3.sg.n	szukało
szukać	V	pres.p1.pl	szukamy
szukać	V	pres.p1.sg	szukam
szukać	V	pres.p2.pl	szukacie
szukać	V	pres.p2.sg	szukasz
szukać	V	pres.p3.pl	szukają
szukać	V	pres.p3.sg	szuka
szybki	A	pl.acc	szybkie
szybki	A	pl.dat	szybkim
szybki	A	pl.gen	szybkich
szybki	A	pl.ins	szybkimi
szybki	A	pl.loc	szybkich
szybki	A	pl.m.hum.acc	szybkich
szybki	A	pl.m.hum.nom	szybcy
szybki	A	pl.nom	szybkie
szybki	A	sg.f.acc	szybką
szybki	A	sg.f.dat	szybkiej
szybki	A	sg.f.gen	szybkiej
szybki	A	sg.f.ins	szybką
szybki	A	sg.f.loc	szybkiej
szybki	A	sg.f.nom	szybka
szybki	A	sg.m.anim.acc	szybkiego
szybki	A	sg.m.dat	szybkiemu
szybki	A	sg.m.gen	szybkiego
szybki	A	sg.m.hum.acc	szybkiego
szybki	A	sg.m.inan.acc	szybki
szybki	A	sg.m.ins	szybkim
szybki	A	sg.m.loc	szybkim
szybki	A	sg.m.nom	szybki
szybki	A	sg.n.acc	szybkie
szybki	A	sg.n.dat	szybkiemu
szybki	A	sg.n.gen	szybkiego
szybki	A	sg.n.ins	szybkim
szybki	A	sg.n.loc	szybkim
szybki	A	sg.n.nom	szybkie
szyja	N	pl.acc	szyje
szyja	N	pl.dat	szyjom
szyja	N	pl.gen	szyj
szyja	N	pl.ins	szyjami
szyja	N	pl.loc	szyjach
szyja	N	pl.nom	szyje
szyja	N	pl.voc	szyje
szyja	N	sg.acc	szyję
szyja	N	sg.dat	szyi
szyja	N	sg.gen	szyi
szyja	N	sg.ins	szyją
szyja	N	sg.loc	szyi
szyja	N	sg.nom	szyja
szyja	N	sg.voc	szyjo
taca	N	pl.acc	tace
taca	N	pl.dat	tacom
taca	N	pl.gen	tac
taca	N	pl.ins	tacami
taca	N	pl.loc	tacach
taca	N	pl.nom	tace
taca	N	pl.voc	tace
taca	N	sg.acc	tacę
taca	N	sg.dat	tacy
taca	N	sg.gen	tacy
taca	N	sg.ins	tacą
taca	N	sg.loc	tacy
taca	N	sg.nom	taca
taca	N	sg.voc	taco
tajemnica	N	pl.acc	tajemnice
tajemnica	N	pl.dat	tajemnicom
tajemnica	N	pl.gen	tajemnic
tajemnica	N	pl.ins	tajemnicami
tajemnica	N	pl.loc	tajemnicach
tajemnica	N	pl.nom	tajemnice
tajemnica	N	pl.voc	tajemnice
tajemnica	N	sg.acc	tajemnicę
tajemnica	N	sg.dat	tajemnicy
tajemnica	N	sg.gen	tajemnicy
tajemnica	N	sg.ins	tajemnicą
tajemnica	N	sg.loc	tajemnicy
tajemnica	N	sg.nom	tajemnica
tajemnica	N	sg.voc	tajemnico
tajny	A	pl.acc	tajne
tajny	A	pl.dat	tajnym
tajny	A	pl.gen	tajnych
tajny	A	pl.ins	tajnymi
tajny	A	pl.loc	tajnych
tajny	A	pl.m.hum.acc	tajnych
tajny	A	pl.m.hum.nom	tajni
tajny	A	pl.nom	tajne
tajny	A	sg.f.acc	tajną
tajny	A	sg.f.dat	tajnej
tajny	A	sg.f.gen	tajnej
tajny	A	sg.f.ins	tajną
tajny	A	sg.f.loc	tajnej
tajny	A	sg.f.nom	tajna
tajny	A	sg.m.anim.acc	tajnego
tajny	A	sg.m.dat	tajnemu
tajny	A	sg.m.gen	tajnego
tajny	A	sg.m.hum.acc	tajnego
tajny	A	sg.m.inan.acc	tajny
tajny	A	sg.m.ins	tajnym
tajny	A	sg.m.loc	tajnym
tajny	A	sg.m.nom	tajny
tajny	A	sg.n.acc	tajne
tajny	A	sg.n.dat	tajnemu
tajny	A	sg.n.gen	tajnego
tajny	A	sg.n.ins	tajnym
tajny	A	sg.n.loc	tajnym
tajny	A	sg.n.nom	tajne
taksówka	N	pl.acc	taksówki
taksówka	N	pl.dat	taksówkom
taksówka	N	pl.gen	taksówek
taksówka	N	pl.ins	taksówkami
taksówka	N	pl.loc	taksówkach
taksówka	N	pl.nom	taksówki
taksówka	N	pl.voc	taksówki
taksówka	N	sg.acc	taksówkę
taksówka	N	sg.dat	taksówce
taksówka	N	sg.gen	taksówki
taksówka	N	sg.ins	taksówką
taksówka	N	sg.loc	taksówce
taksówka	N	sg.nom	taksówka
taksówka	N	sg.voc	taksówko
tama	N	pl.acc	tamy
tama	N	pl.dat	tamom
tama	N	pl.gen	tam
tama	N	pl.ins	tamami
tama	N	pl.loc	tamach
tama	N	pl.nom	tamy
tama	N	pl.voc	tamy
tama	N	sg.acc	tamę
tama	N	sg.dat	tamie
tama	N	sg.gen	tamy
tama	N	sg.ins	tamą
tama	N	sg.loc	tamie
tama	N	sg.nom	tama
tama	N	sg.voc	tamo
tańczyć	V	cond.p1.pl	tańczyłybyśmy
tańczyć	V	cond.p1.pl.m.hum	tańczylibyśmy
tańczyć	V	cond.p1.sg.f	tańczyłabym
tańczyć	V	cond.p1.sg.m	tańczyłbym
tańczyć	V	cond.p2.pl	tańczyłybyście
tańczyć	V	cond.p2.pl.m.hum	tańczylibyście
tańczyć	V	cond.p2.sg.f	tańczyłabyś
tańczyć	V	cond.p2.sg.m	tańczyłbyś
tańczyć	V	cond.p3.pl	tańczyłyby
tańczyć	V	cond.p3.pl.m.hum	tańczyliby
tańczyć	V	cond.p3.sg.f	tańczyłaby
tańczyć	V	cond.p3.sg.m	tańczyłby
tańczyć	V	cond.p3.sg.n	tańczyłoby
tańczyć	V	fut.p1.pl	będziemy tańczyły
tańczyć	V	fut.p1.pl.m.hum	będziemy tańczyli
tańczyć	V	fut.p1.sg.f	będę tańczyła
tańczyć	V	fut.p1.sg.m	będę tańczył
tańczyć	V	fut.p2.pl	będziecie tańczyły
tańczyć	V	fut.p2.pl.m.hum	będziecie tańczyli
tańczyć	V	fut.p2.sg.f	będziesz tańczyła
tańczyć	V	fut.p2.sg.m	będziesz tańczył
tańczyć	V	fut.p3.pl	będą tańczyły
tańczyć	V	fut.p3.pl.m.hum	będą tańczyli
tańczyć	V	fut.p3.sg.f	będzie tańczyła
tańczyć	V	fut.p3.sg.m	będzie tańczył
tańczyć	V	fut.p3.sg.n	będzie tańczyło
tańczyć	V	imp.p1.pl	tańczmy
tańczyć	V	imp.p2.pl	tańczcie
tańczyć	V	imp.p2.sg	tańcz
tańczyć	V	imp.p3.pl	niech tańczą
tańczyć	V	imp.p3.sg	niech tańczy
tańczyć	V	past.p1.pl	tańczyłyśmy
tańczyć	V	past.p1.pl.m.hum	tańczyliśmy
tańczyć	V	past.p1.sg.f	tańczyłam
tańczyć	V	past.p1.sg.m	tańczyłem
tańczyć	V	past.p2.pl	tańczyłyście
tańczyć	V	past.p2.pl.m.hum	tańczyliście
tańczyć	V	past.p2.sg.f	tańczyłaś
tańczyć	V	past.p2.sg.m	tańczyłeś
tańczyć	V	past.p3.pl	tańczyły
tańczyć	V	past.p3.pl.m.hum	tańczyli
tańczyć	V	past.p3.sg.f	tańczyła
tańczyć	V	past.p3.sg.m	tańczył
tańczyć	V	past.p3.sg.n	tańczyło
tańczyć	V	pres.p1.pl	tańczymy
tańczyć	V	pres.p1.sg	tańczę
tańczyć	V	pres.p2.pl	tańczycie
tańczyć	V	pres.p2.sg	tańczysz
tańczyć	V	pres.p3.pl	tańczą
tańczyć	V	pres.p3.sg	tańczy
taniec	N	pl.acc	tańce
taniec	N	pl.dat	tańcom
taniec	N	pl.gen	tańców
taniec	N	pl.ins	tańcami
taniec	N	pl.loc	tańcach
taniec	N	pl.nom	tańce
taniec	N	pl.voc	tańce
taniec	N	sg.acc	taniec
taniec	N	sg.dat	tańcowi
taniec	N	sg.gen	tańca
taniec	N	sg.ins	tańcem
taniec	N	sg.loc	tańcu
taniec	N	sg.nom	taniec
taniec	N	sg.voc	tańcu
taśma	N	pl.acc	taśmy
taśma	N	pl.dat	taśmom
taśma	N	pl.gen	taśm
taśma	N	pl.ins	taśmami
taśma	N	pl.loc	taśmach
taśma	N	pl.nom	taśmy
taśma	N	pl.voc	taśmy
taśma	N	sg.acc	taśmę
taśma	N	sg.dat	taśmie
taśma	N	sg.gen	taśmy
taśma	N	sg.ins	taśmą
taśma	N	sg.loc	taśmie
taśma	N	sg.nom	taśma
taśma	N	sg.voc	taśmo
tata	N	pl.acc	tatów
tata	N	pl.dat	tatom
tata	N	pl.gen	tatów
tata	N	pl.ins	tatami
tata	N	pl.loc	tatach
tata	N	pl.nom	tatowie
tata	N	pl.voc	tatowie
tata	N	sg.acc	tatę
tata	N	sg.dat	tacie
tata	N	sg.gen	taty
tata	N	sg.ins	tatą
tata	N	sg.loc	tacie
tata	N	sg.nom	tata
tata	N	sg.voc	tato
tato	N	pl.acc	tatów
tato	N	pl.dat	tatom
tato	N	pl.gen	tatów
tato	N	pl.ins	tatami
tato	N	pl.loc	tatach
tato	N	pl.nom	tatowie
tato	N	pl.voc	tatowie
tato	N	sg.acc	tatę
tato	N	sg.dat	tacie
tato	N	sg.gen	taty
tato	N	sg.ins	tatą
tato	N	sg.loc	tacie
tato	N	sg.nom	tato
tato	N	sg.voc	tato
tatuś	N	pl.acc	tatusiów
tatuś	N	pl.dat	tatusiom
tatuś	N	pl.gen	tatusiów
tatuś	N	pl.ins	tatusiami
tatuś	N	pl.loc	tatusiach
tatuś	N	pl.nom	tatusiowie
tatuś	N	pl.voc	tatusiowie
tatuś	N	sg.acc	tatusia
tatuś	N	sg.dat	tatusiowi
tatuś	N	sg.gen	tatusia
tatuś	N	sg.ins	tatusiem
tatuś	N	sg.loc	tatusiu
tatuś	N	sg.nom	tatuś
tatuś	N	sg.voc	tatusiu
telefon	N	pl.acc	telefony
telefon	N	pl.dat	telefonom
telefon	N	pl.gen	telefonów
telefon	N	pl.ins	telefonami
telefon	N	pl.loc	telefonach
telefon	N	pl.nom	telefony
telefon	N	pl.voc	telefony
telefon	N	sg.acc	telefon
telefon	N	sg.dat	telefonowi
telefon	N	sg.gen	telefonu
telefon	N	sg.ins	telefonem
telefon	N	sg.loc	telefonie
telefon	N	sg.nom	telefon
telefon	N	sg.voc	telefonie
telewizja	N	pl.acc	telewizje
telewizja	N	pl.dat	telewizjom
telewizja	N	pl.gen	telewizji
telewizja	N	pl.ins	telewizjami
telewizja	N	pl.loc	telewizjach
telewizja	N	pl.nom	telewizje
telewizja	N	pl.voc	telewizje
telewizja	N	sg.acc	telewizję
telewizja	N	sg.dat	telewizji
telewizja	N	sg.gen	telewizji
telewizja	N	sg.ins	telewizją
telewizja	N	sg.loc	telewizji
telewizja	N	sg.nom	telewizja
telewizja	N	sg.voc	telewizjo
temat	N	pl.acc	tematy
temat	N	pl.dat	tematom
temat	N	pl.gen	tematów
temat	N	pl.ins	tematami
temat	N	pl.loc	tematach
temat	N	pl.nom	tematy
temat	N	pl.voc	tematy
temat	N	sg.acc	temat
temat	N	sg.dat	tematowi
temat	N	sg.gen	tematu
temat	N	sg.ins	tematem
temat	N	sg.loc	temacie
temat	N	sg.nom	temat
temat	N	sg.voc	temacie
teoria	N	pl.acc	teorie
teoria	N	pl.dat	teoriom
teoria	N	pl.gen	teorii
teoria	N	pl.ins	teoriami
teoria	N	pl.loc	teoriach
teoria	N	pl.nom	teorie
teoria	N	pl.voc	teorie
teoria	N	sg.acc	teorię
teoria	N	sg.dat	teorii
teoria	N	sg.gen	teorii
teoria	N	sg.ins	teorią
teoria	N	sg.loc	teorii
teoria	N	sg.nom	teoria
teoria	N	sg.voc	teorio
teren	N	pl.acc	tereny
teren	N	pl.dat	terenom
teren	N	pl.gen	terenów
teren	N	pl.ins	terenami
teren	N	pl.loc	terenach
teren	N	pl.nom	tereny
teren	N	pl.voc	tereny
teren	N	sg.acc	teren
teren	N	sg.dat	terenowi
teren	N	sg.gen	terenu
teren	N	sg.ins	terenem
teren	N	sg.loc	terenie
teren	N	sg.nom	teren
teren	N	sg.voc	terenie
tęsknić	V	cond.p1.pl	tęskniłybyśmy
tęsknić	V	cond.p1.pl.m.hum	tęsknilibyśmy
tęsknić	V	cond.p1.sg.f	tęskniłabym
tęsknić	V	cond.p1.sg.m	tęskniłbym
tęsknić	V	cond.p2.pl	tęskniłybyście
tęsknić	V	cond.p2.pl.m.hum	tęsknilibyście
tęsknić	V	cond.p2.sg.f	tęskniłabyś
tęsknić	V	cond.p2.sg.m	tęskniłbyś
tęsknić	V	cond.p3.pl	tęskniłyby
tęsknić	V	cond.p3.pl.m.hum	tęskniliby
tęsknić	V	cond.p3.sg.f	tęskniłaby
tęsknić	V	cond.p3.sg.m	tęskniłby
tęsknić	V	cond.p3.sg.n	tęskniłoby
tęsknić	V	fut.p1.pl	będziemy tęskniły
tęsknić	V	fut.p1.pl.m.hum	będziemy tęsknili
tęsknić	V	fut.p1.sg.f	będę tęskniła
tęsknić	V	fut.p1.sg.m	będę tęsknił
tęsknić	V	fut.p2.pl	będziecie tęskniły
tęsknić	V	fut.p2.pl.m.hum	będziecie tęsknili
tęsknić	V	fut.p2.sg.f	będziesz tęskniła
tęsknić	V	fut.p2.sg.m	będziesz tęsknił
tęsknić	V	fut.p3.pl	będą tęskniły
tęsknić	V	fut.p3.pl.m.hum	będą tęsknili
tęsknić	V	fut.p3.sg.f	będzie tęskniła
tęsknić	V	fut.p3.sg.m	będzie tęsknił
tęsknić	V	fut.p3.sg.n	będzie tęskniło
tęsknić	V	imp.p1.pl	tęsknijmy
tęsknić	V	imp.p2.pl	tęsknijcie
tęsknić	V	imp.p2.sg	tęsknij
tęsknić	V	imp.p3.pl	niech tęsknią
tęsknić	V	imp.p3.sg	niech tęskni
tęsknić	V	past.p1.pl	tęskniłyśmy
tęsknić	V	past.p1.pl.m.hum	tęskniliśmy
tęsknić	V	past.p1.sg.f	tęskniłam
tęsknić	V	past.p1.sg.m	tęskniłem
tęsknić	V	past.p2.pl	tęskniłyście
tęsknić	V	past.p2.pl.m.hum	tęskniliście
tęsknić	V	past.p2.sg.f	tęskniłaś
tęsknić	V	past.p2.sg.m	tęskniłeś
tęsknić	V	past.p3.pl	tęskniły
tęsknić	V	past.p3.pl.m.hum	tęsknili
tęsknić	V	past.p3.sg.f	tęskniła
tęsknić	V	past.p3.sg.m	tęsknił
tęsknić	V	past.p3.sg.n	tęskniło
tęsknić	V	pres.p1.pl	tęsknimy
tęsknić	V	pres.p1.sg	tęsknię
tęsknić	V	pres.p2.pl	tęsknicie
tęsknić	V	pres.p2.sg	tęsknisz
tęsknić	V	pres.p3.pl	tęsknią
tęsknić	V	pres.p3.sg	tęskni
test	N	pl.acc	testy
test	N	pl.dat	testom
test	N	pl.gen	testów
test	N	pl.ins	testami
test	N	pl.loc	testach
test	N	pl.nom	testy
test	N	pl.voc	testy
test	N	sg.acc	test
test	N	sg.dat	testowi
test	N	sg.gen	testu
test	N	sg.ins	testem
test	N	sg.loc	teście
test	N	sg.nom	test
test	N	sg.voc	teście
tłumaczyć	V	cond.p1.pl	tłumaczyłybyśmy
tłumaczyć	V	cond.p1.pl.m.hum	tłumaczylibyśmy
tłumaczyć	V	cond.p1.sg.f	tłumaczyłabym
tłumaczyć	V	cond.p1.sg.m	tłumaczyłbym
tłumaczyć	V	cond.p2.pl	tłumaczyłybyście
tłumaczyć	V	cond.p2.pl.m.hum	tłumaczylibyście
tłumaczyć	V	cond.p2.sg.f	tłumaczyłabyś
tłumaczyć	V	cond.p2.sg.m	tłumaczyłbyś
tłumaczyć	V	cond.p3.pl	tłumaczyłyby
tłumaczyć	V	cond.p3.pl.m.hum	tłumaczyliby
tłumaczyć	V	cond.p3.sg.f	tłumaczyłaby
tłumaczyć	V	cond.p3.sg.m	tłumaczyłby
tłumaczyć	V	cond.p3.sg.n	tłumaczyłoby
tłumaczyć	V	fut.p1.pl	będziemy tłumaczyły
tłumaczyć	V	fut.p1.pl.m.hum	będziemy tłumaczyli
tłumaczyć	V	fut.p1.sg.f	będę tłumaczyła
tłumaczyć	V	fut.p1.sg.m	będę tłumaczył
tłumaczyć	V	fut.p2.pl	będziecie tłumaczyły
tłumaczyć	V	fut.p2.pl.m.hum	będziecie tłumaczyli
tłumaczyć	V	fut.p2.sg.f	będziesz tłumaczyła
tłumaczyć	V	fut.p2.sg.m	będziesz tłumaczył
tłumaczyć	V	fut.p3.pl	będą tłumaczyły
tłumaczyć	V	fut.p3.pl.m.hum	będą tłumaczyli
tłumaczyć	V	fut.p3.sg.f	będzie tłumaczyła
tłumaczyć	V	fut.p3.sg.m	będzie tłumaczył
tłumaczyć	V	fut.p3.sg.n	będzie tłumaczyło
tłumaczyć	V	imp.p1.pl	tłumaczmy
tłumaczyć	V	imp.p2.pl	tłumaczcie
tłumaczyć	V	imp.p2.sg	tłumacz
tłumaczyć	V	imp.p3.pl	niech tłumaczą
tłumaczyć	V	imp.p3.sg	niech tłumaczy
tłumaczyć	V	past.p1.pl	tłumaczyłyśmy
tłumaczyć	V	past.p1.pl.m.hum	tłumaczyliśmy
tłumaczyć	V	past.p1.sg.f	tłumaczyłam
tłumaczyć	V	past.p1.sg.m	tłumaczyłem
tłumaczyć	V	past.p2.pl	tłumaczyłyście
tłumaczyć	V	past.p2.pl.m.hum	tłumaczyliście
tłumaczyć	V	past.p2.sg.f	tłumaczyłaś
tłumaczyć	V	past.p2.sg.m	tłumaczyłeś
tłumaczyć	V	past.p3.pl	tłumaczyły
tłumaczyć	V	past.p3.pl.m.hum	tłumaczyli
tłumaczyć	V	past.p3.sg.f	tłumaczyła
tłumaczyć	V	past.p3.sg.m	tłumaczył
tłumaczyć	V	past.p3.sg.n	tłumaczyło
tłumaczyć	V	pres.p1.pl	tłumaczymy
tłumaczyć	V	pres.p1.sg	tłumaczę
tłumaczyć	V	pres.p2.pl	tłumaczycie
tłumaczyć	V	pres.p2.sg	tłumaczysz
tłumaczyć	V	pres.p3.pl	tłumaczą
tłumaczyć	V	pres.p3.sg	tłumaczy
toaleta	N	pl.acc	toalety
toaleta	N	pl.dat	toaletom
toaleta	N	pl.gen	toalet
toaleta	N	pl.ins	toaletami
toaleta	N	pl.loc	toaletach
toaleta	N	pl.nom	toalety
toaleta	N	pl.voc	toalety
toaleta	N	sg.acc	toaletę
toaleta	N	sg.dat	toalecie
toaleta	N	sg.gen	toalety
toaleta	N	sg.ins	toaletą
toaleta	N	sg.loc	toalecie
toaleta	N	sg.nom	toaleta
toaleta	N	sg.voc	toaleto
tona	N	pl.acc	tony
tona	N	pl.dat	tonom
tona	N	pl.gen	ton
tona	N	pl.ins	tonami
tona	N	pl.loc	tonach
tona	N	pl.nom	tony
tona	N	pl.voc	tony
tona	N	sg.acc	tonę
tona	N	sg.dat	tonie
tona	N	sg.gen	tony
tona	N	sg.ins	toną
tona	N	sg.loc	tonie
tona	N	sg.nom	tona
tona	N	sg.voc	tono
torba	N	pl.acc	torby
torba	N	pl.dat	torbom
torba	N	pl.gen	toreb
torba	N	pl.ins	torbami
torba	N	pl.loc	torbach
torba	N	pl.nom	torby
torba	N	pl.voc	torby
torba	N	sg.acc	torbę
torba	N	sg.dat	torbie
torba	N	sg.gen	torby
torba	N	sg.ins	torbą
torba	N	sg.loc	torbie
torba	N	sg.nom	torba
torba	N	sg.voc	torbo
towar	N	pl.acc	towary
towar	N	pl.dat	towarom
towar	N	pl.gen	towarów
towar	N	pl.ins	towarami
towar	N	pl.loc	towarach
towar	N	pl.nom	towary
towar	N	pl.voc	towary
towar	N	sg.acc	towar
towar	N	sg.dat	towarowi
towar	N	sg.gen	towaru
towar	N	sg.ins	towarem
towar	N	sg.loc	towarze
towar	N	sg.nom	towar
towar	N	sg.voc	towarze
towarzystwo	N	pl.acc	towarzystwa
towarzystwo	N	pl.dat	towarzystwom
towarzystwo	N	pl.gen	towarzystew
towarzystwo	N	pl.ins	towarzystwami
towarzystwo	N	pl.loc	towarzystwach
towarzystwo	N	pl.nom	towarzystwa
towarzystwo	N	pl.voc	towarzystwa
towarzystwo	N	sg.acc	towarzystwo
towarzystwo	N	sg.dat	towarzystwu
towarzystwo	N	sg.gen	towarzystwa
towarzystwo	N	sg.ins	towarzystwem
towarzystwo	N	sg.loc	towarzystwie
towarzystwo	N	sg.nom	towarzystwo
towarzystwo	N	sg.voc	towarzystwo
tracić	V	cond.p1.pl	traciłybyśmy
tracić	V	cond.p1.pl.m.hum	tracilibyśmy
tracić	V	cond.p1.sg.f	traciłabym
tracić	V	cond.p1.sg.m	traciłbym
tracić	V	cond.p2.pl	traciłybyście
tracić	V	cond.p2.pl.m.hum	tracilibyście
tracić	V	cond.p2.sg.f	traciłabyś
tracić	V	cond.p2.sg.m	traciłbyś
tracić	V	cond.p3.pl	traciłyby
tracić	V	cond.p3.pl.m.hum	traciliby
tracić	V	cond.p3.sg.f	traciłaby
tracić	V	cond.p3.sg.m	traciłby
tracić	V	cond.p3.sg.n	traciłoby
tracić	V	fut.p1.pl	będziemy traciły
tracić	V	fut.p1.pl.m.hum	będziemy tracili
tracić	V	fut.p1.sg.f	będę traciła
tracić	V	fut.p1.sg.m	będę tracił
tracić	V	fut.p2.pl	będziecie traciły
tracić	V	fut.p2.pl.m.hum	będziecie tracili
tracić	V	fut.p2.sg.f	będziesz traciła
tracić	V	fut.p2.sg.m	będziesz tracił
tracić	V	fut.p3.pl	będą traciły
tracić	V	fut.p3.pl.m.hum	będą tracili
tracić	V	fut.p3.sg.f	będzie traciła
tracić	V	fut.p3.sg.m	będzie tracił
tracić	V	fut.p3.sg.n	będzie traciło
tracić	V	imp.p1.pl	traćmy
tracić	V	imp.p2.pl	traćcie
tracić	V	imp.p2.sg	trać
tracić	V	imp.p3.pl	niech tracą
tracić	V	imp.p3.sg	niech traci
tracić	V	past.p1.pl	traciłyśmy
tracić	V	past.p1.pl.m.hum	traciliśmy
tracić	V	past.p1.sg.f	traciłam
tracić	V	past.p1.sg.m	traciłem
tracić	V	past.p2.pl	traciłyście
tracić	V	past.p2.pl.m.hum	traciliście
tracić	V	past.p2.sg.f	traciłaś
tracić	V	past.p2.sg.m	traciłeś
tracić	V	past.p3.pl	traciły
tracić	V	past.p3.pl.m.hum	tracili
tracić	V	past.p3.sg.f	traciła
tracić	V	past.p3.sg.m	tracił
tracić	V	past.p3.sg.n	traciło
tracić	V	pres.p1.pl	tracimy
tracić	V	pres.p1.sg	tracę
tracić	V	pres.p2.pl	tracicie
tracić	V	pres.p2.sg	tracisz
tracić	V	pres.p3.pl	tracą
tracić	V	pres.p3.sg	traci
traktować	V	cond.p1.pl	traktowałybyśmy
traktować	V	cond.p1.pl.m.hum	traktowalibyśmy
traktować	V	cond.p1.sg.f	traktowałabym
traktować	V	cond.p1.sg.m	traktowałbym
traktować	V	cond.p2.pl	traktowałybyście
traktować	V	cond.p2.pl.m.hum	traktowalibyście
traktować	V	cond.p2.sg.f	traktowałabyś
traktować	V	cond.p2.sg.m	traktowałbyś
traktować	V	cond.p3.pl	traktowałyby
traktować	V	cond.p3.pl.m.hum	traktowaliby
traktować	V	cond.p3.sg.f	traktowałaby
traktować	V	cond.p3.sg.m	traktowałby
traktować	V	cond.p3.sg.n	traktowałoby
traktować	V	fut.p1.pl	będziemy traktowały
traktować	V	fut.p1.pl.m.hum	będziemy traktowali
traktować	V	fut.p1.sg.f	będę traktowała
traktować	V	fut.p1.sg.m	będę traktował
traktować	V	fut.p2.pl	będziecie traktowały
traktować	V	fut.p2.pl.m.hum	będziecie traktowali
traktować	V	fut.p2.sg.f	będziesz traktowała
traktować	V	fut.p2.sg.m	będziesz traktował
traktować	V	fut.p3.pl	będą traktowały
traktować	V	fut.p3.pl.m.hum	będą traktowali
traktować	V	fut.p3.sg.f	będzie traktowała
traktować	V	fut.p3.sg.m	będzie traktował
traktować	V	fut.p3.sg.n	będzie traktowało
traktować	V	imp.p1.pl	traktujmy
traktować	V	imp.p2.pl	traktujcie
traktować	V	imp.p2.sg	traktuj
traktować	V	imp.p3.pl	niech traktują
traktować	V	imp.p3.sg	niech traktuje
traktować	V	past.p1.pl	traktowałyśmy
traktować	V	past.p1.pl.m.hum	traktowaliśmy
traktować	V	past.p1.sg.f	traktowałam
traktować	V	past.p1.sg.m	traktowałem
traktować	V	past.p2.pl	traktowałyście
traktować	V	past.p2.pl.m.hum	traktowaliście
traktować	V	past.p2.sg.f	traktowałaś
traktować	V	past.p2.sg.m	traktowałeś
traktować	V	past.p3.pl	traktowały
traktować	V	past.p3.pl.m.hum	traktowali
traktować	V	past.p3.sg.f	traktowała
traktować	V	past.p3.sg.m	traktował
traktować	V	past.p3.sg.n	traktowało
traktować	V	pres.p1.pl	traktujemy
traktować	V	pres.p1.sg	traktuję
traktować	V	pres.p2.pl	traktujecie
traktować	V	pres.p2.sg	traktujesz
traktować	V	pres.p3.pl	traktują
traktować	V	pres.p3.sg	traktuje
trener	N	pl.acc	trenerów
trener	N	pl.dat	trenerom
trener	N	pl.gen	trenerów
trener	N	pl.ins	trenerami
trener	N	pl.loc	trenerach
trener	N	pl.nom	trenerzy
trener	N	pl.voc	trenerzy
trener	N	sg.acc	trenera
trener	N	sg.dat	trenerowi
trener	N	sg.gen	trenera
trener	N	sg.ins	trenerem
trener	N	sg.loc	trenerze
trener	N	sg.nom	trener
trener	N	sg.voc	trenerze
trudny	A	pl.acc	trudne
trudny	A	pl.dat	trudnym
trudny	A	pl.gen	trudnych
trudny	A	pl.ins	trudnymi
trudny	A	pl.loc	trudnych
trudny	A	pl.m.hum.acc	trudnych
trudny	A	pl.m.hum.nom	trudni
trudny	A	pl.nom	trudne
trudny	A	sg.f.acc	trudną
trudny	A	sg.f.dat	trudnej
trudny	A	sg.f.gen	trudnej
trudny	A	sg.f.ins	trudną
trudny	A	sg.f.loc	trudnej
trudny	A	sg.f.nom	trudna
trudny	A	sg.m.anim.acc	trudnego
trudny	A	sg.m.dat	trudnemu
trudny	A	sg.m.gen	trudnego
trudny	A	sg.m.hum.acc	trudnego
trudny	A	sg.m.inan.acc	trudny
trudny	A	sg.m.ins	trudnym
trudny	A	sg.m.loc	trudnym
trudny	A	sg.m.nom	trudny
trudny	A	sg.n.acc	trudne
trudny	A	sg.n.dat	trudnemu
trudny	A	sg.n.gen	trudnego
trudny	A	sg.n.ins	trudnym
trudny	A	sg.n.loc	trudnym
trudny	A	sg.n.nom	trudne
trwać	V	cond.p1.pl	trwałybyśmy
trwać	V	cond.p1.pl.m.hum	trwalibyśmy
trwać	V	cond.p1.sg.f	trwałabym
trwać	V	cond.p1.sg.m	trwałbym
trwać	V	cond.p2.pl	trwałybyście
trwać	V	cond.p2.pl.m.hum	trwalibyście
trwać	V	cond.p2.sg.f	trwałabyś
trwać	V	cond.p2.sg.m	trwałbyś
trwać	V	cond.p3.pl	trwałyby
trwać	V	cond.p3.pl.m.hum	trwaliby
trwać	V	cond.p3.sg.f	trwałaby
trwać	V	cond.p3.sg.m	trwałby
trwać	V	cond.p3.sg.n	trwałoby
trwać	V	fut.p1.pl	będziemy trwały
trwać	V	fut.p1.pl.m.hum	będziemy trwali
trwać	V	fut.p1.sg.f	będę trwała
trwać	V	fut.p1.sg.m	będę trwał
trwać	V	fut.p2.pl	będziecie trwały
trwać	V	fut.p2.pl.m.hum	będziecie trwali
trwać	V	fut.p2.sg.f	będziesz trwała
trwać	V	fut.p2.sg.m	będziesz trwał
trwać	V	fut.p3.pl	będą trwały
trwać	V	fut.p3.pl.m.hum	będą trwali
trwać	V	fut.p3.sg.f	będzie trwała
trwać	V	fut.p3.sg.m	będzie trwał
trwać	V	fut.p3.sg.n	będzie trwało
trwać	V	imp.p1.pl	trwajmy
trwać	V	imp.p2.pl	trwajcie
trwać	V	imp.p2.sg	trwaj
trwać	V	imp.p3.pl	niech trwają
trwać	V	imp.p3.sg	niech trwa
trwać	V	past.p1.pl	trwałyśmy
trwać	V	past.p1.pl.m.hum	trwaliśmy
trwać	V	past.p1.sg.f	trwałam
trwać	V	past.p1.sg.m	trwałem
trwać	V	past.p2.pl	trwałyście
trwać	V	past.p2.pl.m.hum	trwaliście
trwać	V	past.p2.sg.f	trwałaś
trwać	V	past.p2.sg.m	trwałeś
trwać	V	past.p3.pl	trwały
trwać	V	past.p3.pl.m.hum	trwali
trwać	V	past.p3.sg.f	trwała
trwać	V	past.p3.sg.m	trwał
trwać	V	past.p3.sg.n	trwało
trwać	V	pres.p1.pl	trwamy
trwać	V	pres.p1.sg	trwam
trwać	V	pres.p2.pl	trwacie
trwać	V	pres.p2.sg	trwasz
trwać	V	pres.p3.pl	trwają
trwać	V	pres.p3.sg	trwa
trzymać	V	cond.p1.pl	trzymałybyśmy
trzymać	V	cond.p1.pl.m.hum	trzymalibyśmy
trzymać	V	cond.p1.sg.f	trzymałabym
trzymać	V	cond.p1.sg.m	trzymałbym
trzymać	V	cond.p2.pl	trzymałybyście
trzymać	V	cond.p2.pl.m.hum	trzymalibyście
trzymać	V	cond.p2.sg.f	trzymałabyś
trzymać	V	cond.p2.sg.m	trzymałbyś
trzymać	V	cond.p3.pl	trzymałyby
trzymać	V	cond.p3.pl.m.hum	trzymaliby
trzymać	V	cond.p3.sg.f	trzymałaby
trzymać	V	cond.p3.sg.m	trzymałby
trzymać	V	cond.p3.sg.n	trzymałoby
trzymać	V	fut.p1.pl	będziemy trzymały
trzymać	V	fut.p1.pl.m.hum	będziemy trzymali
trzymać	V	fut.p1.sg.f	będę trzymała
trzymać	V	fut.p1.sg.m	będę trzymał
trzymać	V	fut.p2.pl	będziecie trzymały
trzymać	V	fut.p2.pl.m.hum	będziecie trzymali
trzymać	V	fut.p2.sg.f	będziesz trzymała
trzymać	V	fut.p2.sg.m	będziesz trzymał
trzymać	V	fut.p3.pl	będą trzymały
trzymać	V	fut.p3.pl.m.hum	będą trzymali
trzymać	V	fut.p3.sg.f	będzie trzymała
trzymać	V	fut.p3.sg.m	będzie trzymał
trzymać	V	fut.p3.sg.n	będzie trzymało
trzymać	V	imp.p1.pl	trzymajmy
trzymać	V	imp.p2.pl	trzymajcie
trzymać	V	imp.p2.sg	trzymaj
trzymać	V	imp.p3.pl	niech trzymają
trzymać	V	imp.p3.sg	niech trzyma
trzymać	V	past.p1.pl	trzymałyśmy
trzymać	V	past.p1.pl.m.hum	trzymaliśmy
trzymać	V	past.p1.sg.f	trzymałam
trzymać	V	past.p1.sg.m	trzymałem
trzymać	V	past.p2.pl	trzymałyście
trzymać	V	past.p2.pl.m.hum	trzymaliście
trzymać	V	past.p2.sg.f	trzymałaś
trzymać	V	past.p2.sg.m	trzymałeś
trzymać	V	past.p3.pl	trzymały
trzymać	V	past.p3.pl.m.hum	trzymali
trzymać	V	past.p3.sg.f	trzymała
trzymać	V	past.p3.sg.m	trzymał
trzymać	V	past.p3.sg.n	trzymało
trzymać	V	pres.p1.pl	trzymamy
trzymać	V	pres.p1.sg	trzymam
trzymać	V	pres.p2.pl	trzymacie
trzymać	V	pres.p2.sg	trzymasz
trzymać	V	pres.p3.pl	trzymają
trzymać	V	pres.p3.sg	trzyma
tunel	N	pl.acc	tunele
tunel	N	pl.dat	tunelom
tunel	N	pl.gen	tuneli
tunel	N	pl.ins	tunelami
tunel	N	pl.loc	tunelach
tunel	N	pl.nom	tunele
tunel	N	pl.voc	tunele
tunel	N	sg.acc	tunel
tunel	N	sg.dat	tunelowi
tunel	N	sg.gen	tunelu
tunel	N	sg.ins	tunelem
tunel	N	sg.loc	tunelu
tunel	N	sg.nom	tunel
tunel	N	sg.voc	tunelu
twardy	A	pl.acc	twarde
twardy	A	pl.dat	twardym
twardy	A	pl.gen	twardych
twardy	A	pl.ins	twardymi
twardy	A	pl.loc	twardych
twardy	A	pl.m.hum.acc	twardych
twardy	A	pl.m.hum.nom	twardzi
twardy	A	pl.nom	twarde
twardy	A	sg.f.acc	twardą
twardy	A	sg.f.dat	twardej
twardy	A	sg.f.gen	twardej
twardy	A	sg.f.ins	twardą
twardy	A	sg.f.loc	twardej
twardy	A	sg.f.nom	twarda
twardy	A	sg.m.anim.acc	twardego
twardy	A	sg.m.dat	twardemu
twardy	A	sg.m.gen	twardego
twardy	A	sg.m.hum.acc	twardego
twardy	A	sg.m.inan.acc	twardy
twardy	A	sg.m.ins	twardym
twardy	A	sg.m.loc	twardym
twardy	A	sg.m.nom	twardy
twardy	A	sg.n.acc	twarde
twardy	A	sg.n.dat	twardemu
twardy	A	sg.n.gen	twardego
twardy	A	sg.n.ins	twardym
twardy	A	sg.n.loc	twardym
twardy	A	sg.n.nom	twarde
twarz	N	pl.acc	twarze
twarz	N	pl.dat	twarzom
twarz	N	pl.gen	twarzy
twarz	N	pl.ins	twarzami
twarz	N	pl.loc	twarzach
twarz	N	pl.nom	twarze
twarz	N	pl.voc	twarze
twarz	N	sg.acc	twarz
twarz	N	sg.dat	twarzy
twarz	N	sg.gen	twarzy
twarz	N	sg.ins	twarzą
twarz	N	sg.loc	twarzy
twarz	N	sg.nom	twarz
twarz	N	sg.voc	twarzy
twierdzić	V	cond.p1.pl	twierdziłybyśmy
twierdzić	V	cond.p1.pl.m.hum	twierdzilibyśmy
twierdzić	V	cond.p1.sg.f	twierdziłabym
twierdzić	V	cond.p1.sg.m	twierdziłbym
twierdzić	V	cond.p2.pl	twierdziłybyście
twierdzić	V	cond.p2.pl.m.hum	twierdzilibyście
twierdzić	V	cond.p2.sg.f	twierdziłabyś
twierdzić	V	cond.p2.sg.m	twierdziłbyś
twierdzić	V	cond.p3.pl	twierdziłyby
twierdzić	V	cond.p3.pl.m.hum	twierdziliby
twierdzić	V	cond.p3.sg.f	twierdziłaby
twierdzić	V	cond.p3.sg.m	twierdziłby
twierdzić	V	cond.p3.sg.n	twierdziłoby
twierdzić	V	fut.p1.pl	będziemy twierdziły
twierdzić	V	fut.p1.pl.m.hum	będziemy twierdzili
twierdzić	V	fut.p1.sg.f	będę twierdziła
twierdzić	V	fut.p1.sg.m	będę twierdził
twierdzić	V	fut.p2.pl	będziecie twierdziły
twierdzić	V	fut.p2.pl.m.hum	będziecie twierdzili
twierdzić	V	fut.p2.sg.f	będziesz twierdziła
twierdzić	V	fut.p2.sg.m	będziesz twierdził
twierdzić	V	fut.p3.pl	będą twierdziły
twierdzić	V	fut.p3.pl.m.hum	będą twierdzili
twierdzić	V	fut.p3.sg.f	będzie twierdziła
twierdzić	V	fut.p3.sg.m	będzie twierdził
twierdzić	V	fut.p3.sg.n	będzie twierdziło
twierdzić	V	imp.p1.pl	twierdźmy
twierdzić	V	imp.p2.pl	twierdźcie
twierdzić	V	imp.p2.sg	twierdź
twierdzić	V	imp.p3.pl	niech twierdzą
twierdzić	V	imp.p3.sg	niech twierdzi
twierdzić	V	past.p1.pl	twierdziłyśmy
twierdzić	V	past.p1.pl.m.hum	twierdziliśmy
twierdzić	V	past.p1.sg.f	twierdziłam
twierdzić	V	past.p1.sg.m	twierdziłem
twierdzić	V	past.p2.pl	twierdziłyście
twierdzić	V	past.p2.pl.m.hum	twierdziliście
twierdzić	V	past.p2.sg.f	twierdziłaś
twierdzić	V	past.p2.sg.m	twierdziłeś
twierdzić	V	past.p3.pl	twierdziły
twierdzić	V	past.p3.pl.m.hum	twierdzili
twierdzić	V	past.p3.sg.f	twierdziła
twierdzić	V	past.p3.sg.m	twierdził
twierdzić	V	past.p3.sg.n	twierdziło
twierdzić	V	pres.p1.pl	twierdzimy
twierdzić	V	pres.p1.sg	twierdzę
twierdzić	V	pres.p2.pl	twierdzicie
twierdzić	V	pres.p2.sg	twierdzisz
twierdzić	V	pres.p3.pl	twierdzą
twierdzić	V	pres.p3.sg	twierdzi
tworzyć	V	cond.p1.pl	tworzyłybyśmy
tworzyć	V	cond.p1.pl.m.hum	tworzylibyśmy
tworzyć	V	cond.p1.sg.f	tworzyłabym
tworzyć	V	cond.p1.sg.m	tworzyłbym
tworzyć	V	cond.p2.pl	tworzyłybyście
tworzyć	V	cond.p2.pl.m.hum	tworzylibyście
tworzyć	V	cond.p2.sg.f	tworzyłabyś
tworzyć	V	cond.p2.sg.m	tworzyłbyś
tworzyć	V	cond.p3.pl	tworzyłyby
tworzyć	V	cond.p3.pl.m.hum	tworzyliby
tworzyć	V	cond.p3.sg.f	tworzyłaby
tworzyć	V	cond.p3.sg.m	tworzyłby
tworzyć	V	cond.p3.sg.n	tworzyłoby
tworzyć	V	fut.p1.pl	będziemy tworzyły
tworzyć	V	fut.p1.pl.m.hum	będziemy tworzyli
tworzyć	V	fut.p1.sg.f	będę tworzyła
tworzyć	V	fut.p1.sg.m	będę tworzył
tworzyć	V	fut.p2.pl	będziecie tworzyły
tworzyć	V	fut.p2.pl.m.hum	będziecie tworzyli
tworzyć	V	fut.p2.sg.f	będziesz tworzyła
tworzyć	V	fut.p2.sg.m	będziesz tworzył
tworzyć	V	fut.p3.pl	będą tworzyły
tworzyć	V	fut.p3.pl.m.hum	będą tworzyli
tworzyć	V	fut.p3.sg.f	będzie tworzyła
tworzyć	V	fut.p3.sg.m	będzie tworzył
tworzyć	V	fut.p3.sg.n	będzie tworzyło
tworzyć	V	imp.p1.pl	twórzmy
tworzyć	V	imp.p2.pl	twórzcie
tworzyć	V	imp.p2.sg	twórz
tworzyć	V	imp.p3.pl	niech tworzą
tworzyć	V	imp.p3.sg	niech tworzy
tworzyć	V	past.p1.pl	tworzyłyśmy
tworzyć	V	past.p1.pl.m.hum	tworzyliśmy
tworzyć	V	past.p1.sg.f	tworzyłam
tworzyć	V	past.p1.sg.m	tworzyłem
tworzyć	V	past.p2.pl	tworzyłyście
tworzyć	V	past.p2.pl.m.hum	tworzyliście
tworzyć	V	past.p2.sg.f	tworzyłaś
tworzyć	V	past.p2.sg.m	tworzyłeś
tworzyć	V	past.p3.pl	tworzyły
tworzyć	V	past.p3.pl.m.hum	tworzyli
tworzyć	V	past.p3.sg.f	tworzyła
tworzyć	V	past.p3.sg.m	tworzył
tworzyć	V	past.p3.sg.n	tworzyło
tworzyć	V	pres.p1.pl	tworzymy
tworzyć	V	pres.p1.sg	tworzę
tworzyć	V	pres.p2.pl	tworzycie
tworzyć	V	pres.p2.sg	tworzysz
tworzyć	V	pres.p3.pl	tworzą
tworzyć	V	pres.p3.sg	tworzy
tydzień	N	pl.acc	tygodnie
tydzień	N	pl.dat	tygodniom
tydzień	N	pl.gen	tygodni
tydzień	N	pl.ins	tygodniami
tydzień	N	pl.loc	tygodniach
tydzień	N	pl.nom	tygodnie
tydzień	N	pl.voc	tygodnie
tydzień	N	sg.acc	tydzień
tydzień	N	sg.dat	tygodniowi
tydzień	N	sg.gen	tygodnia
tydzień	N	sg.ins	tygodniem
tydzień	N	sg.loc	tygodniu
tydzień	N	sg.nom	tydzień
tydzień	N	sg.voc	tygodniu
tył	N	pl.acc	tyły
tył	N	pl.dat	tyłom
tył	N	pl.gen	tyłów
tył	N	pl.ins	tyłami
tył	N	pl.loc	tyłach
tył	N	pl.nom	tyły
tył	N	pl.voc	tyły
tył	N	sg.acc	tył
tył	N	sg.dat	tyłowi
tył	N	sg.gen	tyłu
tył	N	sg.ins	tyłem
tył	N	sg.loc	tyle
tył	N	sg.nom	tył
tył	N	sg.voc	tyle
tyłek	N	pl.acc	tyłki
tyłek	N	pl.dat	tyłkom
tyłek	N	pl.gen	tyłków
tyłek	N	pl.ins	tyłkami
tyłek	N	pl.loc	tyłkach
tyłek	N	pl.nom	tyłki
tyłek	N	pl.voc	tyłki
tyłek	N	sg.acc	tyłek
tyłek	N	sg.dat	tyłkowi
tyłek	N	sg.gen	tyłka
tyłek	N	sg.ins	tyłkiem
tyłek	N	sg.loc	tyłku
tyłek	N	sg.nom	tyłek
tyłek	N	sg.voc	tyłku
ubranie	N	pl.acc	ubrania
ubranie	N	pl.dat	ubraniom
ubranie	N	pl.gen	ubrań
ubranie	N	pl.ins	ubraniami
ubranie	N	pl.loc	ubraniach
ubranie	N	pl.nom	ubrania
ubranie	N	pl.voc	ubrania
ubranie	N	sg.acc	ubranie
ubranie	N	sg.dat	ubraniu
ubranie	N	sg.gen	ubrania
ubranie	N	sg.ins	ubraniem
ubranie	N	sg.loc	ubraniu
ubranie	N	sg.nom	ubranie
ubranie	N	sg.voc	ubranie
ucieczka	N	pl.acc	ucieczki
ucieczka	N	pl.dat	ucieczkom
ucieczka	N	pl.gen	ucieczek
ucieczka	N	pl.ins	ucieczkami
ucieczka	N	pl.loc	ucieczkach
ucieczka	N	pl.nom	ucieczki
ucieczka	N	pl.voc	ucieczki
ucieczka	N	sg.acc	ucieczkę
ucieczka	N	sg.dat	ucieczce
ucieczka	N	sg.gen	ucieczki
ucieczka	N	sg.ins	ucieczką
ucieczka	N	sg.loc	ucieczce
ucieczka	N	sg.nom	ucieczka
ucieczka	N	sg.voc	ucieczko
uciekać	V	cond.p1.pl	uciekałybyśmy
uciekać	V	cond.p1.pl.m.hum	uciekalibyśmy
uciekać	V	cond.p1.sg.f	uciekałabym
uciekać	V	cond.p1.sg.m	uciekałbym
uciekać	V	cond.p2.pl	uciekałybyście
uciekać	V	cond.p2.pl.m.hum	uciekalibyście
uciekać	V	cond.p2.sg.f	uciekałabyś
uciekać	V	cond.p2.sg.m	uciekałbyś
uciekać	V	cond.p3.pl	uciekałyby
uciekać	V	cond.p3.pl.m.hum	uciekaliby
uciekać	V	cond.p3.sg.f	uciekałaby
uciekać	V	cond.p3.sg.m	uciekałby
uciekać	V	cond.p3.sg.n	uciekałoby
uciekać	V	fut.p1.pl	będziemy uciekały
uciekać	V	fut.p1.pl.m.hum	będziemy uciekali
uciekać	V	fut.p1.sg.f	będę uciekała
uciekać	V	fut.p1.sg.m	będę uciekał
uciekać	V	fut.p2.pl	będziecie uciekały
uciekać	V	fut.p2.pl.m.hum	będziecie uciekali
uciekać	V	fut.p2.sg.f	będziesz uciekała
uciekać	V	fut.p2.sg.m	będziesz uciekał
uciekać	V	fut.p3.pl	będą uciekały
uciekać	V	fut.p3.pl.m.hum	będą uciekali
uciekać	V	fut.p3.sg.f	będzie uciekała
uciekać	V	fut.p3.sg.m	będzie uciekał
uciekać	V	fut.p3.sg.n	będzie uciekało
uciekać	V	imp.p1.pl	uciekajmy
uciekać	V	imp.p2.pl	uciekajcie
uciekać	V	imp.p2.sg	uciekaj
uciekać	V	imp.p3.pl	niech uciekają
uciekać	V	imp.p3.sg	niech ucieka
uciekać	V	past.p1.pl	uciekałyśmy
uciekać	V	past.p1.pl.m.hum	uciekaliśmy
uciekać	V	past.p1.sg.f	uciekałam
uciekać	V	past.p1.sg.m	uciekałem
uciekać	V	past.p2.pl	uciekałyście
uciekać	V	past.p2.pl.m.hum	uciekaliście
uciekać	V	past.p2.sg.f	uciekałaś
uciekać	V	past.p2.sg.m	uciekałeś
uciekać	V	past.p3.pl	uciekały
uciekać	V	past.p3.pl.m.hum	uciekali
uciekać	V	past.p3.sg.f	uciekała
uciekać	V	past.p3.sg.m	uciekał
uciekać	V	past.p3.sg.n	uciekało
uciekać	V	pres.p1.pl	uciekamy
uciekać	V	pres.p1.sg	uciekam
uciekać	V	pres.p2.pl	uciekacie
uciekać	V	pres.p2.sg	uciekasz
uciekać	V	pres.p3.pl	uciekają
uciekać	V	pres.p3.sg	ucieka
uczucie	N	pl.acc	uczucia
uczucie	N	pl.dat	uczuciom
uczucie	N	pl.gen	uczuć
uczucie	N	pl.ins	uczuciami
uczucie	N	pl.loc	uczuciach
uczucie	N	pl.nom	uczucia
uczucie	N	pl.voc	uczucia
uczucie	N	sg.acc	uczucie
uczucie	N	sg.dat	uczuciu
uczucie	N	sg.gen	uczucia
uczucie	N	sg.ins	uczuciem
uczucie	N	sg.loc	uczuciu
uczucie	N	sg.nom	uczucie
uczucie	N	sg.voc	uczucie
uczyć	V	cond.p1.pl	uczyłybyśmy
uczyć	V	cond.p1.pl.m.hum	uczylibyśmy
uczyć	V	cond.p1.sg.f	uczyłabym
uczyć	V	cond.p1.sg.m	uczyłbym
uczyć	V	cond.p2.pl	uczyłybyście
uczyć	V	cond.p2.pl.m.hum	uczylibyście
uczyć	V	cond.p2.sg.f	uczyłabyś
uczyć	V	cond.p2.sg.m	uczyłbyś
uczyć	V	cond.p3.pl	uczyłyby
uczyć	V	cond.p3.pl.m.hum	uczyliby
uczyć	V	cond.p3.sg.f	uczyłaby
uczyć	V	cond.p3.sg.m	uczyłby
uczyć	V	cond.p3.sg.n	uczyłoby
uczyć	V	fut.p1.pl	będziemy uczyły
uczyć	V	fut.p1.pl.m.hum	będziemy uczyli
uczyć	V	fut.p1.sg.f	będę uczyła
uczyć	V	fut.p1.sg.m	będę uczył
uczyć	V	fut.p2.pl	będziecie uczyły
uczyć	V	fut.p2.pl.m.hum	będziecie uczyli
uczyć	V	fut.p2.sg.f	będziesz uczyła
uczyć	V	fut.p2.sg.m	będziesz uczył
uczyć	V	fut.p3.pl	będą uczyły
uczyć	V	fut.p3.pl.m.hum	będą uczyli
uczyć	V	fut.p3.sg.f	będzie uczyła
uczyć	V	fut.p3.sg.m	będzie uczył
uczyć	V	fut.p3.sg.n	będzie uczyło
uczyć	V	imp.p1.pl	uczmy
uczyć	V	imp.p2.pl	uczcie
uczyć	V	imp.p2.sg	ucz
uczyć	V	imp.p3.pl	niech uczą
uczyć	V	imp.p3.sg	niech uczy
uczyć	V	past.p1.pl	uczyłyśmy
uczyć	V	past.p1.pl.m.hum	uczyliśmy
uczyć	V	past.p1.sg.f	uczyłam
uczyć	V	past.p1.sg.m	uczyłem
uczyć	V	past.p2.pl	uczyłyście
uczyć	V	past.p2.pl.m.hum	uczyliście
uczyć	V	past.p2.sg.f	uczyłaś
uczyć	V	past.p2.sg.m	uczyłeś
uczyć	V	past.p3.pl	uczyły
uczyć	V	past.p3.pl.m.hum	uczyli
uczyć	V	past.p3.sg.f	uczyła
uczyć	V	past.p3.sg.m	uczył
uczyć	V	past.p3.sg.n	uczyło
uczyć	V	pres.p1.pl	uczymy
uczyć	V	pres.p1.sg	uczę
uczyć	V	pres.p2.pl	uczycie
uczyć	V	pres.p2.sg	uczysz
uczyć	V	pres.p3.pl	uczą
uczyć	V	pres.p3.sg	uczy
uderzyć	V	cond.p1.pl	uderzyłybyśmy
uderzyć	V	cond.p1.pl.m.hum	uderzylibyśmy
uderzyć	V	cond.p1.sg.f	uderzyłabym
uderzyć	V	cond.p1.sg.m	uderzyłbym
uderzyć	V	cond.p2.pl	uderzyłybyście
uderzyć	V	cond.p2.pl.m.hum	uderzylibyście
uderzyć	V	cond.p2.sg.f	uderzyłabyś
uderzyć	V	cond.p2.sg.m	uderzyłbyś
uderzyć	V	cond.p3.pl	uderzyłyby
uderzyć	V	cond.p3.pl.m.hum	uderzyliby
uderzyć	V	cond.p3.sg.f	uderzyłaby
uderzyć	V	cond.p3.sg.m	uderzyłby
uderzyć	V	cond.p3.sg.n	uderzyłoby
uderzyć	V	fut.p1.pl	uderzymy
uderzyć	V	fut.p1.sg	uderzę
uderzyć	V	fut.p2.pl	uderzycie
uderzyć	V	fut.p2.sg	uderzysz
uderzyć	V	fut.p3.pl	uderzą
uderzyć	V	fut.p3.sg	uderzy
uderzyć	V	imp.p1.pl	uderzmy
uderzyć	V	imp.p1.sg	niech uderzę
uderzyć	V	imp.p2.pl	uderzcie
uderzyć	V	imp.p2.sg	uderz
uderzyć	V	imp.p3.pl	niech uderzą
uderzyć	V	imp.p3.sg	niech uderzy
uderzyć	V	past.p1.pl	uderzyłyśmy
uderzyć	V	past.p1.pl.m.hum	uderzyliśmy
uderzyć	V	past.p1.sg.f	uderzyłam
uderzyć	V	past.p1.sg.m	uderzyłem
uderzyć	V	past.p2.pl	uderzyłyście
uderzyć	V	past.p2.pl.m.hum	uderzyliście
uderzyć	V	past.p2.sg.f	uderzyłaś
uderzyć	V	past.p2.sg.m	uderzyłeś
uderzyć	V	past.p3.pl	uderzyły
uderzyć	V	past.p3.pl.m.hum	uderzyli
uderzyć	V	past.p3.sg.f	uderzyła
uderzyć	V	past.p3.sg.m	uderzył
uderzyć	V	past.p3.sg.n	uderzyło
udo	N	pl.acc	uda
udo	N	pl.dat	udom
udo	N	pl.gen	ud
udo	N	pl.ins	udami
udo	N	pl.loc	udach
udo	N	pl.nom	uda
udo	N	pl.voc	uda
udo	N	sg.acc	udo
udo	N	sg.dat	udu
udo	N	sg.gen	uda
udo	N	sg.ins	udem
udo	N	sg.loc	udzie
udo	N	sg.nom	udo
udo	N	sg.voc	udo
ufać	V	cond.p1.pl	ufałybyśmy
ufać	V	cond.p1.pl.m.hum	ufalibyśmy
ufać	V	cond.p1.sg.f	ufałabym
ufać	V	cond.p1.sg.m	ufałbym
ufać	V	cond.p2.pl	ufałybyście
ufać	V	cond.p2.pl.m.hum	ufalibyście
ufać	V	cond.p2.sg.f	ufałabyś
ufać	V	cond.p2.sg.m	ufałbyś
ufać	V	cond.p3.pl	ufałyby
ufać	V	cond.p3.pl.m.hum	ufaliby
ufać	V	cond.p3.sg.f	ufałaby
ufać	V	cond.p3.sg.m	ufałby
ufać	V	cond.p3.sg.n	ufałoby
ufać	V	fut.p1.pl	będziemy ufały
ufać	V	fut.p1.pl.m.hum	będziemy ufali
ufać	V	fut.p1.sg.f	będę ufała
ufać	V	fut.p1.sg.m	będę ufał
ufać	V	fut.p2.pl	będziecie ufały
ufać	V	fut.p2.pl.m.hum	będziecie ufali
ufać	V	fut.p2.sg.f	będziesz ufała
ufać	V	fut.p2.sg.m	będziesz ufał
ufać	V	fut.p3.pl	będą ufały
ufać	V	fut.p3.pl.m.hum	będą ufali
ufać	V	fut.p3.sg.f	będzie ufała
ufać	V	fut.p3.sg.m	będzie ufał
ufać	V	fut.p3.sg.n	będzie ufało
ufać	V	imp.p1.pl	ufajmy
ufać	V	imp.p2.pl	ufajcie
ufać	V	imp.p2.sg	ufaj
ufać	V	imp.p3.pl	niech ufają
ufać	V	imp.p3.sg	niech ufa
ufać	V	past.p1.pl	ufałyśmy
ufać	V	past.p1.pl.m.hum	ufaliśmy
ufać	V	past.p1.sg.f	ufałam
ufać	V	past.p1.sg.m	ufałem
ufać	V	past.p2.pl	ufałyście
ufać	V	past.p2.pl.m.hum	ufaliście
ufać	V	past.p2.sg.f	ufałaś
ufać	V	past.p2.sg.m	ufałeś
ufać	V	past.p3.pl	ufały
ufać	V	past.p3.pl.m.hum	ufali
ufać	V	past.p3.sg.f	ufała
ufać	V	past.p3.sg.m	ufał
ufać	V	past.p3.sg.n	ufało
ufać	V	pres.p1.pl	ufamy
ufać	V	pres.p1.sg	ufam
ufać	V	pres.p2.pl	ufacie
ufać	V	pres.p2.sg	ufasz
ufać	V	pres.p3.pl	ufają
ufać	V	pres.p3.sg	ufa
układ	N	pl.acc	układy
układ	N	pl.dat	układom
układ	N	pl.gen	układów
układ	N	pl.ins	układami
układ	N	pl.loc	układach
układ	N	pl.nom	układy
układ	N	pl.voc	układy
układ	N	sg.acc	układ
układ	N	sg.dat	układowi
układ	N	sg.gen	układu
układ	N	sg.ins	układem
układ	N	sg.loc	układzie
układ	N	sg.nom	układ
układ	N	sg.voc	układzie
ukraść	V	cond.p1.pl	ukradłybyśmy
ukraść	V	cond.p1.pl.m.hum	ukradlibyśmy
ukraść	V	cond.p1.sg.f	ukradłabym
ukraść	V	cond.p1.sg.m	ukradłbym
ukraść	V	cond.p2.pl	ukradłybyście
ukraść	V	cond.p2.pl.m.hum	ukradlibyście
ukraść	V	cond.p2.sg.f	ukradłabyś
ukraść	V	cond.p2.sg.m	ukradłbyś
ukraść	V	cond.p3.pl	ukradłyby
ukraść	V	cond.p3.pl.m.hum	ukradliby
ukraść	V	cond.p3.sg.f	ukradłaby
ukraść	V	cond.p3.sg.m	ukradłby
ukraść	V	cond.p3.sg.n	ukradłoby
ukraść	V	fut.p1.pl	ukradniemy
ukraść	V	fut.p1.sg	ukradnę
ukraść	V	fut.p2.pl	ukradniecie
ukraść	V	fut.p2.sg	ukradniesz
ukraść	V	fut.p3.pl	ukradną
ukraść	V	fut.p3.sg	ukradnie
ukraść	V	imp.p1.pl	ukradnijmy
ukraść	V	imp.p1.sg	niech ukradnę
ukraść	V	imp.p2.pl	ukradnijcie
ukraść	V	imp.p2.sg	ukradnij
ukraść	V	imp.p3.pl	niech ukradną
ukraść	V	imp.p3.sg	niech ukradnie
ukraść	V	past.p1.pl	ukradłyśmy
ukraść	V	past.p1.pl.m.hum	ukradliśmy
ukraść	V	past.p1.sg.f	ukradłam
ukraść	V	past.p1.sg.m	ukradłem
ukraść	V	past.p2.pl	ukradłyście
ukraść	V	past.p2.pl.m.hum	ukradliście
ukraść	V	past.p2.sg.f	ukradłaś
ukraść	V	past.p2.sg.m	ukradłeś
ukraść	V	past.p3.pl	ukradły
ukraść	V	past.p3.pl.m.hum	ukradli
ukraść	V	past.p3.sg.f	ukradła
ukraść	V	past.p3.sg.m	ukradł
ukraść	V	past.p3.sg.n	ukradło
ukryć	V	cond.p1.pl	ukryłybyśmy
ukryć	V	cond.p1.pl.m.hum	ukrylibyśmy
ukryć	V	cond.p1.sg.f	ukryłabym
ukryć	V	cond.p1.sg.m	ukryłbym
ukryć	V	cond.p2.pl	ukryłybyście
ukryć	V	cond.p2.pl.m.hum	ukrylibyście
ukryć	V	cond.p2.sg.f	ukryłabyś
ukryć	V	cond.p2.sg.m	ukryłbyś
ukryć	V	cond.p3.pl	ukryłyby
ukryć	V	cond.p3.pl.m.hum	ukryliby
ukryć	V	cond.p3.sg.f	ukryłaby
ukryć	V	cond.p3.sg.m	ukryłby
ukryć	V	cond.p3.sg.n	ukryłoby
ukryć	V	fut.p1.pl	ukryjemy
ukryć	V	fut.p1.sg	ukryję
ukryć	V	fut.p2.pl	ukryjecie
ukryć	V	fut.p2.sg	ukryjesz
ukryć	V	fut.p3.pl	ukryją
ukryć	V	fut.p3.sg	ukryje
ukryć	V	imp.p1.pl	ukryjmy
ukryć	V	imp.p1.sg	niech ukryję
ukryć	V	imp.p2.pl	ukryjcie
ukryć	V	imp.p2.sg	ukryj
ukryć	V	imp.p3.pl	niech ukryją
ukryć	V	imp.p3.sg	niech ukryje
ukryć	V	past.p1.pl	ukryłyśmy
ukryć	V	past.p1.pl.m.hum	ukryliśmy
ukryć	V	past.p1.sg.f	ukryłam
ukryć	V	past.p1.sg.m	ukryłem
ukryć	V	past.p2.pl	ukryłyście
ukryć	V	past.p2.pl.m.hum	ukryliście
ukryć	V	past.p2.sg.f	ukryłaś
ukryć	V	past.p2.sg.m	ukryłeś
ukryć	V	past.p3.pl	ukryły
ukryć	V	past.p3.pl.m.hum	ukryli
ukryć	V	past.p3.sg.f	ukryła
ukryć	V	past.p3.sg.m	ukrył
ukryć	V	past.p3.sg.n	ukryło
ukrywać	V	cond.p1.pl	ukrywałybyśmy
ukrywać	V	cond.p1.pl.m.hum	ukrywalibyśmy
ukrywać	V	cond.p1.sg.f	ukrywałabym
ukrywać	V	cond.p1.sg.m	ukrywałbym
ukrywać	V	cond.p2.pl	ukrywałybyście
ukrywać	V	cond.p2.pl.m.hum	ukrywalibyście
ukrywać	V	cond.p2.sg.f	ukrywałabyś
ukrywać	V	cond.p2.sg.m	ukrywałbyś
ukrywać	V	cond.p3.pl	ukrywałyby
ukrywać	V	cond.p3.pl.m.hum	ukrywaliby
ukrywać	V	cond.p3.sg.f	ukrywałaby
ukrywać	V	cond.p3.sg.m	ukrywałby
ukrywać	V	cond.p3.sg.n	ukrywałoby
ukrywać	V	fut.p1.pl	będziemy ukrywały
ukrywać	V	fut.p1.pl.m.hum	będziemy ukrywali
ukrywać	V	fut.p1.sg.f	będę ukrywała
ukrywać	V	fut.p1.sg.m	będę ukrywał
ukrywać	V	fut.p2.pl	będziecie ukrywały
ukrywać	V	fut.p2.pl.m.hum	będziecie ukrywali
ukrywać	V	fut.p2.sg.f	będziesz ukrywała
ukrywać	V	fut.p2.sg.m	będziesz ukrywał
ukrywać	V	fut.p3.pl	będą ukrywały
ukrywać	V	fut.p3.pl.m.hum	będą ukrywali
ukrywać	V	fut.p3.sg.f	będzie ukrywała
ukrywać	V	fut.p3.sg.m	będzie ukrywał
ukrywać	V	fut.p3.sg.n	będzie ukrywało
ukrywać	V	imp.p1.pl	ukrywajmy
ukrywać	V	imp.p2.pl	ukrywajcie
ukrywać	V	imp.p2.sg	ukrywaj
ukrywać	V	imp.p3.pl	niech ukrywają
ukrywać	V	imp.p3.sg	niech ukrywa
ukrywać	V	past.p1.pl	ukrywałyśmy
ukrywać	V	past.p1.pl.m.hum	ukrywaliśmy
ukrywać	V	past.p1.sg.f	ukrywałam
ukrywać	V	past.p1.sg.m	ukrywałem
ukrywać	V	past.p2.pl	ukrywałyście
ukrywać	V	past.p2.pl.m.hum	ukrywaliście
ukrywać	V	past.p2.sg.f	ukrywałaś
ukrywać	V	past.p2.sg.m	ukrywałeś
ukrywać	V	past.p3.pl	ukrywały
ukrywać	V	past.p3.pl.m.hum	ukrywali
ukrywać	V	past.p3.sg.f	ukrywała
ukrywać	V	past.p3.sg.m	ukrywał
ukrywać	V	past.p3.sg.n	ukrywało
ukrywać	V	pres.p1.pl	ukrywamy
ukrywać	V	pres.p1.sg	ukrywam
ukrywać	V	pres.p2.pl	ukrywacie
ukrywać	V	pres.p2.sg	ukrywasz
ukrywać	V	pres.p3.pl	ukrywają
ukrywać	V	pres.p3.sg	ukrywa
ulica	N	pl.acc	ulice
ulica	N	pl.dat	ulicom
ulica	N	pl.gen	ulic
ulica	N	pl.ins	ulicami
ulica	N	pl.loc	ulicach
ulica	N	pl.nom	ulice
ulica	N	pl.voc	ulice
ulica	N	sg.acc	ulicę
ulica	N	sg.dat	ulicy
ulica	N	sg.gen	ulicy
ulica	N	sg.ins	ulicą
ulica	N	sg.loc	ulicy
ulica	N	sg.nom	ulica
ulica	N	sg.voc	ulico
umierać	V	cond.p1.pl	umierałybyśmy
umierać	V	cond.p1.pl.m.hum	umieralibyśmy
umierać	V	cond.p1.sg.f	umierałabym
umierać	V	cond.p1.sg.m	umierałbym
umierać	V	cond.p2.pl	umierałybyście
umierać	V	cond.p2.pl.m.hum	umieralibyście
umierać	V	cond.p2.sg.f	umierałabyś
umierać	V	cond.p2.sg.m	umierałbyś
umierać	V	cond.p3.pl	umierałyby
umierać	V	cond.p3.pl.m.hum	umieraliby
umierać	V	cond.p3.sg.f	umierałaby
umierać	V	cond.p3.sg.m	umierałby
umierać	V	cond.p3.sg.n	umierałoby
umierać	V	fut.p1.pl	będziemy umierały
umierać	V	fut.p1.pl.m.hum	będziemy umierali
umierać	V	fut.p1.sg.f	będę umierała
umierać	V	fut.p1.sg.m	będę umierał
umierać	V	fut.p2.pl	będziecie umierały
umierać	V	fut.p2.pl.m.hum	będziecie umierali
umierać	V	fut.p2.sg.f	będziesz umierała
umierać	V	fut.p2.sg.m	będziesz umierał
umierać	V	fut.p3.pl	będą umierały
umierać	V	fut.p3.pl.m.hum	będą umierali
umierać	V	fut.p3.sg.f	będzie umierała
umierać	V	fut.p3.sg.m	będzie umierał
umierać	V	fut.p3.sg.n	będzie umierało
umierać	V	imp.p1.pl	umierajmy
umierać	V	imp.p2.pl	umierajcie
umierać	V	imp.p2.sg	umieraj
umierać	V	imp.p3.pl	niech umierają
umierać	V	imp.p3.sg	niech umiera
umierać	V	past.p1.pl	umierałyśmy
umierać	V	past.p1.pl.m.hum	umieraliśmy
umierać	V	past.p1.sg.f	umierałam
umierać	V	past.p1.sg.m	umierałem
umierać	V	past.p2.pl	umierałyście
umierać	V	past.p2.pl.m.hum	umieraliście
umierać	V	past.p2.sg.f	umierałaś
umierać	V	past.p2.sg.m	umierałeś
umierać	V	past.p3.pl	umierały
umierać	V	past.p3.pl.m.hum	umierali
umierać	V	past.p3.sg.f	umierała
umierać	V	past.p3.sg.m	umierał
umierać	V	past.p3.sg.n	umierało
umierać	V	pres.p1.pl	umieramy
umierać	V	pres.p1.sg	umieram
umierać	V	pres.p2.pl	umieracie
umierać	V	pres.p2.sg	umierasz
umierać	V	pres.p3.pl	umierają
umierać	V	pres.p3.sg	umiera
umowa	N	pl.acc	umowy
umowa	N	pl.dat	umowom
umowa	N	pl.gen	umów
umowa	N	pl.ins	umowami
umowa	N	pl.loc	umowach
umowa	N	pl.nom	umowy
umowa	N	pl.voc	umowy
umowa	N	sg.acc	umowę
umowa	N	sg.dat	umowie
umowa	N	sg.gen	umowy
umowa	N	sg.ins	umową
umowa	N	sg.loc	umowie
umowa	N	sg.nom	umowa
umowa	N	sg.voc	umowo
umrzeć	V	cond.p1.pl	umarłybyśmy
umrzeć	V	cond.p1.pl.m.hum	umarlibyśmy
umrzeć	V	cond.p1.sg.f	umarłabym
umrzeć	V	cond.p1.sg.m	umarłbym
umrzeć	V	cond.p2.pl	umarłybyście
umrzeć	V	cond.p2.pl.m.hum	umarlibyście
umrzeć	V	cond.p2.sg.f	umarłabyś
umrzeć	V	cond.p2.sg.m	umarłbyś
umrzeć	V	cond.p3.pl	umarłyby
umrzeć	V	cond.p3.pl.m.hum	umarliby
umrzeć	V	cond.p3.sg.f	umarłaby
umrzeć	V	cond.p3.sg.m	umarłby
umrzeć	V	cond.p3.sg.n	umarłoby
umrzeć	V	fut.p1.pl	umrzemy
umrzeć	V	fut.p1.sg	umrę
umrzeć	V	fut.p2.pl	umrzecie
umrzeć	V	fut.p2.sg	umrzesz
umrzeć	V	fut.p3.pl	umrą
umrzeć	V	fut.p3.sg	umrze
umrzeć	V	imp.p1.pl	umrzyjmy
umrzeć	V	imp.p1.sg	niech umrę
umrzeć	V	imp.p2.pl	umrzyjcie
umrzeć	V	imp.p2.sg	umrzyj
umrzeć	V	imp.p3.pl	niech umrą
umrzeć	V	imp.p3.sg	niech umrze
umrzeć	V	past.p1.pl	umarłyśmy
umrzeć	V	past.p1.pl.m.hum	umarliśmy
umrzeć	V	past.p1.sg.f	umarłam
umrzeć	V	past.p1.sg.m	umarłem
umrzeć	V	past.p2.pl	umarłyście
umrzeć	V	past.p2.pl.m.hum	umarliście
umrzeć	V	past.p2.sg.f	umarłaś
umrzeć	V	past.p2.sg.m	umarłeś
umrzeć	V	past.p3.pl	umarły
umrzeć	V	past.p3.pl.m.hum	umarli
umrzeć	V	past.p3.sg.f	umarła
umrzeć	V	past.p3.sg.m	umarł
umrzeć	V	past.p3.sg.n	umarło
umysł	N	pl.acc	umysły
umysł	N	pl.dat	umysłom
umysł	N	pl.gen	umysłów
umysł	N	pl.ins	umysłami
umysł	N	pl.loc	umysłach
umysł	N	pl.nom	umysły
umysł	N	pl.voc	umysły
umysł	N	sg.acc	umysł
umysł	N	sg.dat	umysłowi
umysł	N	sg.gen	umysłu
umysł	N	sg.ins	umysłem
umysł	N	sg.loc	umyśle
umysł	N	sg.nom	umysł
umysł	N	sg.voc	umyśle
uprawiać	V	cond.p1.pl	uprawiałybyśmy
uprawiać	V	cond.p1.pl.m.hum	uprawialibyśmy
uprawiać	V	cond.p1.sg.f	uprawiałabym
uprawiać	V	cond.p1.sg.m	uprawiałbym
uprawiać	V	cond.p2.pl	uprawiałybyście
uprawiać	V	cond.p2.pl.m.hum	uprawialibyście
uprawiać	V	cond.p2.sg.f	uprawiałabyś
uprawiać	V	cond.p2.sg.m	uprawiałbyś
uprawiać	V	cond.p3.pl	uprawiałyby
uprawiać	V	cond.p3.pl.m.hum	uprawialiby
uprawiać	V	cond.p3.sg.f	uprawiałaby
uprawiać	V	cond.p3.sg.m	uprawiałby
uprawiać	V	cond.p3.sg.n	uprawiałoby
uprawiać	V	fut.p1.pl	będziemy uprawiały
uprawiać	V	fut.p1.pl.m.hum	będziemy uprawiali
uprawiać	V	fut.p1.sg.f	będę uprawiała
uprawiać	V	fut.p1.sg.m	będę uprawiał
uprawiać	V	fut.p2.pl	będziecie uprawiały
uprawiać	V	fut.p2.pl.m.hum	będziecie uprawiali
uprawiać	V	fut.p2.sg.f	będziesz uprawiała
uprawiać	V	fut.p2.sg.m	będziesz uprawiał
uprawiać	V	fut.p3.pl	będą uprawiały
uprawiać	V	fut.p3.pl.m.hum	będą uprawiali
uprawiać	V	fut.p3.sg.f	będzie uprawiała
uprawiać	V	fut.p3.sg.m	będzie uprawiał
uprawiać	V	fut.p3.sg.n	będzie uprawiało
uprawiać	V	imp.p1.pl	uprawiajmy
uprawiać	V	imp.p2.pl	uprawiajcie
uprawiać	V	imp.p2.sg	uprawiaj
uprawiać	V	imp.p3.pl	niech uprawiają
uprawiać	V	imp.p3.sg	niech uprawia
uprawiać	V	past.p1.pl	uprawiałyśmy
uprawiać	V	past.p1.pl.m.hum	uprawialiśmy
uprawiać	V	past.p1.sg.f	uprawiałam
uprawiać	V	past.p1.sg.m	uprawiałem
uprawiać	V	past.p2.pl	uprawiałyście
uprawiać	V	past.p2.pl.m.hum	uprawialiście
uprawiać	V	past.p2.sg.f	uprawiałaś
uprawiać	V	past.p2.sg.m	uprawiałeś
uprawiać	V	past.p3.pl	uprawiały
uprawiać	V	past.p3.pl.m.hum	uprawiali
uprawiać	V	past.p3.sg.f	uprawiała
uprawiać	V	past.p3.sg.m	uprawiał
uprawiać	V	past.p3.sg.n	uprawiało
uprawiać	V	pres.p1.pl	uprawiamy
uprawiać	V	pres.p1.sg	uprawiam
uprawiać	V	pres.p2.pl	uprawiacie
uprawiać	V	pres.p2.sg	uprawiasz
uprawiać	V	pres.p3.pl	uprawiają
uprawiać	V	pres.p3.sg	uprawia
uratować	V	cond.p1.pl	uratowałybyśmy
uratować	V	cond.p1.pl.m.hum	uratowalibyśmy
uratować	V	cond.p1.sg.f	uratowałabym
uratować	V	cond.p1.sg.m	uratowałbym
uratować	V	cond.p2.pl	uratowałybyście
uratować	V	cond.p2.pl.m.hum	uratowalibyście
uratować	V	cond.p2.sg.f	uratowałabyś
uratować	V	cond.p2.sg.m	uratowałbyś
uratować	V	cond.p3.pl	uratowałyby
uratować	V	cond.p3.pl.m.hum	uratowaliby
uratować	V	cond.p3.sg.f	uratowałaby
uratować	V	cond.p3.sg.m	uratowałby
uratować	V	cond.p3.sg.n	uratowałoby
uratować	V	fut.p1.pl	uratujemy
uratować	V	fut.p1.sg	uratuję
uratować	V	fut.p2.pl	uratujecie
uratować	V	fut.p2.sg	uratujesz
uratować	V	fut.p3.pl	uratują
uratować	V	fut.p3.sg	uratuje
uratować	V	imp.p1.pl	uratujmy
uratować	V	imp.p1.sg	niech uratuję
uratować	V	imp.p2.pl	uratujcie
uratować	V	imp.p2.sg	uratuj
uratować	V	imp.p3.pl	niech uratują
uratować	V	imp.p3.sg	niech uratuje
uratować	V	past.p1.pl	uratowałyśmy
uratować	V	past.p1.pl.m.hum	uratowaliśmy
uratować	V	past.p1.sg.f	uratowałam
uratować	V	past.p1.sg.m	uratowałem
uratować	V	past.p2.pl	uratowałyście
uratować	V	past.p2.pl.m.hum	uratowaliście
uratować	V	past.p2.sg.f	uratowałaś
uratować	V	past.p2.sg.m	uratowałeś
uratować	V	past.p3.pl	uratowały
uratować	V	past.p3.pl.m.hum	uratowali
uratować	V	past.p3.sg.f	uratowała
uratować	V	past.p3.sg.m	uratował
uratować	V	past.p3.sg.n	uratowało
urodzić	V	cond.p1.pl	urodziłybyśmy
urodzić	V	cond.p1.pl.m.hum	urodzilibyśmy
urodzić	V	cond.p1.sg.f	urodziłabym
urodzić	V	cond.p1.sg.m	urodziłbym
urodzić	V	cond.p2.pl	urodziłybyście
urodzić	V	cond.p2.pl.m.hum	urodzilibyście
urodzić	V	cond.p2.sg.f	urodziłabyś
urodzić	V	cond.p2.sg.m	urodziłbyś
urodzić	V	cond.p3.pl	urodziłyby
urodzić	V	cond.p3.pl.m.hum	urodziliby
urodzić	V	cond.p3.sg.f	urodziłaby
urodzić	V	cond.p3.sg.m	urodziłby
urodzić	V	cond.p3.sg.n	urodziłoby
urodzić	V	fut.p1.pl	urodzimy
urodzić	V	fut.p1.sg	urodzę
urodzić	V	fut.p2.pl	urodzicie
urodzić	V	fut.p2.sg	urodzisz
urodzić	V	fut.p3.pl	urodzą
urodzić	V	fut.p3.sg	urodzi
urodzić	V	imp.p1.pl	urodźmy
urodzić	V	imp.p1.sg	niech urodzę
urodzić	V	imp.p2.pl	urodźcie
urodzić	V	imp.p2.sg	urodź
urodzić	V	imp.p3.pl	niech urodzą
urodzić	V	imp.p3.sg	niech urodzi
urodzić	V	past.p1.pl	urodziłyśmy
urodzić	V	past.p1.pl.m.hum	urodziliśmy
urodzić	V	past.p1.sg.f	urodziłam
urodzić	V	past.p1.sg.m	urodziłem
urodzić	V	past.p2.pl	urodziłyście
urodzić	V	past.p2.pl.m.hum	urodziliście
urodzić	V	past.p2.sg.f	urodziłaś
urodzić	V	past.p2.sg.m	urodziłeś
urodzić	V	past.p3.pl	urodziły
urodzić	V	past.p3.pl.m.hum	urodzili
urodzić	V	past.p3.sg.f	urodziła
urodzić	V	past.p3.sg.m	urodził
urodzić	V	past.p3.sg.n	urodziło
uśmiech	N	pl.acc	uśmiechy
uśmiech	N	pl.dat	uśmiechom
uśmiech	N	pl.gen	uśmiechów
uśmiech	N	pl.ins	uśmiechami
uśmiech	N	pl.loc	uśmiechach
uśmiech	N	pl.nom	uśmiechy
uśmiech	N	pl.voc	uśmiechy
uśmiech	N	sg.acc	uśmiech
uśmiech	N	sg.dat	uśmiechowi
uśmiech	N	sg.gen	uśmiechu
uśmiech	N	sg.ins	uśmiechem
uśmiech	N	sg.loc	uśmiechu
uśmiech	N	sg.nom	uśmiech
uśmiech	N	sg.voc	uśmiechu
usunąć	V	cond.p1.pl	usunęłybyśmy
usunąć	V	cond.p1.pl.m.hum	usunęlibyśmy
usunąć	V	cond.p1.sg.f	usunęłabym
usunąć	V	cond.p1.sg.m	usunąłbym
usunąć	V	cond.p2.pl	usunęłybyście
usunąć	V	cond.p2.pl.m.hum	usunęlibyście
usunąć	V	cond.p2.sg.f	usunęłabyś
usunąć	V	cond.p2.sg.m	usunąłbyś
usunąć	V	cond.p3.pl	usunęłyby
usunąć	V	cond.p3.pl.m.hum	usunęliby
usunąć	V	cond.p3.sg.f	usunęłaby
usunąć	V	cond.p3.sg.m	usunąłby
usunąć	V	cond.p3.sg.n	usunęłoby
usunąć	V	fut.p1.pl	usuniemy
usunąć	V	fut.p1.sg	usunę
usunąć	V	fut.p2.pl	usuniecie
usunąć	V	fut.p2.sg	usuniesz
usunąć	V	fut.p3.pl	usuną
usunąć	V	fut.p3.sg	usunie
usunąć	V	imp.p1.pl	usuńmy
usunąć	V	imp.p1.sg	niech usunę
usunąć	V	imp.p2.pl	usuńcie
usunąć	V	imp.p2.sg	usuń
usunąć	V	imp.p3.pl	niech usuną
usunąć	V	imp.p3.sg	niech usunie
usunąć	V	past.p1.pl	usunęłyśmy
usunąć	V	past.p1.pl.m.hum	usunęliśmy
usunąć	V	past.p1.sg.f	usunęłam
usunąć	V	past.p1.sg.m	usunąłem
usunąć	V	past.p2.pl	usunęłyście
usunąć	V	past.p2.pl.m.hum	usunęliście
usunąć	V	past.p2.sg.f	usunęłaś
usunąć	V	past.p2.sg.m	usunąłeś
usunąć	V	past.p3.pl	usunęły
usunąć	V	past.p3.pl.m.hum	usunęli
usunąć	V	past.p3.sg.f	usunęła
usunąć	V	past.p3.sg.m	usunął
usunąć	V	past.p3.sg.n	usunęło
uwaga	N	pl.acc	uwagi
uwaga	N	pl.dat	uwagom
uwaga	N	pl.gen	uwag
uwaga	N	pl.ins	uwagami
uwaga	N	pl.loc	uwagach
uwaga	N	pl.nom	uwagi
uwaga	N	pl.voc	uwagi
uwaga	N	sg.acc	uwagę
uwaga	N	sg.dat	uwadze
uwaga	N	sg.gen	uwagi
uwaga	N	sg.ins	uwagą
uwaga	N	sg.loc	uwadze
uwaga	N	sg.nom	uwaga
uwaga	N	sg.voc	uwago
uważać	V	cond.p1.pl	uważałybyśmy
uważać	V	cond.p1.pl.m.hum	uważalibyśmy
uważać	V	cond.p1.sg.f	uważałabym
uważać	V	cond.p1.sg.m	uważałbym
uważać	V	cond.p2.pl	uważałybyście
uważać	V	cond.p2.pl.m.hum	uważalibyście
uważać	V	cond.p2.sg.f	uważałabyś
uważać	V	cond.p2.sg.m	uważałbyś
uważać	V	cond.p3.pl	uważałyby
uważać	V	cond.p3.pl.m.hum	uważaliby
uważać	V	cond.p3.sg.f	uważałaby
uważać	V	cond.p3.sg.m	uważałby
uważać	V	cond.p3.sg.n	uważałoby
uważać	V	fut.p1.pl	będziemy uważały
uważać	V	fut.p1.pl.m.hum	będziemy uważali
uważać	V	fut.p1.sg.f	będę uważała
uważać	V	fut.p1.sg.m	będę uważał
uważać	V	fut.p2.pl	będziecie uważały
uważać	V	fut.p2.pl.m.hum	będziecie uważali
uważać	V	fut.p2.sg.f	będziesz uważała
uważać	V	fut.p2.sg.m	będziesz uważał
uważać	V	fut.p3.pl	będą uważały
uważać	V	fut.p3.pl.m.hum	będą uważali
uważać	V	fut.p3.sg.f	będzie uważała
uważać	V	fut.p3.sg.m	będzie uważał
uważać	V	fut.p3.sg.n	będzie uważało
uważać	V	imp.p1.pl	uważajmy
uważać	V	imp.p2.pl	uważajcie
uważać	V	imp.p2.sg	uważaj
uważać	V	imp.p3.pl	niech uważają
uważać	V	imp.p3.sg	niech uważa
uważać	V	past.p1.pl	uważałyśmy
uważać	V	past.p1.pl.m.hum	uważaliśmy
uważać	V	past.p1.sg.f	uważałam
uważać	V	past.p1.sg.m	uważałem
uważać	V	past.p2.pl	uważałyście
uważać	V	past.p2.pl.m.hum	uważaliście
uważać	V	past.p2.sg.f	uważałaś
uważać	V	past.p2.sg.m	uważałeś
uważać	V	past.p3.pl	uważały
uważać	V	past.p3.pl.m.hum	uważali
uważać	V	past.p3.sg.f	uważała
uważać	V	past.p3.sg.m	uważał
uważać	V	past.p3.sg.n	uważało
uważać	V	pres.p1.pl	uważamy
uważać	V	pres.p1.sg	uważam
uważać	V	pres.p2.pl	uważacie
uważać	V	pres.p2.sg	uważasz
uważać	V	pres.p3.pl	uważają
uważać	V	pres.p3.sg	uważa
uwielbiać	V	cond.p1.pl	uwielbiałybyśmy
uwielbiać	V	cond.p1.pl.m.hum	uwielbialibyśmy
uwielbiać	V	cond.p1.sg.f	uwielbiałabym
uwielbiać	V	cond.p1.sg.m	uwielbiałbym
uwielbiać	V	cond.p2.pl	uwielbiałybyście
uwielbiać	V	cond.p2.pl.m.hum	uwielbialibyście
uwielbiać	V	cond.p2.sg.f	uwielbiałabyś
uwielbiać	V	cond.p2.sg.m	uwielbiałbyś
uwielbiać	V	cond.p3.pl	uwielbiałyby
uwielbiać	V	cond.p3.pl.m.hum	uwielbialiby
uwielbiać	V	cond.p3.sg.f	uwielbiałaby
uwielbiać	V	cond.p3.sg.m	uwielbiałby
uwielbiać	V	cond.p3.sg.n	uwielbiałoby
uwielbiać	V	fut.p1.pl	będziemy uwielbiały
uwielbiać	V	fut.p1.pl.m.hum	będziemy uwielbiali
uwielbiać	V	fut.p1.sg.f	będę uwielbiała
uwielbiać	V	fut.p1.sg.m	będę uwielbiał
uwielbiać	V	fut.p2.pl	będziecie uwielbiały
uwielbiać	V	fut.p2.pl.m.hum	będziecie uwielbiali
uwielbiać	V	fut.p2.sg.f	będziesz uwielbiała
uwielbiać	V	fut.p2.sg.m	będziesz uwielbiał
uwielbiać	V	fut.p3.pl	będą uwielbiały
uwielbiać	V	fut.p3.pl.m.hum	będą uwielbiali
uwielbiać	V	fut.p3.sg.f	będzie uwielbiała
uwielbiać	V	fut.p3.sg.m	będzie uwielbiał
uwielbiać	V	fut.p3.sg.n	będzie uwielbiało
uwielbiać	V	imp.p1.pl	uwielbiajmy
uwielbiać	V	imp.p2.pl	uwielbiajcie
uwielbiać	V	imp.p2.sg	uwielbiaj
uwielbiać	V	imp.p3.pl	niech uwielbiają
uwielbiać	V	imp.p3.sg	niech uwielbia
uwielbiać	V	past.p1.pl	uwielbiałyśmy
uwielbiać	V	past.p1.pl.m.hum	uwielbialiśmy
uwielbiać	V	past.p1.sg.f	uwielbiałam
uwielbiać	V	past.p1.sg.m	uwielbiałem
uwielbiać	V	past.p2.pl	uwielbiałyście
uwielbiać	V	past.p2.pl.m.hum	uwielbialiście
uwielbiać	V	past.p2.sg.f	uwielbiałaś
uwielbiać	V	past.p2.sg.m	uwielbiałeś
uwielbiać	V	past.p3.pl	uwielbiały
uwielbiać	V	past.p3.pl.m.hum	uwielbiali
uwielbiać	V	past.p3.sg.f	uwielbiała
uwielbiać	V	past.p3.sg.m	uwielbiał
uwielbiać	V	past.p3.sg.n	uwielbiało
uwielbiać	V	pres.p1.pl	uwielbiamy
uwielbiać	V	pres.p1.sg	uwielbiam
uwielbiać	V	pres.p2.pl	uwielbiacie
uwielbiać	V	pres.p2.sg	uwielbiasz
uwielbiać	V	pres.p3.pl	uwielbiają
uwielbiać	V	pres.p3.sg	uwielbia
używać	V	cond.p1.pl	używałybyśmy
używać	V	cond.p1.pl.m.hum	używalibyśmy
używać	V	cond.p1.sg.f	używałabym
używać	V	cond.p1.sg.m	używałbym
używać	V	cond.p2.pl	używałybyście
używać	V	cond.p2.pl.m.hum	używalibyście
używać	V	cond.p2.sg.f	używałabyś
używać	V	cond.p2.sg.m	używałbyś
używać	V	cond.p3.pl	używałyby
używać	V	cond.p3.pl.m.hum	używaliby
używać	V	cond.p3.sg.f	używałaby
używać	V	cond.p3.sg.m	używałby
używać	V	cond.p3.sg.n	używałoby
używać	V	fut.p1.pl	będziemy używały
używać	V	fut.p1.pl.m.hum	będziemy używali
używać	V	fut.p1.sg.f	będę używała
używać	V	fut.p1.sg.m	będę używał
używać	V	fut.p2.pl	będziecie używały
używać	V	fut.p2.pl.m.hum	będziecie używali
używać	V	fut.p2.sg.f	będziesz używała
używać	V	fut.p2.sg.m	będziesz używał
używać	V	fut.p3.pl	będą używały
używać	V	fut.p3.pl.m.hum	będą używali
używać	V	fut.p3.sg.f	będzie używała
używać	V	fut.p3.sg.m	będzie używał
używać	V	fut.p3.sg.n	będzie używało
używać	V	imp.p1.pl	używajmy
używać	V	imp.p2.pl	używajcie
używać	V	imp.p2.sg	używaj
używać	V	imp.p3.pl	niech używają
używać	V	imp.p3.sg	niech używa
używać	V	past.p1.pl	używałyśmy
używać	V	past.p1.pl.m.hum	używaliśmy
używać	V	past.p1.sg.f	używałam
używać	V	past.p1.sg.m	używałem
używać	V	past.p2.pl	używałyście
używać	V	past.p2.pl.m.hum	używaliście
używać	V	past.p2.sg.f	używałaś
używać	V	past.p2.sg.m	używałeś
używać	V	past.p3.pl	używały
używać	V	past.p3.pl.m.hum	używali
używać	V	past.p3.sg.f	używała
używać	V	past.p3.sg.m	używał
używać	V	past.p3.sg.n	używało
używać	V	pres.p1.pl	używamy
używać	V	pres.p1.sg	używam
używać	V	pres.p2.pl	używacie
używać	V	pres.p2.sg	używasz
używać	V	pres.p3.pl	używają
używać	V	pres.p3.sg	używa
wacha	N	sg.acc	wachę
wacha	N	sg.dat	wasze
wacha	N	sg.gen	wachy
wacha	N	sg.ins	wachą
wacha	N	sg.loc	wasze
wacha	N	sg.nom	wacha
wacha	N	sg.voc	wacho
wampir	N	pl.acc	wampiry
wampir	N	pl.dat	wampirom
wampir	N	pl.gen	wampirów
wampir	N	pl.ins	wampirami
wampir	N	pl.loc	wampirach
wampir	N	pl.nom	wampiry
wampir	N	pl.voc	wampiry
wampir	N	sg.acc	wampira
wampir	N	sg.dat	wampirowi
wampir	N	sg.gen	wampira
wampir	N	sg.ins	wampirem
wampir	N	sg.loc	wampirze
wampir	N	sg.nom	wampir
wampir	N	sg.voc	wampirze
wart	A	pl.acc	warte
wart	A	pl.dat	wartym
wart	A	pl.gen	wartych
wart	A	pl.ins	wartymi
wart	A	pl.loc	wartych
wart	A	pl.m.hum.acc	wartych
wart	A	pl.m.hum.nom	warci
wart	A	pl.nom	warte
wart	A	sg.f.acc	wartą
wart	A	sg.f.dat	wartej
wart	A	sg.f.gen	wartej
wart	A	sg.f.ins	wartą
wart	A	sg.f.loc	wartej
wart	A	sg.f.nom	warta
wart	A	sg.m.anim.acc	wartego
wart	A	sg.m.dat	wartemu
wart	A	sg.m.gen	wartego
wart	A	sg.m.hum.acc	wartego
wart	A	sg.m.inan.acc	wart
wart	A	sg.m.ins	wartym
wart	A	sg.m.loc	wartym
wart	A	sg.m.nom	wart
wart	A	sg.n.acc	warte
wart	A	sg.n.dat	wartemu
wart	A	sg.n.gen	wartego
wart	A	sg.n.ins	wartym
wart	A	sg.n.loc	wartym
wart	A	sg.n.nom	warte
wartość	N	pl.acc	wartości
wartość	N	pl.dat	wartościom
wartość	N	pl.gen	wartości
wartość	N	pl.ins	wartościami
wartość	N	pl.loc	wartościach
wartość	N	pl.nom	wartości
wartość	N	pl.voc	wartości
wartość	N	sg.acc	wartość
wartość	N	sg.dat	wartości
wartość	N	sg.gen	wartości
wartość	N	sg.ins	wartością
wartość	N	sg.loc	wartości
wartość	N	sg.nom	wartość
wartość	N	sg.voc	wartości
warunek	N	pl.acc	warunki
warunek	N	pl.dat	warunkom
warunek	N	pl.gen	warunków
warunek	N	pl.ins	warunkami
warunek	N	pl.loc	warunkach
warunek	N	pl.nom	warunki
warunek	N	pl.voc	warunki
warunek	N	sg.acc	warunek
warunek	N	sg.dat	warunkowi
warunek	N	sg.gen	warunku
warunek	N	sg.ins	warunkiem
warunek	N	sg.loc	warunku
warunek	N	sg.nom	warunek
warunek	N	sg.voc	warunku
wątpliwość	N	pl.acc	wątpliwości
wątpliwość	N	pl.dat	wątpliwościom
wątpliwość	N	pl.gen	wątpliwości
wątpliwość	N	pl.ins	wątpliwościami
wątpliwość	N	pl.loc	wątpliwościach
wątpliwość	N	pl.nom	wątpliwości
wątpliwość	N	pl.voc	wątpliwości
wątpliwość	N	sg.acc	wątpliwość
wątpliwość	N	sg.dat	wątpliwości
wątpliwość	N	sg.gen	wątpliwości
wątpliwość	N	sg.ins	wątpliwością
wątpliwość	N	sg.loc	wątpliwości
wątpliwość	N	sg.nom	wątpliwość
wątpliwość	N	sg.voc	wątpliwości
ważny	A	pl.acc	ważne
ważny	A	pl.dat	ważnym
ważny	A	pl.gen	ważnych
ważny	A	pl.ins	ważnymi
ważny	A	pl.loc	ważnych
ważny	A	pl.m.hum.acc	ważnych
ważny	A	pl.m.hum.nom	ważni
ważny	A	pl.nom	ważne
ważny	A	sg.f.acc	ważną
ważny	A	sg.f.dat	ważnej
ważny	A	sg.f.gen	ważnej
ważny	A	sg.f.ins	ważną
ważny	A	sg.f.loc	ważnej
ważny	A	sg.f.nom	ważna
ważny	A	sg.m.anim.acc	ważnego
ważny	A	sg.m.dat	ważnemu
ważny	A	sg.m.gen	ważnego
ważny	A	sg.m.hum.acc	ważnego
ważny	A	sg.m.inan.acc	ważny
ważny	A	sg.m.ins	ważnym
ważny	A	sg.m.loc	ważnym
ważny	A	sg.m.nom	ważny
ważny	A	sg.n.acc	ważne
ważny	A	sg.n.dat	ważnemu
ważny	A	sg.n.gen	ważnego
ważny	A	sg.n.ins	ważnym
ważny	A	sg.n.loc	ważnym
ważny	A	sg.n.nom	ważne
wdzięczny	A	pl.acc	wdzięczne
wdzięczny	A	pl.dat	wdzięcznym
wdzięczny	A	pl.gen	wdzięcznych
wdzięczny	A	pl.ins	wdzięcznymi
wdzięczny	A	pl.loc	wdzięcznych
wdzięczny	A	pl.m.hum.acc	wdzięcznych
wdzięczny	A	pl.m.hum.nom	wdzięczni
wdzięczny	A	pl.nom	wdzięczne
wdzięczny	A	sg.f.acc	wdzięczną
wdzięczny	A	sg.f.dat	wdzięcznej
wdzięczny	A	sg.f.gen	wdzięcznej
wdzięczny	A	sg.f.ins	wdzięczną
wdzięczny	A	sg.f.loc	wdzięcznej
wdzięczny	A	sg.f.nom	wdzięczna
wdzięczny	A	sg.m.anim.acc	wdzięcznego
wdzięczny	A	sg.m.dat	wdzięcznemu
wdzięczny	A	sg.m.gen	wdzięcznego
wdzięczny	A	sg.m.hum.acc	wdzięcznego
wdzięczny	A	sg.m.inan.acc	wdzięczny
wdzięczny	A	sg.m.ins	wdzięcznym
wdzięczny	A	sg.m.loc	wdzięcznym
wdzięczny	A	sg.m.nom	wdzięczny
wdzięczny	A	sg.n.acc	wdzięczne
wdzięczny	A	sg.n.dat	wdzięcznemu
wdzięczny	A	sg.n.gen	wdzięcznego
wdzięczny	A	sg.n.ins	wdzięcznym
wdzięczny	A	sg.n.loc	wdzięcznym
wdzięczny	A	sg.n.nom	wdzięczne
weekend	N	pl.acc	weekendy
weekend	N	pl.dat	weekendom
weekend	N	pl.gen	weekendów
weekend	N	pl.ins	weekendami
weekend	N	pl.loc	weekendach
weekend	N	pl.nom	weekendy
weekend	N	pl.voc	weekendy
weekend	N	sg.acc	weekend
weekend	N	sg.dat	weekendowi
weekend	N	sg.gen	weekendu
weekend	N	sg.ins	weekendem
weekend	N	sg.loc	weekendzie
weekend	N	sg.nom	weekend
weekend	N	sg.voc	weekendzie
wejście	N	pl.acc	wejścia
wejście	N	pl.dat	wejściom
wejście	N	pl.gen	wejść
wejście	N	pl.ins	wejściami
wejście	N	pl.loc	wejściach
wejście	N	pl.nom	wejścia
wejście	N	pl.voc	wejścia
wejście	N	sg.acc	wejście
wejście	N	sg.dat	wejściu
wejście	N	sg.gen	wejścia
wejście	N	sg.ins	wejściem
wejście	N	sg.loc	wejściu
wejście	N	sg.nom	wejście
wejście	N	sg.voc	wejście
wersja	N	pl.acc	wersje
wersja	N	pl.dat	wersjom
wersja	N	pl.gen	wersji
wersja	N	pl.ins	wersjami
wersja	N	pl.loc	wersjach
wersja	N	pl.nom	wersje
wersja	N	pl.voc	wersje
wersja	N	sg.acc	wersję
wersja	N	sg.dat	wersji
wersja	N	sg.gen	wersji
wersja	N	sg.ins	wersją
wersja	N	sg.loc	wersji
wersja	N	sg.nom	wersja
wersja	N	sg.voc	wersjo
wesprzeć	V	cond.p1.pl	wsparłybyśmy
wesprzeć	V	cond.p1.pl.m.hum	wsparlibyśmy
wesprzeć	V	cond.p1.sg.f	wsparłabym
wesprzeć	V	cond.p1.sg.m	wsparłbym
wesprzeć	V	cond.p2.pl	wsparłybyście
wesprzeć	V	cond.p2.pl.m.hum	wsparlibyście
wesprzeć	V	cond.p2.sg.f	wsparłabyś
wesprzeć	V	cond.p2.sg.m	wsparłbyś
wesprzeć	V	cond.p3.pl	wsparłyby
wesprzeć	V	cond.p3.pl.m.hum	wsparliby
wesprzeć	V	cond.p3.sg.f	wsparłaby
wesprzeć	V	cond.p3.sg.m	wsparłby
wesprzeć	V	cond.p3.sg.n	wsparłoby
wesprzeć	V	fut.p1.pl	wesprzemy
wesprzeć	V	fut.p1.sg	wesprę
wesprzeć	V	fut.p2.pl	wesprzecie
wesprzeć	V	fut.p2.sg	wesprzesz
wesprzeć	V	fut.p3.pl	wesprą
wesprzeć	V	fut.p3.sg	wesprze
wesprzeć	V	imp.p1.pl	wesprzyjmy
wesprzeć	V	imp.p1.sg	niech wesprę
wesprzeć	V	imp.p2.pl	wesprzyjcie
wesprzeć	V	imp.p2.sg	wesprzyj
wesprzeć	V	imp.p3.pl	niech wesprą
wesprzeć	V	imp.p3.sg	niech wesprze
wesprzeć	V	past.p1.pl	wsparłyśmy
wesprzeć	V	past.p1.pl.m.hum	wsparliśmy
wesprzeć	V	past.p1.sg.f	wsparłam
wesprzeć	V	past.p1.sg.m	wsparłem
wesprzeć	V	past.p2.pl	wsparłyście
wesprzeć	V	past.p2.pl.m.hum	wsparliście
wesprzeć	V	past.p2.sg.f	wsparłaś
wesprzeć	V	past.p2.sg.m	wsparłeś
wesprzeć	V	past.p3.pl	wsparły
wesprzeć	V	past.p3.pl.m.hum	wsparli
wesprzeć	V	past.p3.sg.f	wsparła
wesprzeć	V	past.p3.sg.m	wsparł
wesprzeć	V	past.p3.sg.n	wsparło
wewnętrzny	A	pl.acc	wewnętrzne
wewnętrzny	A	pl.dat	wewnętrznym
wewnętrzny	A	pl.gen	wewnętrznych
wewnętrzny	A	pl.ins	wewnętrznymi
wewnętrzny	A	pl.loc	wewnętrznych
wewnętrzny	A	pl.m.hum.acc	wewnętrznych
wewnętrzny	A	pl.m.hum.nom	wewnętrzni
wewnętrzny	A	pl.nom	wewnętrzne
wewnętrzny	A	sg.f.acc	wewnętrzną
wewnętrzny	A	sg.f.dat	wewnętrznej
wewnętrzny	A	sg.f.gen	wewnętrznej
wewnętrzny	A	sg.f.ins	wewnętrzną
wewnętrzny	A	sg.f.loc	wewnętrznej
wewnętrzny	A	sg.f.nom	wewnętrzna
wewnętrzny	A	sg.m.anim.acc	wewnętrznego
wewnętrzny	A	sg.m.dat	wewnętrznemu
wewnętrzny	A	sg.m.gen	wewnętrznego
wewnętrzny	A	sg.m.hum.acc	wewnętrznego
wewnętrzny	A	sg.m.inan.acc	wewnętrzny
wewnętrzny	A	sg.m.ins	wewnętrznym
wewnętrzny	A	sg.m.loc	wewnętrznym
wewnętrzny	A	sg.m.nom	wewnętrzny
wewnętrzny	A	sg.n.acc	wewnętrzne
wewnętrzny	A	sg.n.dat	wewnętrznemu
wewnętrzny	A	sg.n.gen	wewnętrznego
wewnętrzny	A	sg.n.ins	wewnętrznym
wewnętrzny	A	sg.n.loc	wewnętrznym
wewnętrzny	A	sg.n.nom	wewnętrzne
wiadomość	N	pl.acc	wiadomości
wiadomość	N	pl.dat	wiadomościom
wiadomość	N	pl.gen	wiadomości
wiadomość	N	pl.ins	wiadomościami
wiadomość	N	pl.loc	wiadomościach
wiadomość	N	pl.nom	wiadomości
wiadomość	N	pl.voc	wiadomości
wiadomość	N	sg.acc	wiadomość
wiadomość	N	sg.dat	wiadomości
wiadomość	N	sg.gen	wiadomości
wiadomość	N	sg.ins	wiadomością
wiadomość	N	sg.loc	wiadomości
wiadomość	N	sg.nom	wiadomość
wiadomość	N	sg.voc	wiadomości
wiara	N	pl.acc	wiary
wiara	N	pl.dat	wiarom
wiara	N	pl.gen	wiar
wiara	N	pl.ins	wiarami
wiara	N	pl.loc	wiarach
wiara	N	pl.nom	wiary
wiara	N	pl.voc	wiary
wiara	N	sg.acc	wiarę
wiara	N	sg.dat	wierze
wiara	N	sg.gen	wiary
wiara	N	sg.ins	wiarą
wiara	N	sg.loc	wierze
wiara	N	sg.nom	wiara
wiara	N	sg.voc	wiaro
wiatr	N	pl.acc	wiatry
wiatr	N	pl.dat	wiatrom
wiatr	N	pl.gen	wiatrów
wiatr	N	pl.ins	wiatrami
wiatr	N	pl.loc	wiatrach
wiatr	N	pl.nom	wiatry
wiatr	N	pl.voc	wiatry
wiatr	N	sg.acc	wiatr
wiatr	N	sg.dat	wiatrowi
wiatr	N	sg.gen	wiatru
wiatr	N	sg.ins	wiatrem
wiatr	N	sg.loc	wietrze
wiatr	N	sg.nom	wiatr
wiatr	N	sg.voc	wietrze
widok	N	pl.acc	widoki
widok	N	pl.dat	widokom
widok	N	pl.gen	widoków
widok	N	pl.ins	widokami
widok	N	pl.loc	widokach
widok	N	pl.nom	widoki
widok	N	pl.voc	widoki
widok	N	sg.acc	widok
widok	N	sg.dat	widokowi
widok	N	sg.gen	widoku
widok	N	sg.ins	widokiem
widok	N	sg.loc	widoku
widok	N	sg.nom	widok
widok	N	sg.voc	widoku
widzenie	N	pl.acc	widzenia
widzenie	N	pl.dat	widzeniom
widzenie	N	pl.gen	widzeń
widzenie	N	pl.ins	widzeniami
widzenie	N	pl.loc	widzeniach
widzenie	N	pl.nom	widzenia
widzenie	N	pl.voc	widzenia
widzenie	N	sg.acc	widzenie
widzenie	N	sg.dat	widzeniu
widzenie	N	sg.gen	widzenia
widzenie	N	sg.ins	widzeniem
widzenie	N	sg.loc	widzeniu
widzenie	N	sg.nom	widzenie
widzenie	N	sg.voc	widzenie
widzieć	V	cond.p1.pl	widziałybyśmy
widzieć	V	cond.p1.pl.m.hum	widzielibyśmy
widzieć	V	cond.p1.sg.f	widziałabym
widzieć	V	cond.p1.sg.m	widziałbym
widzieć	V	cond.p2.pl	widziałybyście
widzieć	V	cond.p2.pl.m.hum	widzielibyście
widzieć	V	cond.p2.sg.f	widziałabyś
widzieć	V	cond.p2.sg.m	widziałbyś
widzieć	V	cond.p3.pl	widziałyby
widzieć	V	cond.p3.pl.m.hum	widzieliby
widzieć	V	cond.p3.sg.f	widziałaby
widzieć	V	cond.p3.sg.m	widziałby
widzieć	V	cond.p3.sg.n	widziałoby
widzieć	V	fut.p1.pl	będziemy widziały
widzieć	V	fut.p1.pl.m.hum	będziemy widzieli
widzieć	V	fut.p1.sg.f	będę widziała
widzieć	V	fut.p1.sg.m	będę widział
widzieć	V	fut.p2.pl	będziecie widziały
widzieć	V	fut.p2.pl.m.hum	będziecie widzieli
widzieć	V	fut.p2.sg.f	będziesz widziała
widzieć	V	fut.p2.sg.m	będziesz widział
widzieć	V	fut.p3.pl	będą widziały
widzieć	V	fut.p3.pl.m.hum	będą widzieli
widzieć	V	fut.p3.sg.f	będzie widziała
widzieć	V	fut.p3.sg.m	będzie widział
widzieć	V	fut.p3.sg.n	będzie widziało
widzieć	V	imp.p1.pl	widźmy
widzieć	V	imp.p2.pl	widźcie
widzieć	V	imp.p2.sg	widź
widzieć	V	imp.p3.pl	niech widzą
widzieć	V	imp.p3.sg	niech widzi
widzieć	V	past.p1.pl	widziałyśmy
widzieć	V	past.p1.pl.m.hum	widzieliśmy
widzieć	V	past.p1.sg.f	widziałam
widzieć	V	past.p1.sg.m	widziałem
widzieć	V	past.p2.pl	widziałyście
widzieć	V	past.p2.pl.m.hum	widzieliście
widzieć	V	past.p2.sg.f	widziałaś
widzieć	V	past.p2.sg.m	widziałeś
widzieć	V	past.p3.pl	widziały
widzieć	V	past.p3.pl.m.hum	widzieli
widzieć	V	past.p3.sg.f	widziała
widzieć	V	past.p3.sg.m	widział
widzieć	V	past.p3.sg.n	widziało
widzieć	V	pres.p1.pl	widzimy
widzieć	V	pres.p1.sg	widzę
widzieć	V	pres.p2.pl	widzicie
widzieć	V	pres.p2.sg	widzisz
widzieć	V	pres.p3.pl	widzą
widzieć	V	pres.p3.sg	widzi
wieczór	N	pl.acc	wieczory
wieczór	N	pl.dat	wieczorom
wieczór	N	pl.gen	wieczorów
wieczór	N	pl.ins	wieczorami
wieczór	N	pl.loc	wieczorach
wieczór	N	pl.nom	wieczory
wieczór	N	pl.voc	wieczory
wieczór	N	sg.acc	wieczór
wieczór	N	sg.dat	wieczorowi
wieczór	N	sg.gen	wieczoru
wieczór	N	sg.ins	wieczorem
wieczór	N	sg.loc	wieczorze
wieczór	N	sg.nom	wieczór
wieczór	N	sg.voc	wieczorze
wieko	N	pl.acc	wieka
wieko	N	pl.dat	wiekom
wieko	N	pl.gen	wiek
wieko	N	pl.ins	wiekami
wieko	N	pl.loc	wiekach
wieko	N	pl.nom	wieka
wieko	N	pl.voc	wieka
wieko	N	sg.acc	wieko
wieko	N	sg.dat	wieku
wieko	N	sg.gen	wieka
wieko	N	sg.ins	wiekiem
wieko	N	sg.loc	wieku
wieko	N	sg.nom	wieko
wieko	N	sg.voc	wieko
większość	N	pl.acc	większości
większość	N	pl.dat	większościom
większość	N	pl.gen	większości
większość	N	pl.ins	większościami
większość	N	pl.loc	większościach
większość	N	pl.nom	większości
większość	N	pl.voc	większości
większość	N	sg.acc	większość
większość	N	sg.dat	większości
większość	N	sg.gen	większości
większość	N	sg.ins	większością
większość	N	sg.loc	większości
większość	N	sg.nom	większość
większość	N	sg.voc	większości
wielki	A	pl.acc	wielkie
wielki	A	pl.dat	wielkim
wielki	A	pl.gen	wielkich
wielki	A	pl.ins	wielkimi
wielki	A	pl.loc	wielkich
wielki	A	pl.m.hum.acc	wielkich
wielki	A	pl.m.hum.nom	wielcy
wielki	A	pl.nom	wielkie
wielki	A	sg.f.acc	wielką
wielki	A	sg.f.dat	wielkiej
wielki	A	sg.f.gen	wielkiej
wielki	A	sg.f.ins	wielką
wielki	A	sg.f.loc	wielkiej
wielki	A	sg.f.nom	wielka
wielki	A	sg.m.anim.acc	wielkiego
wielki	A	sg.m.dat	wielkiemu
wielki	A	sg.m.gen	wielkiego
wielki	A	sg.m.hum.acc	wielkiego
wielki	A	sg.m.inan.acc	wielki
wielki	A	sg.m.ins	wielkim
wielki	A	sg.m.loc	wielkim
wielki	A	sg.m.nom	wielki
wielki	A	sg.n.acc	wielkie
wielki	A	sg.n.dat	wielkiemu
wielki	A	sg.n.gen	wielkiego
wielki	A	sg.n.ins	wielkim
wielki	A	sg.n.loc	wielkim
wielki	A	sg.n.nom	wielkie
wierzyć	V	cond.p1.pl	wierzyłybyśmy
wierzyć	V	cond.p1.pl.m.hum	wierzylibyśmy
wierzyć	V	cond.p1.sg.f	wierzyłabym
wierzyć	V	cond.p1.sg.m	wierzyłbym
wierzyć	V	cond.p2.pl	wierzyłybyście
wierzyć	V	cond.p2.pl.m.hum	wierzylibyście
wierzyć	V	cond.p2.sg.f	wierzyłabyś
wierzyć	V	cond.p2.sg.m	wierzyłbyś
wierzyć	V	cond.p3.pl	wierzyłyby
wierzyć	V	cond.p3.pl.m.hum	wierzyliby
wierzyć	V	cond.p3.sg.f	wierzyłaby
wierzyć	V	cond.p3.sg.m	wierzyłby
wierzyć	V	cond.p3.sg.n	wierzyłoby
wierzyć	V	fut.p1.pl	będziemy wierzyły
wierzyć	V	fut.p1.pl.m.hum	będziemy wierzyli
wierzyć	V	fut.p1.sg.f	będę wierzyła
wierzyć	V	fut.p1.sg.m	będę wierzył
wierzyć	V	fut.p2.pl	będziecie wierzyły
wierzyć	V	fut.p2.pl.m.hum	będziecie wierzyli
wierzyć	V	fut.p2.sg.f	będziesz wierzyła
wierzyć	V	fut.p2.sg.m	będziesz wierzył
wierzyć	V	fut.p3.pl	będą wierzyły
wierzyć	V	fut.p3.pl.m.hum	będą wierzyli
wierzyć	V	fut.p3.sg.f	będzie wierzyła
wierzyć	V	fut.p3.sg.m	będzie wierzył
wierzyć	V	fut.p3.sg.n	będzie wierzyło
wierzyć	V	imp.p1.pl	wierzmy
wierzyć	V	imp.p2.pl	wierzcie
wierzyć	V	imp.p2.sg	wierz
wierzyć	V	imp.p3.pl	niech wierzą
wierzyć	V	imp.p3.sg	niech wierzy
wierzyć	V	past.p1.pl	wierzyłyśmy
wierzyć	V	past.p1.pl.m.hum	wierzyliśmy
wierzyć	V	past.p1.sg.f	wierzyłam
wierzyć	V	past.p1.sg.m	wierzyłem
wierzyć	V	past.p2.pl	wierzyłyście
wierzyć	V	past.p2.pl.m.hum	wierzyliście
wierzyć	V	past.p2.sg.f	wierzyłaś
wierzyć	V	past.p2.sg.m	wierzyłeś
wierzyć	V	past.p3.pl	wierzyły
wierzyć	V	past.p3.pl.m.hum	wierzyli
wierzyć	V	past.p3.sg.f	wierzyła
wierzyć	V	past.p3.sg.m	wierzył
wierzyć	V	past.p3.sg.n	wierzyło
wierzyć	V	pres.p1.pl	wierzymy
wierzyć	V	pres.p1.sg	wierzę
wierzyć	V	pres.p2.pl	wierzycie
wierzyć	V	pres.p2.sg	wierzysz
wierzyć	V	pres.p3.pl	wierzą
wierzyć	V	pres.p3.sg	wierzy
więzień	N	pl.acc	więźniów
więzień	N	pl.dat	więźniom
więzień	N	pl.gen	więźniów
więzień	N	pl.ins	więźniami
więzień	N	pl.loc	więźniach
więzień	N	pl.nom	więźniowie
więzień	N	pl.voc	więźniowie
więzień	N	sg.acc	więźnia
więzień	N	sg.dat	więźniowi
więzień	N	sg.gen	więźnia
więzień	N	sg.ins	więźniem
więzień	N	sg.loc	więźniu
więzień	N	sg.nom	więzień
więzień	N	sg.voc	więźniu
więzienie	N	pl.acc	więzienia
więzienie	N	pl.dat	więzieniom
więzienie	N	pl.gen	więzień
więzienie	N	pl.ins	więzieniami
więzienie	N	pl.loc	więzieniach
więzienie	N	pl.nom	więzienia
więzienie	N	pl.voc	więzienia
więzienie	N	sg.acc	więzienie
więzienie	N	sg.dat	więzieniu
więzienie	N	sg.gen	więzienia
więzienie	N	sg.ins	więzieniem
więzienie	N	sg.loc	więzieniu
więzienie	N	sg.nom	więzienie
więzienie	N	sg.voc	więzienie
winny	A	pl.acc	winne
winny	A	pl.dat	winnym
winny	A	pl.gen	winnych
winny	A	pl.ins	winnymi
winny	A	pl.loc	winnych
winny	A	pl.m.hum.acc	winnych
winny	A	pl.m.hum.nom	winni
winny	A	pl.nom	winne
winny	A	sg.f.acc	winną
winny	A	sg.f.dat	winnej
winny	A	sg.f.gen	winnej
winny	A	sg.f.ins	winną
winny	A	sg.f.loc	winnej
winny	A	sg.f.nom	winna
winny	A	sg.m.anim.acc	winnego
winny	A	sg.m.dat	winnemu
winny	A	sg.m.gen	winnego
winny	A	sg.m.hum.acc	winnego
winny	A	sg.m.inan.acc	winny
winny	A	sg.m.ins	winnym
winny	A	sg.m.loc	winnym
winny	A	sg.m.nom	winny
winny	A	sg.n.acc	winne
winny	A	sg.n.dat	winnemu
winny	A	sg.n.gen	winnego
winny	A	sg.n.ins	winnym
winny	A	sg.n.loc	winnym
winny	A	sg.n.nom	winne
wino	N	pl.acc	wina
wino	N	pl.dat	winom
wino	N	pl.gen	win
wino	N	pl.ins	winami
wino	N	pl.loc	winach
wino	N	pl.nom	wina
wino	N	pl.voc	wina
wino	N	sg.acc	wino
wino	N	sg.dat	winu
wino	N	sg.gen	wina
wino	N	sg.ins	winem
wino	N	sg.loc	winie
wino	N	sg.nom	wino
wino	N	sg.voc	wino
wioska	N	pl.acc	wioski
wioska	N	pl.dat	wioskom
wioska	N	pl.gen	wiosek
wioska	N	pl.ins	wioskami
wioska	N	pl.loc	wioskach
wioska	N	pl.nom	wioski
wioska	N	pl.voc	wioski
wioska	N	sg.acc	wioskę
wioska	N	sg.dat	wiosce
wioska	N	sg.gen	wioski
wioska	N	sg.ins	wioską
wioska	N	sg.loc	wiosce
wioska	N	sg.nom	wioska
wioska	N	sg.voc	wiosko
wirus	N	pl.acc	wirusy
wirus	N	pl.dat	wirusom
wirus	N	pl.gen	wirusów
wirus	N	pl.ins	wirusami
wirus	N	pl.loc	wirusach
wirus	N	pl.nom	wirusy
wirus	N	pl.voc	wirusy
wirus	N	sg.acc	wirusa
wirus	N	sg.dat	wirusowi
wirus	N	sg.gen	wirusa
wirus	N	sg.ins	wirusem
wirus	N	sg.loc	wirusie
wirus	N	sg.nom	wirus
wirus	N	sg.voc	wirusie
wisieć	V	cond.p1.pl	wisiałybyśmy
wisieć	V	cond.p1.pl.m.hum	wisielibyśmy
wisieć	V	cond.p1.sg.f	wisiałabym
wisieć	V	cond.p1.sg.m	wisiałbym
wisieć	V	cond.p2.pl	wisiałybyście
wisieć	V	cond.p2.pl.m.hum	wisielibyście
wisieć	V	cond.p2.sg.f	wisiałabyś
wisieć	V	cond.p2.sg.m	wisiałbyś
wisieć	V	cond.p3.pl	wisiałyby
wisieć	V	cond.p3.pl.m.hum	wisieliby
wisieć	V	cond.p3.sg.f	wisiałaby
wisieć	V	cond.p3.sg.m	wisiałby
wisieć	V	cond.p3.sg.n	wisiałoby
wisieć	V	fut.p1.pl	będziemy wisiały
wisieć	V	fut.p1.pl.m.hum	będziemy wisieli
wisieć	V	fut.p1.sg.f	będę wisiała
wisieć	V	fut.p1.sg.m	będę wisiał
wisieć	V	fut.p2.pl	będziecie wisiały
wisieć	V	fut.p2.pl.m.hum	będziecie wisieli
wisieć	V	fut.p2.sg.f	będziesz wisiała
wisieć	V	fut.p2.sg.m	będziesz wisiał
wisieć	V	fut.p3.pl	będą wisiały
wisieć	V	fut.p3.pl.m.hum	będą wisieli
wisieć	V	fut.p3.sg.f	będzie wisiała
wisieć	V	fut.p3.sg.m	będzie wisiał
wisieć	V	fut.p3.sg.n	będzie wisiało
wisieć	V	imp.p1.pl	wiśmy
wisieć	V	imp.p2.pl	wiście
wisieć	V	imp.p2.sg	wiś
wisieć	V	imp.p3.pl	niech wiszą
wisieć	V	imp.p3.sg	niech wisi
wisieć	V	past.p1.pl	wisiałyśmy
wisieć	V	past.p1.pl.m.hum	wisieliśmy
wisieć	V	past.p1.sg.f	wisiałam
wisieć	V	past.p1.sg.m	wisiałem
wisieć	V	past.p2.pl	wisiałyście
wisieć	V	past.p2.pl.m.hum	wisieliście
wisieć	V	past.p2.sg.f	wisiałaś
wisieć	V	past.p2.sg.m	wisiałeś
wisieć	V	past.p3.pl	wisiały
wisieć	V	past.p3.pl.m.hum	wisieli
wisieć	V	past.p3.sg.f	wisiała
wisieć	V	past.p3.sg.m	wisiał
wisieć	V	past.p3.sg.n	wisiało
wisieć	V	pres.p1.pl	wisimy
wisieć	V	pres.p1.sg	wiszę
wisieć	V	pres.p2.pl	wisicie
wisieć	V	pres.p2.sg	wisisz
wisieć	V	pres.p3.pl	wiszą
wisieć	V	pres.p3.sg	wisi
wizyta	N	pl.acc	wizyty
wizyta	N	pl.dat	wizytom
wizyta	N	pl.gen	wizyt
wizyta	N	pl.ins	wizytami
wizyta	N	pl.loc	wizytach
wizyta	N	pl.nom	wizyty
wizyta	N	pl.voc	wizyty
wizyta	N	sg.acc	wizytę
wizyta	N	sg.dat	wizycie
wizyta	N	sg.gen	wizyty
wizyta	N	sg.ins	wizytą
wizyta	N	sg.loc	wizycie
wizyta	N	sg.nom	wizyta
wizyta	N	sg.voc	wizyto
władza	N	pl.acc	władze
władza	N	pl.dat	władzom
władza	N	pl.gen	władz
władza	N	pl.ins	władzami
władza	N	pl.loc	władzach
władza	N	pl.nom	władze
władza	N	pl.voc	władze
władza	N	sg.acc	władzę
władza	N	sg.dat	władzy
władza	N	sg.gen	władzy
władza	N	sg.ins	władzą
władza	N	sg.loc	władzy
władza	N	sg.nom	władza
władza	N	sg.voc	władzo
właściciel	N	pl.acc	właścicieli
właściciel	N	pl.dat	właścicielom
właściciel	N	pl.gen	właścicieli
właściciel	N	pl.ins	właścicielami
właściciel	N	pl.loc	właścicielach
właściciel	N	pl.nom	właściciele
właściciel	N	pl.voc	właściciele
właściciel	N	sg.acc	właściciela
właściciel	N	sg.dat	właścicielowi
właściciel	N	sg.gen	właściciela
właściciel	N	sg.ins	właścicielem
właściciel	N	sg.loc	właścicielu
właściciel	N	sg.nom	właściciel
właściciel	N	sg.voc	właścicielu
właściwy	A	pl.acc	właściwe
właściwy	A	pl.dat	właściwym
właściwy	A	pl.gen	właściwych
właściwy	A	pl.ins	właściwymi
właściwy	A	pl.loc	właściwych
właściwy	A	pl.m.hum.acc	właściwych
właściwy	A	pl.m.hum.nom	właściwi
właściwy	A	pl.nom	właściwe
właściwy	A	sg.f.acc	właściwą
właściwy	A	sg.f.dat	właściwej
właściwy	A	sg.f.gen	właściwej
właściwy	A	sg.f.ins	właściwą
właściwy	A	sg.f.loc	właściwej
właściwy	A	sg.f.nom	właściwa
właściwy	A	sg.m.anim.acc	właściwego
właściwy	A	sg.m.dat	właściwemu
właściwy	A	sg.m.gen	właściwego
właściwy	A	sg.m.hum.acc	właściwego
właściwy	A	sg.m.inan.acc	właściwy
właściwy	A	sg.m.ins	właściwym
właściwy	A	sg.m.loc	właściwym
właściwy	A	sg.m.nom	właściwy
właściwy	A	sg.n.acc	właściwe
właściwy	A	sg.n.dat	właściwemu
właściwy	A	sg.n.gen	właściwego
właściwy	A	sg.n.ins	właściwym
właściwy	A	sg.n.loc	właściwym
właściwy	A	sg.n.nom	właściwe
własny	A	pl.acc	własne
własny	A	pl.dat	własnym
własny	A	pl.gen	własnych
własny	A	pl.ins	własnymi
własny	A	pl.loc	własnych
własny	A	pl.m.hum.acc	własnych
własny	A	pl.m.hum.nom	właśni
własny	A	pl.nom	własne
własny	A	sg.f.acc	własną
własny	A	sg.f.dat	własnej
własny	A	sg.f.gen	własnej
własny	A	sg.f.ins	własną
własny	A	sg.f.loc	własnej
własny	A	sg.f.nom	własna
własny	A	sg.m.anim.acc	własnego
własny	A	sg.m.dat	własnemu
własny	A	sg.m.gen	własnego
własny	A	sg.m.hum.acc	własnego
własny	A	sg.m.inan.acc	własny
własny	A	sg.m.ins	własnym
własny	A	sg.m.loc	własnym
własny	A	sg.m.nom	własny
własny	A	sg.n.acc	własne
własny	A	sg.n.dat	własnemu
własny	A	sg.n.gen	własnego
własny	A	sg.n.ins	własnym
własny	A	sg.n.loc	własnym
własny	A	sg.n.nom	własne
włos	N	pl.acc	włosy
włos	N	pl.dat	włosom
włos	N	pl.gen	włosów
włos	N	pl.ins	włosami
włos	N	pl.loc	włosach
włos	N	pl.nom	włosy
włos	N	pl.voc	włosy
włos	N	sg.acc	włos
włos	N	sg.dat	włosowi
włos	N	sg.gen	włosa
włos	N	sg.ins	włosem
włos	N	sg.loc	włosie
włos	N	sg.nom	włos
włos	N	sg.voc	włosie
wniosek	N	pl.acc	wnioski
wniosek	N	pl.dat	wnioskom
wniosek	N	pl.gen	wniosków
wniosek	N	pl.ins	wnioskami
wniosek	N	pl.loc	wnioskach
wniosek	N	pl.nom	wnioski
wniosek	N	pl.voc	wnioski
wniosek	N	sg.acc	wniosek
wniosek	N	sg.dat	wnioskowi
wniosek	N	sg.gen	wniosku
wniosek	N	sg.ins	wnioskiem
wniosek	N	sg.loc	wniosku
wniosek	N	sg.nom	wniosek
wniosek	N	sg.voc	wniosku
wojna	N	pl.acc	wojny
wojna	N	pl.dat	wojnom
wojna	N	pl.gen	wojen
wojna	N	pl.ins	wojnami
wojna	N	pl.loc	wojnach
wojna	N	pl.nom	wojny
wojna	N	pl.voc	wojny
wojna	N	sg.acc	wojnę
wojna	N	sg.dat	wojnie
wojna	N	sg.gen	wojny
wojna	N	sg.ins	wojną
wojna	N	sg.loc	wojnie
wojna	N	sg.nom	wojna
wojna	N	sg.voc	wojno
wojskowy	A	pl.acc	wojskowe
wojskowy	A	pl.dat	wojskowym
wojskowy	A	pl.gen	wojskowych
wojskowy	A	pl.ins	wojskowymi
wojskowy	A	pl.loc	wojskowych
wojskowy	A	pl.m.hum.acc	wojskowych
wojskowy	A	pl.m.hum.nom	wojskowi
wojskowy	A	pl.nom	wojskowe
wojskowy	A	sg.f.acc	wojskową
wojskowy	A	sg.f.dat	wojskowej
wojskowy	A	sg.f.gen	wojskowej
wojskowy	A	sg.f.ins	wojskową
wojskowy	A	sg.f.loc	wojskowej
wojskowy	A	sg.f.nom	wojskowa
wojskowy	A	sg.m.anim.acc	wojskowego
wojskowy	A	sg.m.dat	wojskowemu
wojskowy	A	sg.m.gen	wojskowego
wojskowy	A	sg.m.hum.acc	wojskowego
wojskowy	A	sg.m.inan.acc	wojskowy
wojskowy	A	sg.m.ins	wojskowym
wojskowy	A	sg.m.loc	wojskowym
wojskowy	A	sg.m.nom	wojskowy
wojskowy	A	sg.n.acc	wojskowe
wojskowy	A	sg.n.dat	wojskowemu
wojskowy	A	sg.n.gen	wojskowego
wojskowy	A	sg.n.ins	wojskowym
wojskowy	A	sg.n.loc	wojskowym
wojskowy	A	sg.n.nom	wojskowe
wola	N	pl.acc	wole
wola	N	pl.dat	wolom
wola	N	pl.gen	wol
wola	N	pl.ins	wolami
wola	N	pl.loc	wolach
wola	N	pl.nom	wole
wola	N	pl.voc	wole
wola	N	sg.acc	wolę
wola	N	sg.dat	woli
wola	N	sg.gen	woli
wola	N	sg.ins	wolą
wola	N	sg.loc	woli
wola	N	sg.nom	wola
wola	N	sg.voc	wolo
wolny	A	pl.acc	wolne
wolny	A	pl.dat	wolnym
wolny	A	pl.gen	wolnych
wolny	A	pl.ins	wolnymi
wolny	A	pl.loc	wolnych
wolny	A	pl.m.hum.acc	wolnych
wolny	A	pl.m.hum.nom	wolni
wolny	A	pl.nom	wolne
wolny	A	sg.f.acc	wolną
wolny	A	sg.f.dat	wolnej
wolny	A	sg.f.gen	wolnej
wolny	A	sg.f.ins	wolną
wolny	A	sg.f.loc	wolnej
wolny	A	sg.f.nom	wolna
wolny	A	sg.m.anim.acc	wolnego
wolny	A	sg.m.dat	wolnemu
wolny	A	sg.m.gen	wolnego
wolny	A	sg.m.hum.acc	wolnego
wolny	A	sg.m.inan.acc	wolny
wolny	A	sg.m.ins	wolnym
wolny	A	sg.m.loc	wolnym
wolny	A	sg.m.nom	wolny
wolny	A	sg.n.acc	wolne
wolny	A	sg.n.dat	wolnemu
wolny	A	sg.n.gen	wolnego
wolny	A	sg.n.ins	wolnym
wolny	A	sg.n.loc	wolnym
wolny	A	sg.n.nom	wolne
wóz	N	pl.acc	wozy
wóz	N	pl.dat	wozom
wóz	N	pl.gen	wozów
wóz	N	pl.ins	wozami
wóz	N	pl.loc	wozach
wóz	N	pl.nom	wozy
wóz	N	pl.voc	wozy
wóz	N	sg.acc	wóz
wóz	N	sg.dat	wozowi
wóz	N	sg.gen	wozu
wóz	N	sg.ins	wozem
wóz	N	sg.loc	wozie
wóz	N	sg.nom	wóz
wóz	N	sg.voc	wozie
wpływ	N	pl.acc	wpływy
wpływ	N	pl.dat	wpływom
wpływ	N	pl.gen	wpływów
wpływ	N	pl.ins	wpływami
wpływ	N	pl.loc	wpływach
wpływ	N	pl.nom	wpływy
wpływ	N	pl.voc	wpływy
wpływ	N	sg.acc	wpływ
wpływ	N	sg.dat	wpływowi
wpływ	N	sg.gen	wpływu
wpływ	N	sg.ins	wpływem
wpływ	N	sg.loc	wpływie
wpływ	N	sg.nom	wpływ
wpływ	N	sg.voc	wpływie
wracać	V	cond.p1.pl	wracałybyśmy
wracać	V	cond.p1.pl.m.hum	wracalibyśmy
wracać	V	cond.p1.sg.f	wracałabym
wracać	V	cond.p1.sg.m	wracałbym
wracać	V	cond.p2.pl	wracałybyście
wracać	V	cond.p2.pl.m.hum	wracalibyście
wracać	V	cond.p2.sg.f	wracałabyś
wracać	V	cond.p2.sg.m	wracałbyś
wracać	V	cond.p3.pl	wracałyby
wracać	V	cond.p3.pl.m.hum	wracaliby
wracać	V	cond.p3.sg.f	wracałaby
wracać	V	cond.p3.sg.m	wracałby
wracać	V	cond.p3.sg.n	wracałoby
wracać	V	fut.p1.pl	będziemy wracały
wracać	V	fut.p1.pl.m.hum	będziemy wracali
wracać	V	fut.p1.sg.f	będę wracała
wracać	V	fut.p1.sg.m	będę wracał
wracać	V	fut.p2.pl	będziecie wracały
wracać	V	fut.p2.pl.m.hum	będziecie wracali
wracać	V	fut.p2.sg.f	będziesz wracała
wracać	V	fut.p2.sg.m	będziesz wracał
wracać	V	fut.p3.pl	będą wracały
wracać	V	fut.p3.pl.m.hum	będą wracali
wracać	V	fut.p3.sg.f	będzie wracała
wracać	V	fut.p3.sg.m	będzie wracał
wracać	V	fut.p3.sg.n	będzie wracało
wracać	V	imp.p1.pl	wracajmy
wracać	V	imp.p2.pl	wracajcie
wracać	V	imp.p2.sg	wracaj
wracać	V	imp.p3.pl	niech wracają
wracać	V	imp.p3.sg	niech wraca
wracać	V	past.p1.pl	wracałyśmy
wracać	V	past.p1.pl.m.hum	wracaliśmy
wracać	V	past.p1.sg.f	wracałam
wracać	V	past.p1.sg.m	wracałem
wracać	V	past.p2.pl	wracałyście
wracać	V	past.p2.pl.m.hum	wracaliście
wracać	V	past.p2.sg.f	wracałaś
wracać	V	past.p2.sg.m	wracałeś
wracać	V	past.p3.pl	wracały
wracać	V	past.p3.pl.m.hum	wracali
wracać	V	past.p3.sg.f	wracała
wracać	V	past.p3.sg.m	wracał
wracać	V	past.p3.sg.n	wracało
wracać	V	pres.p1.pl	wracamy
wracać	V	pres.p1.sg	wracam
wracać	V	pres.p2.pl	wracacie
wracać	V	pres.p2.sg	wracasz
wracać	V	pres.p3.pl	wracają
wracać	V	pres.p3.sg	wraca
wróg	N	pl.acc	wrogów
wróg	N	pl.dat	wrogom
wróg	N	pl.gen	wrogów
wróg	N	pl.ins	wrogami
wróg	N	pl.loc	wrogach
wróg	N	pl.nom	wrogowie
wróg	N	pl.voc	wrogowie
wróg	N	sg.acc	wroga
wróg	N	sg.dat	wrogowi
wróg	N	sg.gen	wroga
wróg	N	sg.ins	wrogiem
wróg	N	sg.loc	wrogu
wróg	N	sg.nom	wróg
wróg	N	sg.voc	wrogu
wschód	N	pl.acc	wschody
wschód	N	pl.dat	wschodom
wschód	N	pl.gen	wschodów
wschód	N	pl.ins	wschodami
wschód	N	pl.loc	wschodach
wschód	N	pl.nom	wschody
wschód	N	pl.voc	wschody
wschód	N	sg.acc	wschód
wschód	N	sg.dat	wschodowi
wschód	N	sg.gen	wschodu
wschód	N	sg.ins	wschodem
wschód	N	sg.loc	wschodzie
wschód	N	sg.nom	wschód
wschód	N	sg.voc	wschodzie
wskazywać	V	cond.p1.pl	wskazywałybyśmy
wskazywać	V	cond.p1.pl.m.hum	wskazywalibyśmy
wskazywać	V	cond.p1.sg.f	wskazywałabym
wskazywać	V	cond.p1.sg.m	wskazywałbym
wskazywać	V	cond.p2.pl	wskazywałybyście
wskazywać	V	cond.p2.pl.m.hum	wskazywalibyście
wskazywać	V	cond.p2.sg.f	wskazywałabyś
wskazywać	V	cond.p2.sg.m	wskazywałbyś
wskazywać	V	cond.p3.pl	wskazywałyby
wskazywać	V	cond.p3.pl.m.hum	wskazywaliby
wskazywać	V	cond.p3.sg.f	wskazywałaby
wskazywać	V	cond.p3.sg.m	wskazywałby
wskazywać	V	cond.p3.sg.n	wskazywałoby
wskazywać	V	fut.p1.pl	będziemy wskazywały
wskazywać	V	fut.p1.pl.m.hum	będziemy wskazywali
wskazywać	V	fut.p1.sg.f	będę wskazywała
wskazywać	V	fut.p1.sg.m	będę wskazywał
wskazywać	V	fut.p2.pl	będziecie wskazywały
wskazywać	V	fut.p2.pl.m.hum	będziecie wskazywali
wskazywać	V	fut.p2.sg.f	będziesz wskazywała
wskazywać	V	fut.p2.sg.m	będziesz wskazywał
wskazywać	V	fut.p3.pl	będą wskazywały
wskazywać	V	fut.p3.pl.m.hum	będą wskazywali
wskazywać	V	fut.p3.sg.f	będzie wskazywała
wskazywać	V	fut.p3.sg.m	będzie wskazywał
wskazywać	V	fut.p3.sg.n	będzie wskazywało
wskazywać	V	imp.p1.pl	wskazujmy
wskazywać	V	imp.p2.pl	wskazujcie
wskazywać	V	imp.p2.sg	wskazuj
wskazywać	V	imp.p3.pl	niech wskazują
wskazywać	V	imp.p3.sg	niech wskazuje
wskazywać	V	past.p1.pl	wskazywałyśmy
wskazywać	V	past.p1.pl.m.hum	wskazywaliśmy
wskazywać	V	past.p1.sg.f	wskazywałam
wskazywać	V	past.p1.sg.m	wskazywałem
wskazywać	V	past.p2.pl	wskazywałyście
wskazywać	V	past.p2.pl.m.hum	wskazywaliście
wskazywać	V	past.p2.sg.f	wskazywałaś
wskazywać	V	past.p2.sg.m	wskazywałeś
wskazywać	V	past.p3.pl	wskazywały
wskazywać	V	past.p3.pl.m.hum	wskazywali
wskazywać	V	past.p3.sg.f	wskazywała
wskazywać	V	past.p3.sg.m	wskazywał
wskazywać	V	past.p3.sg.n	wskazywało
wskazywać	V	pres.p1.pl	wskazujemy
wskazywać	V	pres.p1.sg	wskazuję
wskazywać	V	pres.p2.pl	wskazujecie
wskazywać	V	pres.p2.sg	wskazujesz
wskazywać	V	pres.p3.pl	wskazują
wskazywać	V	pres.p3.sg	wskazuje
wspaniały	A	pl.acc	wspaniałe
wspaniały	A	pl.dat	wspaniałym
wspaniały	A	pl.gen	wspaniałych
wspaniały	A	pl.ins	wspaniałymi
wspaniały	A	pl.loc	wspaniałych
wspaniały	A	pl.m.hum.acc	wspaniałych
wspaniały	A	pl.m.hum.nom	wspaniali
wspaniały	A	pl.nom	wspaniałe
wspaniały	A	sg.f.acc	wspaniałą
wspaniały	A	sg.f.dat	wspaniałej
wspaniały	A	sg.f.gen	wspaniałej
wspaniały	A	sg.f.ins	wspaniałą
wspaniały	A	sg.f.loc	wspaniałej
wspaniały	A	sg.f.nom	wspaniała
wspaniały	A	sg.m.anim.acc	wspaniałego
wspaniały	A	sg.m.dat	wspaniałemu
wspaniały	A	sg.m.gen	wspaniałego
wspaniały	A	sg.m.hum.acc	wspaniałego
wspaniały	A	sg.m.inan.acc	wspaniały
wspaniały	A	sg.m.ins	wspaniałym
wspaniały	A	sg.m.loc	wspaniałym
wspaniały	A	sg.m.nom	wspaniały
wspaniały	A	sg.n.acc	wspaniałe
wspaniały	A	sg.n.dat	wspaniałemu
wspaniały	A	sg.n.gen	wspaniałego
wspaniały	A	sg.n.ins	wspaniałym
wspaniały	A	sg.n.loc	wspaniałym
wspaniały	A	sg.n.nom	wspaniałe
wspólny	A	pl.acc	wspólne
wspólny	A	pl.dat	wspólnym
wspólny	A	pl.gen	wspólnych
wspólny	A	pl.ins	wspólnymi
wspólny	A	pl.loc	wspólnych
wspólny	A	pl.m.hum.acc	wspólnych
wspólny	A	pl.m.hum.nom	wspólni
wspólny	A	pl.nom	wspólne
wspólny	A	sg.f.acc	wspólną
wspólny	A	sg.f.dat	wspólnej
wspólny	A	sg.f.gen	wspólnej
wspólny	A	sg.f.ins	wspólną
wspólny	A	sg.f.loc	wspólnej
wspólny	A	sg.f.nom	wspólna
wspólny	A	sg.m.anim.acc	wspólnego
wspólny	A	sg.m.dat	wspólnemu
wspólny	A	sg.m.gen	wspólnego
wspólny	A	sg.m.hum.acc	wspólnego
wspólny	A	sg.m.inan.acc	wspólny
wspólny	A	sg.m.ins	wspólnym
wspólny	A	sg.m.loc	wspólnym
wspólny	A	sg.m.nom	wspólny
wspólny	A	sg.n.acc	wspólne
wspólny	A	sg.n.dat	wspólnemu
wspólny	A	sg.n.gen	wspólnego
wspólny	A	sg.n.ins	wspólnym
wspólny	A	sg.n.loc	wspólnym
wspólny	A	sg.n.nom	wspólne
wspominać	V	cond.p1.pl	wspominałybyśmy
wspominać	V	cond.p1.pl.m.hum	wspominalibyśmy
wspominać	V	cond.p1.sg.f	wspominałabym
wspominać	V	cond.p1.sg.m	wspominałbym
wspominać	V	cond.p2.pl	wspominałybyście
wspominać	V	cond.p2.pl.m.hum	wspominalibyście
wspominać	V	cond.p2.sg.f	wspominałabyś
wspominać	V	cond.p2.sg.m	wspominałbyś
wspominać	V	cond.p3.pl	wspominałyby
wspominać	V	cond.p3.pl.m.hum	wspominaliby
wspominać	V	cond.p3.sg.f	wspominałaby
wspominać	V	cond.p3.sg.m	wspominałby
wspominać	V	cond.p3.sg.n	wspominałoby
wspominać	V	fut.p1.pl	będziemy wspominały
wspominać	V	fut.p1.pl.m.hum	będziemy wspominali
wspominać	V	fut.p1.sg.f	będę wspominała
wspominać	V	fut.p1.sg.m	będę wspominał
wspominać	V	fut.p2.pl	będziecie wspominały
wspominać	V	fut.p2.pl.m.hum	będziecie wspominali
wspominać	V	fut.p2.sg.f	będziesz wspominała
wspominać	V	fut.p2.sg.m	będziesz wspominał
wspominać	V	fut.p3.pl	będą wspominały
wspominać	V	fut.p3.pl.m.hum	będą wspominali
wspominać	V	fut.p3.sg.f	będzie wspominała
wspominać	V	fut.p3.sg.m	będzie wspominał
wspominać	V	fut.p3.sg.n	będzie wspominało
wspominać	V	imp.p1.pl	wspominajmy
wspominać	V	imp.p2.pl	wspominajcie
wspominać	V	imp.p2.sg	wspominaj
wspominać	V	imp.p3.pl	niech wspominają
wspominać	V	imp.p3.sg	niech wspomina
wspominać	V	past.p1.pl	wspominałyśmy
wspominać	V	past.p1.pl.m.hum	wspominaliśmy
wspominać	V	past.p1.sg.f	wspominałam
wspominać	V	past.p1.sg.m	wspominałem
wspominać	V	past.p2.pl	wspominałyście
wspominać	V	past.p2.pl.m.hum	wspominaliście
wspominać	V	past.p2.sg.f	wspominałaś
wspominać	V	past.p2.sg.m	wspominałeś
wspominać	V	past.p3.pl	wspominały
wspominać	V	past.p3.pl.m.hum	wspominali
wspominać	V	past.p3.sg.f	wspominała
wspominać	V	past.p3.sg.m	wspominał
wspominać	V	past.p3.sg.n	wspominało
wspominać	V	pres.p1.pl	wspominamy
wspominać	V	pres.p1.sg	wspominam
wspominać	V	pres.p2.pl	wspominacie
wspominać	V	pres.p2.sg	wspominasz
wspominać	V	pres.p3.pl	wspominają
wspominać	V	pres.p3.sg	wspomina
wspomnieć	V	cond.p1.pl	wspomniałybyśmy
wspomnieć	V	cond.p1.pl.m.hum	wspomnielibyśmy
wspomnieć	V	cond.p1.sg.f	wspomniałabym
wspomnieć	V	cond.p1.sg.m	wspomniałbym
wspomnieć	V	cond.p2.pl	wspomniałybyście
wspomnieć	V	cond.p2.pl.m.hum	wspomnielibyście
wspomnieć	V	cond.p2.sg.f	wspomniałabyś
wspomnieć	V	cond.p2.sg.m	wspomniałbyś
wspomnieć	V	cond.p3.pl	wspomniałyby
wspomnieć	V	cond.p3.pl.m.hum	wspomnieliby
wspomnieć	V	cond.p3.sg.f	wspomniałaby
wspomnieć	V	cond.p3.sg.m	wspomniałby
wspomnieć	V	cond.p3.sg.n	wspomniałoby
wspomnieć	V	fut.p1.pl	wspomnimy
wspomnieć	V	fut.p1.sg	wspomnę
wspomnieć	V	fut.p2.pl	wspomnicie
wspomnieć	V	fut.p2.sg	wspomnisz
wspomnieć	V	fut.p3.pl	wspomną
wspomnieć	V	fut.p3.sg	wspomni
wspomnieć	V	imp.p1.pl	wspomnijmy
wspomnieć	V	imp.p1.sg	niech wspomnę
wspomnieć	V	imp.p2.pl	wspomnijcie
wspomnieć	V	imp.p2.sg	wspomnij
wspomnieć	V	imp.p3.pl	niech wspomną
wspomnieć	V	imp.p3.sg	niech wspomni
wspomnieć	V	past.p1.pl	wspomniałyśmy
wspomnieć	V	past.p1.pl.m.hum	wspomnieliśmy
wspomnieć	V	past.p1.sg.f	wspomniałam
wspomnieć	V	past.p1.sg.m	wspomniałem
wspomnieć	V	past.p2.pl	wspomniałyście
wspomnieć	V	past.p2.pl.m.hum	wspomnieliście
wspomnieć	V	past.p2.sg.f	wspomniałaś
wspomnieć	V	past.p2.sg.m	wspomniałeś
wspomnieć	V	past.p3.pl	wspomniały
wspomnieć	V	past.p3.pl.m.hum	wspomnieli
wspomnieć	V	past.p3.sg.f	wspomniała
wspomnieć	V	past.p3.sg.m	wspomniał
wspomnieć	V	past.p3.sg.n	wspomniało
wspomnienie	N	pl.acc	wspomnienia
wspomnienie	N	pl.dat	wspomnieniom
wspomnienie	N	pl.gen	wspomnień
wspomnienie	N	pl.ins	wspomnieniami
wspomnienie	N	pl.loc	wspomnieniach
wspomnienie	N	pl.nom	wspomnienia
wspomnienie	N	pl.voc	wspomnienia
wspomnienie	N	sg.acc	wspomnienie
wspomnienie	N	sg.dat	wspomnieniu
wspomnienie	N	sg.gen	wspomnienia
wspomnienie	N	sg.ins	wspomnieniem
wspomnienie	N	sg.loc	wspomnieniu
wspomnienie	N	sg.nom	wspomnienie
wspomnienie	N	sg.voc	wspomnienie
wstawać	V	cond.p1.pl	wstawałybyśmy
wstawać	V	cond.p1.pl.m.hum	wstawalibyśmy
wstawać	V	cond.p1.sg.f	wstawałabym
wstawać	V	cond.p1.sg.m	wstawałbym
wstawać	V	cond.p2.pl	wstawałybyście
wstawać	V	cond.p2.pl.m.hum	wstawalibyście
wstawać	V	cond.p2.sg.f	wstawałabyś
wstawać	V	cond.p2.sg.m	wstawałbyś
wstawać	V	cond.p3.pl	wstawałyby
wstawać	V	cond.p3.pl.m.hum	wstawaliby
wstawać	V	cond.p3.sg.f	wstawałaby
wstawać	V	cond.p3.sg.m	wstawałby
wstawać	V	cond.p3.sg.n	wstawałoby
wstawać	V	fut.p1.pl	będziemy wstawały
wstawać	V	fut.p1.pl.m.hum	będziemy wstawali
wstawać	V	fut.p1.sg.f	będę wstawała
wstawać	V	fut.p1.sg.m	będę wstawał
wstawać	V	fut.p2.pl	będziecie wstawały
wstawać	V	fut.p2.pl.m.hum	będziecie wstawali
wstawać	V	fut.p2.sg.f	będziesz wstawała
wstawać	V	fut.p2.sg.m	będziesz wstawał
wstawać	V	fut.p3.pl	będą wstawały
wstawać	V	fut.p3.pl.m.hum	będą wstawali
wstawać	V	fut.p3.sg.f	będzie wstawała
wstawać	V	fut.p3.sg.m	będzie wstawał
wstawać	V	fut.p3.sg.n	będzie wstawało
wstawać	V	imp.p1.pl	wstawajmy
wstawać	V	imp.p2.pl	wstawajcie
wstawać	V	imp.p2.sg	wstawaj
wstawać	V	imp.p3.pl	niech wstają
wstawać	V	imp.p3.sg	niech wstaje
wstawać	V	past.p1.pl	wstawałyśmy
wstawać	V	past.p1.pl.m.hum	wstawaliśmy
wstawać	V	past.p1.sg.f	wstawałam
wstawać	V	past.p1.sg.m	wstawałem
wstawać	V	past.p2.pl	wstawałyście
wstawać	V	past.p2.pl.m.hum	wstawaliście
wstawać	V	past.p2.sg.f	wstawałaś
wstawać	V	past.p2.sg.m	wstawałeś
wstawać	V	past.p3.pl	wstawały
wstawać	V	past.p3.pl.m.hum	wstawali
wstawać	V	past.p3.sg.f	wstawała
wstawać	V	past.p3.sg.m	wstawał
wstawać	V	past.p3.sg.n	wstawało
wstawać	V	pres.p1.pl	wstajemy
wstawać	V	pres.p1.sg	wstaję
wstawać	V	pres.p2.pl	wstajecie
wstawać	V	pres.p2.sg	wstajesz
wstawać	V	pres.p3.pl	wstają
wstawać	V	pres.p3.sg	wstaje
wszechświat	N	pl.acc	wszechświaty
wszechświat	N	pl.dat	wszechświatom
wszechświat	N	pl.gen	wszechświatów
wszechświat	N	pl.ins	wszechświatami
wszechświat	N	pl.loc	wszechświatach
wszechświat	N	pl.nom	wszechświaty
wszechświat	N	pl.voc	wszechświaty
wszechświat	N	sg.acc	wszechświat
wszechświat	N	sg.dat	wszechświatowi
wszechświat	N	sg.gen	wszechświata
wszechświat	N	sg.ins	wszechświatem
wszechświat	N	sg.loc	wszechświecie
wszechświat	N	sg.nom	wszechświat
wszechświat	N	sg.voc	wszechświecie
wszelki	A	pl.acc	wszelkie
wszelki	A	pl.dat	wszelkim
wszelki	A	pl.gen	wszelkich
wszelki	A	pl.ins	wszelkimi
wszelki	A	pl.loc	wszelkich
wszelki	A	pl.m.hum.acc	wszelkich
wszelki	A	pl.m.hum.nom	wszelcy
wszelki	A	pl.nom	wszelkie
wszelki	A	sg.f.acc	wszelką
wszelki	A	sg.f.dat	wszelkiej
wszelki	A	sg.f.gen	wszelkiej
wszelki	A	sg.f.ins	wszelką
wszelki	A	sg.f.loc	wszelkiej
wszelki	A	sg.f.nom	wszelka
wszelki	A	sg.m.anim.acc	wszelkiego
wszelki	A	sg.m.dat	wszelkiemu
wszelki	A	sg.m.gen	wszelkiego
wszelki	A	sg.m.hum.acc	wszelkiego
wszelki	A	sg.m.inan.acc	wszelki
wszelki	A	sg.m.ins	wszelkim
wszelki	A	sg.m.loc	wszelkim
wszelki	A	sg.m.nom	wszelki
wszelki	A	sg.n.acc	wszelkie
wszelki	A	sg.n.dat	wszelkiemu
wszelki	A	sg.n.gen	wszelkiego
wszelki	A	sg.n.ins	wszelkim
wszelki	A	sg.n.loc	wszelkim
wszelki	A	sg.n.nom	wszelkie
wszystek	A	pl.acc	wszystkie
wszystek	A	pl.dat	wszystkim
wszystek	A	pl.gen	wszystkich
wszystek	A	pl.ins	wszystkimi
wszystek	A	pl.loc	wszystkich
wszystek	A	pl.m.hum.acc	wszystkich
wszystek	A	pl.m.hum.nom	wszyscy
wszystek	A	pl.nom	wszystkie
wszystek	A	sg.f.acc	wszystką
wszystek	A	sg.f.dat	wszystkiej
wszystek	A	sg.f.gen	wszystkiej
wszystek	A	sg.f.ins	wszystką
wszystek	A	sg.f.loc	wszystkiej
wszystek	A	sg.f.nom	wszystka
wszystek	A	sg.m.anim.acc	wszystkiego
wszystek	A	sg.m.dat	wszystkiemu
wszystek	A	sg.m.gen	wszystkiego
wszystek	A	sg.m.hum.acc	wszystkiego
wszystek	A	sg.m.inan.acc	wszystek
wszystek	A	sg.m.ins	wszystkim
wszystek	A	sg.m.loc	wszystkim
wszystek	A	sg.m.nom	wszystek
wszystek	A	sg.n.acc	wszystko
wszystek	A	sg.n.dat	wszystkiemu
wszystek	A	sg.n.gen	wszystkiego
wszystek	A	sg.n.ins	wszystkim
wszystek	A	sg.n.loc	wszystkim
wszystek	A	sg.n.nom	wszystko
wujek	N	pl.acc	wujków
wujek	N	pl.dat	wujkom
wujek	N	pl.gen	wujków
wujek	N	pl.ins	wujkami
wujek	N	pl.loc	wujkach
wujek	N	pl.nom	wujkowie
wujek	N	pl.voc	wujkowie
wujek	N	sg.acc	wujka
wujek	N	sg.dat	wujkowi
wujek	N	sg.gen	wujka
wujek	N	sg.ins	wujkiem
wujek	N	sg.loc	wujku
wujek	N	sg.nom	wujek
wujek	N	sg.voc	wujku
wybierać	V	cond.p1.pl	wybierałybyśmy
wybierać	V	cond.p1.pl.m.hum	wybieralibyśmy
wybierać	V	cond.p1.sg.f	wybierałabym
wybierać	V	cond.p1.sg.m	wybierałbym
wybierać	V	cond.p2.pl	wybierałybyście
wybierać	V	cond.p2.pl.m.hum	wybieralibyście
wybierać	V	cond.p2.sg.f	wybierałabyś
wybierać	V	cond.p2.sg.m	wybierałbyś
wybierać	V	cond.p3.pl	wybierałyby
wybierać	V	cond.p3.pl.m.hum	wybieraliby
wybierać	V	cond.p3.sg.f	wybierałaby
wybierać	V	cond.p3.sg.m	wybierałby
wybierać	V	cond.p3.sg.n	wybierałoby
wybierać	V	fut.p1.pl	będziemy wybierały
wybierać	V	fut.p1.pl.m.hum	będziemy wybierali
wybierać	V	fut.p1.sg.f	będę wybierała
wybierać	V	fut.p1.sg.m	będę wybierał
wybierać	V	fut.p2.pl	będziecie wybierały
wybierać	V	fut.p2.pl.m.hum	będziecie wybierali
wybierać	V	fut.p2.sg.f	będziesz wybierała
wybierać	V	fut.p2.sg.m	będziesz wybierał
wybierać	V	fut.p3.pl	będą wybierały
wybierać	V	fut.p3.pl.m.hum	będą wybierali
wybierać	V	fut.p3.sg.f	będzie wybierała
wybierać	V	fut.p3.sg.m	będzie wybierał
wybierać	V	fut.p3.sg.n	będzie wybierało
wybierać	V	imp.p1.pl	wybierajmy
wybierać	V	imp.p2.pl	wybierajcie
wybierać	V	imp.p2.sg	wybieraj
wybierać	V	imp.p3.pl	niech wybierają
wybierać	V	imp.p3.sg	niech wybiera
wybierać	V	past.p1.pl	wybierałyśmy
wybierać	V	past.p1.pl.m.hum	wybieraliśmy
wybierać	V	past.p1.sg.f	wybierałam
wybierać	V	past.p1.sg.m	wybierałem
wybierać	V	past.p2.pl	wybierałyście
wybierać	V	past.p2.pl.m.hum	wybieraliście
wybierać	V	past.p2.sg.f	wybierałaś
wybierać	V	past.p2.sg.m	wybierałeś
wybierać	V	past.p3.pl	wybierały
wybierać	V	past.p3.pl.m.hum	wybierali
wybierać	V	past.p3.sg.f	wybierała
wybierać	V	past.p3.sg.m	wybierał
wybierać	V	past.p3.sg.n	wybierało
wybierać	V	pres.p1.pl	wybieramy
wybierać	V	pres.p1.sg	wybieram
wybierać	V	pres.p2.pl	wybieracie
wybierać	V	pres.p2.sg	wybierasz
wybierać	V	pres.p3.pl	wybierają
wybierać	V	pres.p3.sg	wybiera
wybór	N	pl.acc	wybory
wybór	N	pl.dat	wyborom
wybór	N	pl.gen	wyborów
wybór	N	pl.ins	wyborami
wybór	N	pl.loc	wyborach
wybór	N	pl.nom	wybory
wybór	N	pl.voc	wybory
wybór	N	sg.acc	wybór
wybór	N	sg.dat	wyborowi
wybór	N	sg.gen	wyboru
wybór	N	sg.ins	wyborem
wybór	N	sg.loc	wyborze
wybór	N	sg.nom	wybór
wybór	N	sg.voc	wyborze
wybrać	V	cond.p1.pl	wybrałybyśmy
wybrać	V	cond.p1.pl.m.hum	wybralibyśmy
wybrać	V	cond.p1.sg.f	wybrałabym
wybrać	V	cond.p1.sg.m	wybrałbym
wybrać	V	cond.p2.pl	wybrałybyście
wybrać	V	cond.p2.pl.m.hum	wybralibyście
wybrać	V	cond.p2.sg.f	wybrałabyś
wybrać	V	cond.p2.sg.m	wybrałbyś
wybrać	V	cond.p3.pl	wybrałyby
wybrać	V	cond.p3.pl.m.hum	wybraliby
wybrać	V	cond.p3.sg.f	wybrałaby
wybrać	V	cond.p3.sg.m	wybrałby
wybrać	V	cond.p3.sg.n	wybrałoby
wybrać	V	fut.p1.pl	wybierzemy
wybrać	V	fut.p1.sg	wybiorę
wybrać	V	fut.p2.pl	wybierzecie
wybrać	V	fut.p2.sg	wybierzesz
wybrać	V	fut.p3.pl	wybiorą
wybrać	V	fut.p3.sg	wybierze
wybrać	V	imp.p1.pl	wybierzmy
wybrać	V	imp.p1.sg	niech wybiorę
wybrać	V	imp.p2.pl	wybierzcie
wybrać	V	imp.p2.sg	wybierz
wybrać	V	imp.p3.pl	niech wybiorą
wybrać	V	imp.p3.sg	niech wybierze
wybrać	V	past.p1.pl	wybrałyśmy
wybrać	V	past.p1.pl.m.hum	wybraliśmy
wybrać	V	past.p1.sg.f	wybrałam
wybrać	V	past.p1.sg.m	wybrałem
wybrać	V	past.p2.pl	wybrałyście
wybrać	V	past.p2.pl.m.hum	wybraliście
wybrać	V	past.p2.sg.f	wybrałaś
wybrać	V	past.p2.sg.m	wybrałeś
wybrać	V	past.p3.pl	wybrały
wybrać	V	past.p3.pl.m.hum	wybrali
wybrać	V	past.p3.sg.f	wybrała
wybrać	V	past.p3.sg.m	wybrał
wybrać	V	past.p3.sg.n	wybrało
wycieczka	N	pl.acc	wycieczki
wycieczka	N	pl.dat	wycieczkom
wycieczka	N	pl.gen	wycieczek
wycieczka	N	pl.ins	wycieczkami
wycieczka	N	pl.loc	wycieczkach
wycieczka	N	pl.nom	wycieczki
wycieczka	N	pl.voc	wycieczki
wycieczka	N	sg.acc	wycieczkę
wycieczka	N	sg.dat	wycieczce
wycieczka	N	sg.gen	wycieczki
wycieczka	N	sg.ins	wycieczką
wycieczka	N	sg.loc	wycieczce
wycieczka	N	sg.nom	wycieczka
wycieczka	N	sg.voc	wycieczko
wydział	N	pl.acc	wydziały
wydział	N	pl.dat	wydziałom
wydział	N	pl.gen	wydziałów
wydział	N	pl.ins	wydziałami
wydział	N	pl.loc	wydziałach
wydział	N	pl.nom	wydziały
wydział	N	pl.voc	wydziały
wydział	N	sg.acc	wydział
wydział	N	sg.dat	wydziałowi
wydział	N	sg.gen	wydziału
wydział	N	sg.ins	wydziałem
wydział	N	sg.loc	wydziale
wydział	N	sg.nom	wydział
wydział	N	sg.voc	wydziale
wyglądać	V	cond.p1.pl	wyglądałybyśmy
wyglądać	V	cond.p1.pl.m.hum	wyglądalibyśmy
wyglądać	V	cond.p1.sg.f	wyglądałabym
wyglądać	V	cond.p1.sg.m	wyglądałbym
wyglądać	V	cond.p2.pl	wyglądałybyście
wyglądać	V	cond.p2.pl.m.hum	wyglądalibyście
wyglądać	V	cond.p2.sg.f	wyglądałabyś
wyglądać	V	cond.p2.sg.m	wyglądałbyś
wyglądać	V	cond.p3.pl	wyglądałyby
wyglądać	V	cond.p3.pl.m.hum	wyglądaliby
wyglądać	V	cond.p3.sg.f	wyglądałaby
wyglądać	V	cond.p3.sg.m	wyglądałby
wyglądać	V	cond.p3.sg.n	wyglądałoby
wyglądać	V	fut.p1.pl	będziemy wyglądały
wyglądać	V	fut.p1.pl.m.hum	będziemy wyglądali
wyglądać	V	fut.p1.sg.f	będę wyglądała
wyglądać	V	fut.p1.sg.m	będę wyglądał
wyglądać	V	fut.p2.pl	będziecie wyglądały
wyglądać	V	fut.p2.pl.m.hum	będziecie wyglądali
wyglądać	V	fut.p2.sg.f	będziesz wyglądała
wyglądać	V	fut.p2.sg.m	będziesz wyglądał
wyglądać	V	fut.p3.pl	będą wyglądały
wyglądać	V	fut.p3.pl.m.hum	będą wyglądali
wyglądać	V	fut.p3.sg.f	będzie wyglądała
wyglądać	V	fut.p3.sg.m	będzie wyglądał
wyglądać	V	fut.p3.sg.n	będzie wyglądało
wyglądać	V	imp.p1.pl	wyglądajmy
wyglądać	V	imp.p2.pl	wyglądajcie
wyglądać	V	imp.p2.sg	wyglądaj
wyglądać	V	imp.p3.pl	niech wyglądają
wyglądać	V	imp.p3.sg	niech wygląda
wyglądać	V	past.p1.pl	wyglądałyśmy
wyglądać	V	past.p1.pl.m.hum	wyglądaliśmy
wyglądać	V	past.p1.sg.f	wyglądałam
wyglądać	V	past.p1.sg.m	wyglądałem
wyglądać	V	past.p2.pl	wyglądałyście
wyglądać	V	past.p2.pl.m.hum	wyglądaliście
wyglądać	V	past.p2.sg.f	wyglądałaś
wyglądać	V	past.p2.sg.m	wyglądałeś
wyglądać	V	past.p3.pl	wyglądały
wyglądać	V	past.p3.pl.m.hum	wyglądali
wyglądać	V	past.p3.sg.f	wyglądała
wyglądać	V	past.p3.sg.m	wyglądał
wyglądać	V	past.p3.sg.n	wyglądało
wyglądać	V	pres.p1.pl	wyglądamy
wyglądać	V	pres.p1.sg	wyglądam
wyglądać	V	pres.p2.pl	wyglądacie
wyglądać	V	pres.p2.sg	wyglądasz
wyglądać	V	pres.p3.pl	wyglądają
wyglądać	V	pres.p3.sg	wygląda
wygrać	V	cond.p1.pl	wygrałybyśmy
wygrać	V	cond.p1.pl.m.hum	wygralibyśmy
wygrać	V	cond.p1.sg.f	wygrałabym
wygrać	V	cond.p1.sg.m	wygrałbym
wygrać	V	cond.p2.pl	wygrałybyście
wygrać	V	cond.p2.pl.m.hum	wygralibyście
wygrać	V	cond.p2.sg.f	wygrałabyś
wygrać	V	cond.p2.sg.m	wygrałbyś
wygrać	V	cond.p3.pl	wygrałyby
wygrać	V	cond.p3.pl.m.hum	wygraliby
wygrać	V	cond.p3.sg.f	wygrałaby
wygrać	V	cond.p3.sg.m	wygrałby
wygrać	V	cond.p3.sg.n	wygrałoby
wygrać	V	fut.p1.pl	wygramy
wygrać	V	fut.p1.sg	wygram
wygrać	V	fut.p2.pl	wygracie
wygrać	V	fut.p2.sg	wygrasz
wygrać	V	fut.p3.pl	wygrają
wygrać	V	fut.p3.sg	wygra
wygrać	V	imp.p1.pl	wygrajmy
wygrać	V	imp.p1.sg	niech wygram
wygrać	V	imp.p2.pl	wygrajcie
wygrać	V	imp.p2.sg	wygraj
wygrać	V	imp.p3.pl	niech wygrają
wygrać	V	imp.p3.sg	niech wygra
wygrać	V	past.p1.pl	wygrałyśmy
wygrać	V	past.p1.pl.m.hum	wygraliśmy
wygrać	V	past.p1.sg.f	wygrałam
wygrać	V	past.p1.sg.m	wygrałem
wygrać	V	past.p2.pl	wygrałyście
wygrać	V	past.p2.pl.m.hum	wygraliście
wygrać	V	past.p2.sg.f	wygrałaś
wygrać	V	past.p2.sg.m	wygrałeś
wygrać	V	past.p3.pl	wygrały
wygrać	V	past.p3.pl.m.hum	wygrali
wygrać	V	past.p3.sg.f	wygrała
wygrać	V	past.p3.sg.m	wygrał
wygrać	V	past.p3.sg.n	wygrało
wyjaśnić	V	cond.p1.pl	wyjaśniłybyśmy
wyjaśnić	V	cond.p1.pl.m.hum	wyjaśnilibyśmy
wyjaśnić	V	cond.p1.sg.f	wyjaśniłabym
wyjaśnić	V	cond.p1.sg.m	wyjaśniłbym
wyjaśnić	V	cond.p2.pl	wyjaśniłybyście
wyjaśnić	V	cond.p2.pl.m.hum	wyjaśnilibyście
wyjaśnić	V	cond.p2.sg.f	wyjaśniłabyś
wyjaśnić	V	cond.p2.sg.m	wyjaśniłbyś
wyjaśnić	V	cond.p3.pl	wyjaśniłyby
wyjaśnić	V	cond.p3.pl.m.hum	wyjaśniliby
wyjaśnić	V	cond.p3.sg.f	wyjaśniłaby
wyjaśnić	V	cond.p3.sg.m	wyjaśniłby
wyjaśnić	V	cond.p3.sg.n	wyjaśniłoby
wyjaśnić	V	fut.p1.pl	wyjaśnimy
wyjaśnić	V	fut.p1.sg	wyjaśnię
wyjaśnić	V	fut.p2.pl	wyjaśnicie
wyjaśnić	V	fut.p2.sg	wyjaśnisz
wyjaśnić	V	fut.p3.pl	wyjaśnią
wyjaśnić	V	fut.p3.sg	wyjaśni
wyjaśnić	V	imp.p1.pl	wyjaśnijmy
wyjaśnić	V	imp.p1.sg	niech wyjaśnię
wyjaśnić	V	imp.p2.pl	wyjaśnijcie
wyjaśnić	V	imp.p2.sg	wyjaśnij
wyjaśnić	V	imp.p3.pl	niech wyjaśnią
wyjaśnić	V	imp.p3.sg	niech wyjaśni
wyjaśnić	V	past.p1.pl	wyjaśniłyśmy
wyjaśnić	V	past.p1.pl.m.hum	wyjaśniliśmy
wyjaśnić	V	past.p1.sg.f	wyjaśniłam
wyjaśnić	V	past.p1.sg.m	wyjaśniłem
wyjaśnić	V	past.p2.pl	wyjaśniłyście
wyjaśnić	V	past.p2.pl.m.hum	wyjaśniliście
wyjaśnić	V	past.p2.sg.f	wyjaśniłaś
wyjaśnić	V	past.p2.sg.m	wyjaśniłeś
wyjaśnić	V	past.p3.pl	wyjaśniły
wyjaśnić	V	past.p3.pl.m.hum	wyjaśnili
wyjaśnić	V	past.p3.sg.f	wyjaśniła
wyjaśnić	V	past.p3.sg.m	wyjaśnił
wyjaśnić	V	past.p3.sg.n	wyjaśniło
wyjątek	N	pl.acc	wyjątki
wyjątek	N	pl.dat	wyjątkom
wyjątek	N	pl.gen	wyjątków
wyjątek	N	pl.ins	wyjątkami
wyjątek	N	pl.loc	wyjątkach
wyjątek	N	pl.nom	wyjątki
wyjątek	N	pl.voc	wyjątki
wyjątek	N	sg.acc	wyjątek
wyjątek	N	sg.dat	wyjątkowi
wyjątek	N	sg.gen	wyjątku
wyjątek	N	sg.ins	wyjątkiem
wyjątek	N	sg.loc	wyjątku
wyjątek	N	sg.nom	wyjątek
wyjątek	N	sg.voc	wyjątku
wyjście	N	pl.acc	wyjścia
wyjście	N	pl.dat	wyjściom
wyjście	N	pl.gen	wyjść
wyjście	N	pl.ins	wyjściami
wyjście	N	pl.loc	wyjściach
wyjście	N	pl.nom	wyjścia
wyjście	N	pl.voc	wyjścia
wyjście	N	sg.acc	wyjście
wyjście	N	sg.dat	wyjściu
wyjście	N	sg.gen	wyjścia
wyjście	N	sg.ins	wyjściem
wyjście	N	sg.loc	wyjściu
wyjście	N	sg.nom	wyjście
wyjście	N	sg.voc	wyjście
wykorzystywać	V	cond.p1.pl	wykorzystywałybyśmy
wykorzystywać	V	cond.p1.pl.m.hum	wykorzystywalibyśmy
wykorzystywać	V	cond.p1.sg.f	wykorzystywałabym
wykorzystywać	V	cond.p1.sg.m	wykorzystywałbym
wykorzystywać	V	cond.p2.pl	wykorzystywałybyście
wykorzystywać	V	cond.p2.pl.m.hum	wykorzystywalibyście
wykorzystywać	V	cond.p2.sg.f	wykorzystywałabyś
wykorzystywać	V	cond.p2.sg.m	wykorzystywałbyś
wykorzystywać	V	cond.p3.pl	wykorzystywałyby
wykorzystywać	V	cond.p3.pl.m.hum	wykorzystywaliby
wykorzystywać	V	cond.p3.sg.f	wykorzystywałaby
wykorzystywać	V	cond.p3.sg.m	wykorzystywałby
wykorzystywać	V	cond.p3.sg.n	wykorzystywałoby
wykorzystywać	V	fut.p1.pl	będziemy wykorzystywały
wykorzystywać	V	fut.p1.pl.m.hum	będziemy wykorzystywali
wykorzystywać	V	fut.p1.sg.f	będę wykorzystywała
wykorzystywać	V	fut.p1.sg.m	będę wykorzystywał
wykorzystywać	V	fut.p2.pl	będziecie wykorzystywały
wykorzystywać	V	fut.p2.pl.m.hum	będziecie wykorzystywali
wykorzystywać	V	fut.p2.sg.f	będziesz wykorzystywała
wykorzystywać	V	fut.p2.sg.m	będziesz wykorzystywał
wykorzystywać	V	fut.p3.pl	będą wykorzystywały
wykorzystywać	V	fut.p3.pl.m.hum	będą wykorzystywali
wykorzystywać	V	fut.p3.sg.f	będzie wykorzystywała
wykorzystywać	V	fut.p3.sg.m	będzie wykorzystywał
wykorzystywać	V	fut.p3.sg.n	będzie wykorzystywało
wykorzystywać	V	imp.p1.pl	wykorzystujmy
wykorzystywać	V	imp.p2.pl	wykorzystujcie
wykorzystywać	V	imp.p2.sg	wykorzystuj
wykorzystywać	V	imp.p3.pl	niech wykorzystują
wykorzystywać	V	imp.p3.sg	niech wykorzystuje
wykorzystywać	V	past.p1.pl	wykorzystywałyśmy
wykorzystywać	V	past.p1.pl.m.hum	wykorzystywaliśmy
wykorzystywać	V	past.p1.sg.f	wykorzystywałam
wykorzystywać	V	past.p1.sg.m	wykorzystywałem
wykorzystywać	V	past.p2.pl	wykorzystywałyście
wykorzystywać	V	past.p2.pl.m.hum	wykorzystywaliście
wykorzystywać	V	past.p2.sg.f	wykorzystywałaś
wykorzystywać	V	past.p2.sg.m	wykorzystywałeś
wykorzystywać	V	past.p3.pl	wykorzystywały
wykorzystywać	V	past.p3.pl.m.hum	wykorzystywali
wykorzystywać	V	past.p3.sg.f	wykorzystywała
wykorzystywać	V	past.p3.sg.m	wykorzystywał
wykorzystywać	V	past.p3.sg.n	wykorzystywało
wykorzystywać	V	pres.p1.pl	wykorzystujemy
wykorzystywać	V	pres.p1.sg	wykorzystuję
wykorzystywać	V	pres.p2.pl	wykorzystujecie
wykorzystywać	V	pres.p2.sg	wykorzystujesz
wykorzystywać	V	pres.p3.pl	wykorzystują
wykorzystywać	V	pres.p3.sg	wykorzystuje
wymagać	V	cond.p1.pl	wymagałybyśmy
wymagać	V	cond.p1.pl.m.hum	wymagalibyśmy
wymagać	V	cond.p1.sg.f	wymagałabym
wymagać	V	cond.p1.sg.m	wymagałbym
wymagać	V	cond.p2.pl	wymagałybyście
wymagać	V	cond.p2.pl.m.hum	wymagalibyście
wymagać	V	cond.p2.sg.f	wymagałabyś
wymagać	V	cond.p2.sg.m	wymagałbyś
wymagać	V	cond.p3.pl	wymagałyby
wymagać	V	cond.p3.pl.m.hum	wymagaliby
wymagać	V	cond.p3.sg.f	wymagałaby
wymagać	V	cond.p3.sg.m	wymagałby
wymagać	V	cond.p3.sg.n	wymagałoby
wymagać	V	fut.p1.pl	będziemy wymagały
wymagać	V	fut.p1.pl.m.hum	będziemy wymagali
wymagać	V	fut.p1.sg.f	będę wymagała
wymagać	V	fut.p1.sg.m	będę wymagał
wymagać	V	fut.p2.pl	będziecie wymagały
wymagać	V	fut.p2.pl.m.hum	będziecie wymagali
wymagać	V	fut.p2.sg.f	będziesz wymagała
wymagać	V	fut.p2.sg.m	będziesz wymagał
wymagać	V	fut.p3.pl	będą wymagały
wymagać	V	fut.p3.pl.m.hum	będą wymagali
wymagać	V	fut.p3.sg.f	będzie wymagała
wymagać	V	fut.p3.sg.m	będzie wymagał
wymagać	V	fut.p3.sg.n	będzie wymagało
wymagać	V	imp.p1.pl	wymagajmy
wymagać	V	imp.p2.pl	wymagajcie
wymagać	V	imp.p2.sg	wymagaj
wymagać	V	imp.p3.pl	niech wymagają
wymagać	V	imp.p3.sg	niech wymaga
wymagać	V	past.p1.pl	wymagałyśmy
wymagać	V	past.p1.pl.m.hum	wymagaliśmy
wymagać	V	past.p1.sg.f	wymagałam
wymagać	V	past.p1.sg.m	wymagałem
wymagać	V	past.p2.pl	wymagałyście
wymagać	V	past.p2.pl.m.hum	wymagaliście
wymagać	V	past.p2.sg.f	wymagałaś
wymagać	V	past.p2.sg.m	wymagałeś
wymagać	V	past.p3.pl	wymagały
wymagać	V	past.p3.pl.m.hum	wymagali
wymagać	V	past.p3.sg.f	wymagała
wymagać	V	past.p3.sg.m	wymagał
wymagać	V	past.p3.sg.n	wymagało
wymagać	V	pres.p1.pl	wymagamy
wymagać	V	pres.p1.sg	wymagam
wymagać	V	pres.p2.pl	wymagacie
wymagać	V	pres.p2.sg	wymagasz
wymagać	V	pres.p3.pl	wymagają
wymagać	V	pres.p3.sg	wymaga
wymyślić	V	cond.p1.pl	wymyśliłybyśmy
wymyślić	V	cond.p1.pl.m.hum	wymyślilibyśmy
wymyślić	V	cond.p1.sg.f	wymyśliłabym
wymyślić	V	cond.p1.sg.m	wymyśliłbym
wymyślić	V	cond.p2.pl	wymyśliłybyście
wymyślić	V	cond.p2.pl.m.hum	wymyślilibyście
wymyślić	V	cond.p2.sg.f	wymyśliłabyś
wymyślić	V	cond.p2.sg.m	wymyśliłbyś
wymyślić	V	cond.p3.pl	wymyśliłyby
wymyślić	V	cond.p3.pl.m.hum	wymyśliliby
wymyślić	V	cond.p3.sg.f	wymyśliłaby
wymyślić	V	cond.p3.sg.m	wymyśliłby
wymyślić	V	cond.p3.sg.n	wymyśliłoby
wymyślić	V	fut.p1.pl	wymyślimy
wymyślić	V	fut.p1.sg	wymyślę
wymyślić	V	fut.p2.pl	wymyślicie
wymyślić	V	fut.p2.sg	wymyślisz
wymyślić	V	fut.p3.pl	wymyślą
wymyślić	V	fut.p3.sg	wymyśli
wymyślić	V	imp.p1.pl	wymyślmy
wymyślić	V	imp.p1.sg	niech wymyślę
wymyślić	V	imp.p2.pl	wymyślcie
wymyślić	V	imp.p2.sg	wymyśl
wymyślić	V	imp.p3.pl	niech wymyślą
wymyślić	V	imp.p3.sg	niech wymyśli
wymyślić	V	past.p1.pl	wymyśliłyśmy
wymyślić	V	past.p1.pl.m.hum	wymyśliliśmy
wymyślić	V	past.p1.sg.f	wymyśliłam
wymyślić	V	past.p1.sg.m	wymyśliłem
wymyślić	V	past.p2.pl	wymyśliłyście
wymyślić	V	past.p2.pl.m.hum	wymyśliliście
wymyślić	V	past.p2.sg.f	wymyśliłaś
wymyślić	V	past.p2.sg.m	wymyśliłeś
wymyślić	V	past.p3.pl	wymyśliły
wymyślić	V	past.p3.pl.m.hum	wymyślili
wymyślić	V	past.p3.sg.f	wymyśliła
wymyślić	V	past.p3.sg.m	wymyślił
wymyślić	V	past.p3.sg.n	wymyśliło
wynająć	V	cond.p1.pl	wynajęłybyśmy
wynająć	V	cond.p1.pl.m.hum	wynajęlibyśmy
wynająć	V	cond.p1.sg.f	wynajęłabym
wynająć	V	cond.p1.sg.m	wynająłbym
wynająć	V	cond.p2.pl	wynajęłybyście
wynająć	V	cond.p2.pl.m.hum	wynajęlibyście
wynająć	V	cond.p2.sg.f	wynajęłabyś
wynająć	V	cond.p2.sg.m	wynająłbyś
wynająć	V	cond.p3.pl	wynajęłyby
wynająć	V	cond.p3.pl.m.hum	wynajęliby
wynająć	V	cond.p3.sg.f	wynajęłaby
wynająć	V	cond.p3.sg.m	wynająłby
wynająć	V	cond.p3.sg.n	wynajęłoby
wynająć	V	fut.p1.pl	wynajmiemy
wynająć	V	fut.p1.sg	wynajmę
wynająć	V	fut.p2.pl	wynajmiecie
wynająć	V	fut.p2.sg	wynajmiesz
wynająć	V	fut.p3.pl	wynajmą
wynająć	V	fut.p3.sg	wynajmie
wynająć	V	imp.p1.pl	wynajmijmy
wynająć	V	imp.p1.sg	niech wynajmę
wynająć	V	imp.p2.pl	wynajmijcie
wynająć	V	imp.p2.sg	wynajmij
wynająć	V	imp.p3.pl	niech wynajmą
wynająć	V	imp.p3.sg	niech wynajmie
wynająć	V	past.p1.pl	wynajęłyśmy
wynająć	V	past.p1.pl.m.hum	wynajęliśmy
wynająć	V	past.p1.sg.f	wynajęłam
wynająć	V	past.p1.sg.m	wynająłem
wynająć	V	past.p2.pl	wynajęłyście
wynająć	V	past.p2.pl.m.hum	wynajęliście
wynająć	V	past.p2.sg.f	wynajęłaś
wynająć	V	past.p2.sg.m	wynająłeś
wynająć	V	past.p3.pl	wynajęły
wynająć	V	past.p3.pl.m.hum	wynajęli
wynająć	V	past.p3.sg.f	wynajęła
wynająć	V	past.p3.sg.m	wynajął
wynająć	V	past.p3.sg.n	wynajęło
wynik	N	pl.acc	wyniki
wynik	N	pl.dat	wynikom
wynik	N	pl.gen	wyników
wynik	N	pl.ins	wynikami
wynik	N	pl.loc	wynikach
wynik	N	pl.nom	wyniki
wynik	N	pl.voc	wyniki
wynik	N	sg.acc	wynik
wynik	N	sg.dat	wynikowi
wynik	N	sg.gen	wyniku
wynik	N	sg.ins	wynikiem
wynik	N	sg.loc	wyniku
wynik	N	sg.nom	wynik
wynik	N	sg.voc	wyniku
wypadek	N	pl.acc	wypadki
wypadek	N	pl.dat	wypadkom
wypadek	N	pl.gen	wypadków
wypadek	N	pl.ins	wypadkami
wypadek	N	pl.loc	wypadkach
wypadek	N	pl.nom	wypadki
wypadek	N	pl.voc	wypadki
wypadek	N	sg.acc	wypadek
wypadek	N	sg.dat	wypadkowi
wypadek	N	sg.gen	wypadku
wypadek	N	sg.ins	wypadkiem
wypadek	N	sg.loc	wypadku
wypadek	N	sg.nom	wypadek
wypadek	N	sg.voc	wypadku
wyrzucić	V	cond.p1.pl	wyrzuciłybyśmy
wyrzucić	V	cond.p1.pl.m.hum	wyrzucilibyśmy
wyrzucić	V	cond.p1.sg.f	wyrzuciłabym
wyrzucić	V	cond.p1.sg.m	wyrzuciłbym
wyrzucić	V	cond.p2.pl	wyrzuciłybyście
wyrzucić	V	cond.p2.pl.m.hum	wyrzucilibyście
wyrzucić	V	cond.p2.sg.f	wyrzuciłabyś
wyrzucić	V	cond.p2.sg.m	wyrzuciłbyś
wyrzucić	V	cond.p3.pl	wyrzuciłyby
wyrzucić	V	cond.p3.pl.m.hum	wyrzuciliby
wyrzucić	V	cond.p3.sg.f	wyrzuciłaby
wyrzucić	V	cond.p3.sg.m	wyrzuciłby
wyrzucić	V	cond.p3.sg.n	wyrzuciłoby
wyrzucić	V	fut.p1.pl	wyrzucimy
wyrzucić	V	fut.p1.sg	wyrzucę
wyrzucić	V	fut.p2.pl	wyrzucicie
wyrzucić	V	fut.p2.sg	wyrzucisz
wyrzucić	V	fut.p3.pl	wyrzucą
wyrzucić	V	fut.p3.sg	wyrzuci
wyrzucić	V	imp.p1.pl	wyrzućmy
wyrzucić	V	imp.p1.sg	niech wyrzucę
wyrzucić	V	imp.p2.pl	wyrzućcie
wyrzucić	V	imp.p2.sg	wyrzuć
wyrzucić	V	imp.p3.pl	niech wyrzucą
wyrzucić	V	imp.p3.sg	niech wyrzuci
wyrzucić	V	past.p1.pl	wyrzuciłyśmy
wyrzucić	V	past.p1.pl.m.hum	wyrzuciliśmy
wyrzucić	V	past.p1.sg.f	wyrzuciłam
wyrzucić	V	past.p1.sg.m	wyrzuciłem
wyrzucić	V	past.p2.pl	wyrzuciłyście
wyrzucić	V	past.p2.pl.m.hum	wyrzuciliście
wyrzucić	V	past.p2.sg.f	wyrzuciłaś
wyrzucić	V	past.p2.sg.m	wyrzuciłeś
wyrzucić	V	past.p3.pl	wyrzuciły
wyrzucić	V	past.p3.pl.m.hum	wyrzucili
wyrzucić	V	past.p3.sg.f	wyrzuciła
wyrzucić	V	past.p3.sg.m	wyrzucił
wyrzucić	V	past.p3.sg.n	wyrzuciło
wysoki	A	pl.acc	wysokie
wysoki	A	pl.dat	wysokim
wysoki	A	pl.gen	wysokich
wysoki	A	pl.ins	wysokimi
wysoki	A	pl.loc	wysokich
wysoki	A	pl.m.hum.acc	wysokich
wysoki	A	pl.m.hum.nom	wysocy
wysoki	A	pl.nom	wysokie
wysoki	A	sg.f.acc	wysoką
wysoki	A	sg.f.dat	wysokiej
wysoki	A	sg.f.gen	wysokiej
wysoki	A	sg.f.ins	wysoką
wysoki	A	sg.f.loc	wysokiej
wysoki	A	sg.f.nom	wysoka
wysoki	A	sg.m.anim.acc	wysokiego
wysoki	A	sg.m.dat	wysokiemu
wysoki	A	sg.m.gen	wysokiego
wysoki	A	sg.m.hum.acc	wysokiego
wysoki	A	sg.m.inan.acc	wysoki
wysoki	A	sg.m.ins	wysokim
wysoki	A	sg.m.loc	wysokim
wysoki	A	sg.m.nom	wysoki
wysoki	A	sg.n.acc	wysokie
wysoki	A	sg.n.dat	wysokiemu
wysoki	A	sg.n.gen	wysokiego
wysoki	A	sg.n.ins	wysokim
wysoki	A	sg.n.loc	wysokim
wysoki	A	sg.n.nom	wysokie
wysokość	N	pl.acc	wysokości
wysokość	N	pl.dat	wysokościom
wysokość	N	pl.gen	wysokości
wysokość	N	pl.ins	wysokościami
wysokość	N	pl.loc	wysokościach
wysokość	N	pl.nom	wysokości
wysokość	N	pl.voc	wysokości
wysokość	N	sg.acc	wysokość
wysokość	N	sg.dat	wysokości
wysokość	N	sg.gen	wysokości
wysokość	N	sg.ins	wysokością
wysokość	N	sg.loc	wysokości
wysokość	N	sg.nom	wysokość
wysokość	N	sg.voc	wysokości
wyspa	N	pl.acc	wyspy
wyspa	N	pl.dat	wyspom
wyspa	N	pl.gen	wysp
wyspa	N	pl.ins	wyspami
wyspa	N	pl.loc	wyspach
wyspa	N	pl.nom	wyspy
wyspa	N	pl.voc	wyspy
wyspa	N	sg.acc	wyspę
wyspa	N	sg.dat	wyspie
wyspa	N	sg.gen	wyspy
wyspa	N	sg.ins	wyspą
wyspa	N	sg.loc	wyspie
wyspa	N	sg.nom	wyspa
wyspa	N	sg.voc	wyspo
wystarczać	V	cond.p1.pl	wystarczałybyśmy
wystarczać	V	cond.p1.pl.m.hum	wystarczalibyśmy
wystarczać	V	cond.p1.sg.f	wystarczałabym
wystarczać	V	cond.p1.sg.m	wystarczałbym
wystarczać	V	cond.p2.pl	wystarczałybyście
wystarczać	V	cond.p2.pl.m.hum	wystarczalibyście
wystarczać	V	cond.p2.sg.f	wystarczałabyś
wystarczać	V	cond.p2.sg.m	wystarczałbyś
wystarczać	V	cond.p3.pl	wystarczałyby
wystarczać	V	cond.p3.pl.m.hum	wystarczaliby
wystarczać	V	cond.p3.sg.f	wystarczałaby
wystarczać	V	cond.p3.sg.m	wystarczałby
wystarczać	V	cond.p3.sg.n	wystarczałoby
wystarczać	V	fut.p1.pl	będziemy wystarczały
wystarczać	V	fut.p1.pl.m.hum	będziemy wystarczali
wystarczać	V	fut.p1.sg.f	będę wystarczała
wystarczać	V	fut.p1.sg.m	będę wystarczał
wystarczać	V	fut.p2.pl	będziecie wystarczały
wystarczać	V	fut.p2.pl.m.hum	będziecie wystarczali
wystarczać	V	fut.p2.sg.f	będziesz wystarczała
wystarczać	V	fut.p2.sg.m	będziesz wystarczał
wystarczać	V	fut.p3.pl	będą wystarczały
wystarczać	V	fut.p3.pl.m.hum	będą wystarczali
wystarczać	V	fut.p3.sg.f	będzie wystarczała
wystarczać	V	fut.p3.sg.m	będzie wystarczał
wystarczać	V	fut.p3.sg.n	będzie wystarczało
wystarczać	V	imp.p1.pl	wystarczajmy
wystarczać	V	imp.p2.pl	wystarczajcie
wystarczać	V	imp.p2.sg	wystarczaj
wystarczać	V	imp.p3.pl	niech wystarczają
wystarczać	V	imp.p3.sg	niech wystarcza
wystarczać	V	past.p1.pl	wystarczałyśmy
wystarczać	V	past.p1.pl.m.hum	wystarczaliśmy
wystarczać	V	past.p1.sg.f	wystarczałam
wystarczać	V	past.p1.sg.m	wystarczałem
wystarczać	V	past.p2.pl	wystarczałyście
wystarczać	V	past.p2.pl.m.hum	wystarczaliście
wystarczać	V	past.p2.sg.f	wystarczałaś
wystarczać	V	past.p2.sg.m	wystarczałeś
wystarczać	V	past.p3.pl	wystarczały
wystarczać	V	past.p3.pl.m.hum	wystarczali
wystarczać	V	past.p3.sg.f	wystarczała
wystarczać	V	past.p3.sg.m	wystarczał
wystarczać	V	past.p3.sg.n	wystarczało
wystarczać	V	pres.p1.pl	wystarczamy
wystarczać	V	pres.p1.sg	wystarczam
wystarczać	V	pres.p2.pl	wystarczacie
wystarczać	V	pres.p2.sg	wystarczasz
wystarczać	V	pres.p3.pl	wystarczają
wystarczać	V	pres.p3.sg	wystarcza
wysyłać	V	cond.p1.pl	wysyłałybyśmy
wysyłać	V	cond.p1.pl.m.hum	wysyłalibyśmy
wysyłać	V	cond.p1.sg.f	wysyłałabym
wysyłać	V	cond.p1.sg.m	wysyłałbym
wysyłać	V	cond.p2.pl	wysyłałybyście
wysyłać	V	cond.p2.pl.m.hum	wysyłalibyście
wysyłać	V	cond.p2.sg.f	wysyłałabyś
wysyłać	V	cond.p2.sg.m	wysyłałbyś
wysyłać	V	cond.p3.pl	wysyłałyby
wysyłać	V	cond.p3.pl.m.hum	wysyłaliby
wysyłać	V	cond.p3.sg.f	wysyłałaby
wysyłać	V	cond.p3.sg.m	wysyłałby
wysyłać	V	cond.p3.sg.n	wysyłałoby
wysyłać	V	fut.p1.pl	będziemy wysyłały
wysyłać	V	fut.p1.pl.m.hum	będziemy wysyłali
wysyłać	V	fut.p1.sg.f	będę wysyłała
wysyłać	V	fut.p1.sg.m	będę wysyłał
wysyłać	V	fut.p2.pl	będziecie wysyłały
wysyłać	V	fut.p2.pl.m.hum	będziecie wysyłali
wysyłać	V	fut.p2.sg.f	będziesz wysyłała
wysyłać	V	fut.p2.sg.m	będziesz wysyłał
wysyłać	V	fut.p3.pl	będą wysyłały
wysyłać	V	fut.p3.pl.m.hum	będą wysyłali
wysyłać	V	fut.p3.sg.f	będzie wysyłała
wysyłać	V	fut.p3.sg.m	będzie wysyłał
wysyłać	V	fut.p3.sg.n	będzie wysyłało
wysyłać	V	imp.p1.pl	wysyłajmy
wysyłać	V	imp.p2.pl	wysyłajcie
wysyłać	V	imp.p2.sg	wysyłaj
wysyłać	V	imp.p3.pl	niech wysyłają
wysyłać	V	imp.p3.sg	niech wysyła
wysyłać	V	past.p1.pl	wysyłałyśmy
wysyłać	V	past.p1.pl.m.hum	wysyłaliśmy
wysyłać	V	past.p1.sg.f	wysyłałam
wysyłać	V	past.p1.sg.m	wysyłałem
wysyłać	V	past.p2.pl	wysyłałyście
wysyłać	V	past.p2.pl.m.hum	wysyłaliście
wysyłać	V	past.p2.sg.f	wysyłałaś
wysyłać	V	past.p2.sg.m	wysyłałeś
wysyłać	V	past.p3.pl	wysyłały
wysyłać	V	past.p3.pl.m.hum	wysyłali
wysyłać	V	past.p3.sg.f	wysyłała
wysyłać	V	past.p3.sg.m	wysyłał
wysyłać	V	past.p3.sg.n	wysyłało
wysyłać	V	pres.p1.pl	wysyłamy
wysyłać	V	pres.p1.sg	wysyłam
wysyłać	V	pres.p2.pl	wysyłacie
wysyłać	V	pres.p2.sg	wysyłasz
wysyłać	V	pres.p3.pl	wysyłają
wysyłać	V	pres.p3.sg	wysyła
wytłumaczyć	V	cond.p1.pl	wytłumaczyłybyśmy
wytłumaczyć	V	cond.p1.pl.m.hum	wytłumaczylibyśmy
wytłumaczyć	V	cond.p1.sg.f	wytłumaczyłabym
wytłumaczyć	V	cond.p1.sg.m	wytłumaczyłbym
wytłumaczyć	V	cond.p2.pl	wytłumaczyłybyście
wytłumaczyć	V	cond.p2.pl.m.hum	wytłumaczylibyście
wytłumaczyć	V	cond.p2.sg.f	wytłumaczyłabyś
wytłumaczyć	V	cond.p2.sg.m	wytłumaczyłbyś
wytłumaczyć	V	cond.p3.pl	wytłumaczyłyby
wytłumaczyć	V	cond.p3.pl.m.hum	wytłumaczyliby
wytłumaczyć	V	cond.p3.sg.f	wytłumaczyłaby
wytłumaczyć	V	cond.p3.sg.m	wytłumaczyłby
wytłumaczyć	V	cond.p3.sg.n	wytłumaczyłoby
wytłumaczyć	V	fut.p1.pl	wytłumaczymy
wytłumaczyć	V	fut.p1.sg	wytłumaczę
wytłumaczyć	V	fut.p2.pl	wytłumaczycie
wytłumaczyć	V	fut.p2.sg	wytłumaczysz
wytłumaczyć	V	fut.p3.pl	wytłumaczą
wytłumaczyć	V	fut.p3.sg	wytłumaczy
wytłumaczyć	V	imp.p1.pl	wytłumaczmy
wytłumaczyć	V	imp.p1.sg	niech wytłumaczę
wytłumaczyć	V	imp.p2.pl	wytłumaczcie
wytłumaczyć	V	imp.p2.sg	wytłumacz
wytłumaczyć	V	imp.p3.pl	niech wytłumaczą
wytłumaczyć	V	imp.p3.sg	niech wytłumaczy
wytłumaczyć	V	past.p1.pl	wytłumaczyłyśmy
wytłumaczyć	V	past.p1.pl.m.hum	wytłumaczyliśmy
wytłumaczyć	V	past.p1.sg.f	wytłumaczyłam
wytłumaczyć	V	past.p1.sg.m	wytłumaczyłem
wytłumaczyć	V	past.p2.pl	wytłumaczyłyście
wytłumaczyć	V	past.p2.pl.m.hum	wytłumaczyliście
wytłumaczyć	V	past.p2.sg.f	wytłumaczyłaś
wytłumaczyć	V	past.p2.sg.m	wytłumaczyłeś
wytłumaczyć	V	past.p3.pl	wytłumaczyły
wytłumaczyć	V	past.p3.pl.m.hum	wytłumaczyli
wytłumaczyć	V	past.p3.sg.f	wytłumaczyła
wytłumaczyć	V	past.p3.sg.m	wytłumaczył
wytłumaczyć	V	past.p3.sg.n	wytłumaczyło
wywiad	N	pl.acc	wywiady
wywiad	N	pl.dat	wywiadom
wywiad	N	pl.gen	wywiadów
wywiad	N	pl.ins	wywiadami
wywiad	N	pl.loc	wywiadach
wywiad	N	pl.nom	wywiady
wywiad	N	pl.voc	wywiady
wywiad	N	sg.acc	wywiad
wywiad	N	sg.dat	wywiadowi
wywiad	N	sg.gen	wywiadu
wywiad	N	sg.ins	wywiadem
wywiad	N	sg.loc	wywiadzie
wywiad	N	sg.nom	wywiad
wywiad	N	sg.voc	wywiadzie
wziąć	V	cond.p1.pl	wzięłybyśmy
wziąć	V	cond.p1.pl.m.hum	wzięlibyśmy
wziąć	V	cond.p1.sg.f	wzięłabym
wziąć	V	cond.p1.sg.m	wziąłbym
wziąć	V	cond.p2.pl	wzięłybyście
wziąć	V	cond.p2.pl.m.hum	wzięlibyście
wziąć	V	cond.p2.sg.f	wzięłabyś
wziąć	V	cond.p2.sg.m	wziąłbyś
wziąć	V	cond.p3.pl	wzięłyby
wziąć	V	cond.p3.pl.m.hum	wzięliby
wziąć	V	cond.p3.sg.f	wzięłaby
wziąć	V	cond.p3.sg.m	wziąłby
wziąć	V	cond.p3.sg.n	wzięłoby
wziąć	V	fut.p1.pl	weźmiemy
wziąć	V	fut.p1.sg	wezmę
wziąć	V	fut.p2.pl	weźmiecie
wziąć	V	fut.p2.sg	weźmiesz
wziąć	V	fut.p3.pl	wezmą
wziąć	V	fut.p3.sg	weźmie
wziąć	V	imp.p1.pl	weźmy
wziąć	V	imp.p1.sg	niech wezmę
wziąć	V	imp.p2.pl	weźcie
wziąć	V	imp.p2.sg	weź
wziąć	V	imp.p3.pl	niech wezmą
wziąć	V	imp.p3.sg	niech weźmie
wziąć	V	past.p1.pl	wzięłyśmy
wziąć	V	past.p1.pl.m.hum	wzięliśmy
wziąć	V	past.p1.sg.f	wzięłam
wziąć	V	past.p1.sg.m	wziąłem
wziąć	V	past.p2.pl	wzięłyście
wziąć	V	past.p2.pl.m.hum	wzięliście
wziąć	V	past.p2.sg.f	wzięłaś
wziąć	V	past.p2.sg.m	wziąłeś
wziąć	V	past.p3.pl	wzięły
wziąć	V	past.p3.pl.m.hum	wzięli
wziąć	V	past.p3.sg.f	wzięła
wziąć	V	past.p3.sg.m	wziął
wziąć	V	past.p3.sg.n	wzięło
ząb	N	pl.acc	zęby
ząb	N	pl.dat	zębom
ząb	N	pl.gen	zębów
ząb	N	pl.ins	zębami
ząb	N	pl.loc	zębach
ząb	N	pl.nom	zęby
ząb	N	pl.voc	zęby
ząb	N	sg.acc	ząb
ząb	N	sg.dat	zębowi
ząb	N	sg.gen	zęba
ząb	N	sg.ins	zębem
ząb	N	sg.loc	zębie
ząb	N	sg.nom	ząb
ząb	N	sg.voc	zębie
zabawa	N	pl.acc	zabawy
zabawa	N	pl.dat	zabawom
zabawa	N	pl.gen	zabaw
zabawa	N	pl.ins	zabawami
zabawa	N	pl.loc	zabawach
zabawa	N	pl.nom	zabawy
zabawa	N	pl.voc	zabawy
zabawa	N	sg.acc	zabawę
zabawa	N	sg.dat	zabawie
zabawa	N	sg.gen	zabawy
zabawa	N	sg.ins	zabawą
zabawa	N	sg.loc	zabawie
zabawa	N	sg.nom	zabawa
zabawa	N	sg.voc	zabawo
zabawny	A	pl.acc	zabawne
zabawny	A	pl.dat	zabawnym
zabawny	A	pl.gen	zabawnych
zabawny	A	pl.ins	zabawnymi
zabawny	A	pl.loc	zabawnych
zabawny	A	pl.m.hum.acc	zabawnych
zabawny	A	pl.m.hum.nom	zabawni
zabawny	A	pl.nom	zabawne
zabawny	A	sg.f.acc	zabawną
zabawny	A	sg.f.dat	zabawnej
zabawny	A	sg.f.gen	zabawnej
zabawny	A	sg.f.ins	zabawną
zabawny	A	sg.f.loc	zabawnej
zabawny	A	sg.f.nom	zabawna
zabawny	A	sg.m.anim.acc	zabawnego
zabawny	A	sg.m.dat	zabawnemu
zabawny	A	sg.m.gen	zabawnego
zabawny	A	sg.m.hum.acc	zabawnego
zabawny	A	sg.m.inan.acc	zabawny
zabawny	A	sg.m.ins	zabawnym
zabawny	A	sg.m.loc	zabawnym
zabawny	A	sg.m.nom	zabawny
zabawny	A	sg.n.acc	zabawne
zabawny	A	sg.n.dat	zabawnemu
zabawny	A	sg.n.gen	zabawnego
zabawny	A	sg.n.ins	zabawnym
zabawny	A	sg.n.loc	zabawnym
zabawny	A	sg.n.nom	zabawne
zabić	V	cond.p1.pl	zabiłybyśmy
zabić	V	cond.p1.pl.m.hum	zabilibyśmy
zabić	V	cond.p1.sg.f	zabiłabym
zabić	V	cond.p1.sg.m	zabiłbym
zabić	V	cond.p2.pl	zabiłybyście
zabić	V	cond.p2.pl.m.hum	zabilibyście
zabić	V	cond.p2.sg.f	zabiłabyś
zabić	V	cond.p2.sg.m	zabiłbyś
zabić	V	cond.p3.pl	zabiłyby
zabić	V	cond.p3.pl.m.hum	zabiliby
zabić	V	cond.p3.sg.f	zabiłaby
zabić	V	cond.p3.sg.m	zabiłby
zabić	V	cond.p3.sg.n	zabiłoby
zabić	V	fut.p1.pl	zabijemy
zabić	V	fut.p1.sg	zabiję
zabić	V	fut.p2.pl	zabijecie
zabić	V	fut.p2.sg	zabijesz
zabić	V	fut.p3.pl	zabiją
zabić	V	fut.p3.sg	zabije
zabić	V	imp.p1.pl	zabijmy
zabić	V	imp.p1.sg	niech zabiję
zabić	V	imp.p2.pl	zabijcie
zabić	V	imp.p2.sg	zabij
zabić	V	imp.p3.pl	niech zabiją
zabić	V	imp.p3.sg	niech zabije
zabić	V	past.p1.pl	zabiłyśmy
zabić	V	past.p1.pl.m.hum	zabiliśmy
zabić	V	past.p1.sg.f	zabiłam
zabić	V	past.p1.sg.m	zabiłem
zabić	V	past.p2.pl	zabiłyście
zabić	V	past.p2.pl.m.hum	zabiliście
zabić	V	past.p2.sg.f	zabiłaś
zabić	V	past.p2.sg.m	zabiłeś
zabić	V	past.p3.pl	zabiły
zabić	V	past.p3.pl.m.hum	zabili
zabić	V	past.p3.sg.f	zabiła
zabić	V	past.p3.sg.m	zabił
zabić	V	past.p3.sg.n	zabiło
zabijać	V	cond.p1.pl	zabijałybyśmy
zabijać	V	cond.p1.pl.m.hum	zabijalibyśmy
zabijać	V	cond.p1.sg.f	zabijałabym
zabijać	V	cond.p1.sg.m	zabijałbym
zabijać	V	cond.p2.pl	zabijałybyście
zabijać	V	cond.p2.pl.m.hum	zabijalibyście
zabijać	V	cond.p2.sg.f	zabijałabyś
zabijać	V	cond.p2.sg.m	zabijałbyś
zabijać	V	cond.p3.pl	zabijałyby
zabijać	V	cond.p3.pl.m.hum	zabijaliby
zabijać	V	cond.p3.sg.f	zabijałaby
zabijać	V	cond.p3.sg.m	zabijałby
zabijać	V	cond.p3.sg.n	zabijałoby
zabijać	V	fut.p1.pl	będziemy zabijały
zabijać	V	fut.p1.pl.m.hum	będziemy zabijali
zabijać	V	fut.p1.sg.f	będę zabijała
zabijać	V	fut.p1.sg.m	będę zabijał
zabijać	V	fut.p2.pl	będziecie zabijały
zabijać	V	fut.p2.pl.m.hum	będziecie zabijali
zabijać	V	fut.p2.sg.f	będziesz zabijała
zabijać	V	fut.p2.sg.m	będziesz zabijał
zabijać	V	fut.p3.pl	będą zabijały
zabijać	V	fut.p3.pl.m.hum	będą zabijali
zabijać	V	fut.p3.sg.f	będzie zabijała
zabijać	V	fut.p3.sg.m	będzie zabijał
zabijać	V	fut.p3.sg.n	będzie zabijało
zabijać	V	imp.p1.pl	zabijajmy
zabijać	V	imp.p2.pl	zabijajcie
zabijać	V	imp.p2.sg	zabijaj
zabijać	V	imp.p3.pl	niech zabijają
zabijać	V	imp.p3.sg	niech zabija
zabijać	V	past.p1.pl	zabijałyśmy
zabijać	V	past.p1.pl.m.hum	zabijaliśmy
zabijać	V	past.p1.sg.f	zabijałam
zabijać	V	past.p1.sg.m	zabijałem
zabijać	V	past.p2.pl	zabijałyście
zabijać	V	past.p2.pl.m.hum	zabijaliście
zabijać	V	past.p2.sg.f	zabijałaś
zabijać	V	past.p2.sg.m	zabijałeś
zabijać	V	past.p3.pl	zabijały
zabijać	V	past.p3.pl.m.hum	zabijali
zabijać	V	past.p3.sg.f	zabijała
zabijać	V	past.p3.sg.m	zabijał
zabijać	V	past.p3.sg.n	zabijało
zabijać	V	pres.p1.pl	zabijamy
zabijać	V	pres.p1.sg	zabijam
zabijać	V	pres.p2.pl	zabijacie
zabijać	V	pres.p2.sg	zabijasz
zabijać	V	pres.p3.pl	zabijają
zabijać	V	pres.p3.sg	zabija
zabójstwo	N	pl.acc	zabójstwa
zabójstwo	N	pl.dat	zabójstwom
zabójstwo	N	pl.gen	zabójstew
zabójstwo	N	pl.ins	zabójstwami
zabójstwo	N	pl.loc	zabójstwach
zabójstwo	N	pl.nom	zabójstwa
zabójstwo	N	pl.voc	zabójstwa
zabójstwo	N	sg.acc	zabójstwo
zabójstwo	N	sg.dat	zabójstwu
zabójstwo	N	sg.gen	zabójstwa
zabójstwo	N	sg.ins	zabójstwem
zabójstwo	N	sg.loc	zabójstwie
zabójstwo	N	sg.nom	zabójstwo
zabójstwo	N	sg.voc	zabójstwo
zabrać	V	cond.p1.pl	zabrałybyśmy
zabrać	V	cond.p1.pl.m.hum	zabralibyśmy
zabrać	V	cond.p1.sg.f	zabrałabym
zabrać	V	cond.p1.sg.m	zabrałbym
zabrać	V	cond.p2.pl	zabrałybyście
zabrać	V	cond.p2.pl.m.hum	zabralibyście
zabrać	V	cond.p2.sg.f	zabrałabyś
zabrać	V	cond.p2.sg.m	zabrałbyś
zabrać	V	cond.p3.pl	zabrałyby
zabrać	V	cond.p3.pl.m.hum	zabraliby
zabrać	V	cond.p3.sg.f	zabrałaby
zabrać	V	cond.p3.sg.m	zabrałby
zabrać	V	cond.p3.sg.n	zabrałoby
zabrać	V	fut.p1.pl	zabierzemy
zabrać	V	fut.p1.sg	zabiorę
zabrać	V	fut.p2.pl	zabierzecie
zabrać	V	fut.p2.sg	zabierzesz
zabrać	V	fut.p3.pl	zabiorą
zabrać	V	fut.p3.sg	zabierze
zabrać	V	imp.p1.pl	zabierzmy
zabrać	V	imp.p1.sg	niech zabiorę
zabrać	V	imp.p2.pl	zabierzcie
zabrać	V	imp.p2.sg	zabierz
zabrać	V	imp.p3.pl	niech zabiorą
zabrać	V	imp.p3.sg	niech zabierze
zabrać	V	past.p1.pl	zabrałyśmy
zabrać	V	past.p1.pl.m.hum	zabraliśmy
zabrać	V	past.p1.sg.f	zabrałam
zabrać	V	past.p1.sg.m	zabrałem
zabrać	V	past.p2.pl	zabrałyście
zabrać	V	past.p2.pl.m.hum	zabraliście
zabrać	V	past.p2.sg.f	zabrałaś
zabrać	V	past.p2.sg.m	zabrałeś
zabrać	V	past.p3.pl	zabrały
zabrać	V	past.p3.pl.m.hum	zabrali
zabrać	V	past.p3.sg.f	zabrała
zabrać	V	past.p3.sg.m	zabrał
zabrać	V	past.p3.sg.n	zabrało
zachód	N	pl.acc	zachody
zachód	N	pl.dat	zachodom
zachód	N	pl.gen	zachodów
zachód	N	pl.ins	zachodami
zachód	N	pl.loc	zachodach
zachód	N	pl.nom	zachody
zachód	N	pl.voc	zachody
zachód	N	sg.acc	zachód
zachód	N	sg.dat	zachodowi
zachód	N	sg.gen	zachodu
zachód	N	sg.ins	zachodem
zachód	N	sg.loc	zachodzie
zachód	N	sg.nom	zachód
zachód	N	sg.voc	zachodzie
zachować	V	cond.p1.pl	zachowałybyśmy
zachować	V	cond.p1.pl.m.hum	zachowalibyśmy
zachować	V	cond.p1.sg.f	zachowałabym
zachować	V	cond.p1.sg.m	zachowałbym
zachować	V	cond.p2.pl	zachowałybyście
zachować	V	cond.p2.pl.m.hum	zachowalibyście
zachować	V	cond.p2.sg.f	zachowałabyś
zachować	V	cond.p2.sg.m	zachowałbyś
zachować	V	cond.p3.pl	zachowałyby
zachować	V	cond.p3.pl.m.hum	zachowaliby
zachować	V	cond.p3.sg.f	zachowałaby
zachować	V	cond.p3.sg.m	zachowałby
zachować	V	cond.p3.sg.n	zachowałoby
zachować	V	fut.p1.pl	zachowamy
zachować	V	fut.p1.sg	zachowam
zachować	V	fut.p2.pl	zachowacie
zachować	V	fut.p2.sg	zachowasz
zachować	V	fut.p3.pl	zachowają
zachować	V	fut.p3.sg	zachowa
zachować	V	imp.p1.pl	zachowajmy
zachować	V	imp.p1.sg	niech zachowam
zachować	V	imp.p2.pl	zachowajcie
zachować	V	imp.p2.sg	zachowaj
zachować	V	imp.p3.pl	niech zachowają
zachować	V	imp.p3.sg	niech zachowa
zachować	V	past.p1.pl	zachowałyśmy
zachować	V	past.p1.pl.m.hum	zachowaliśmy
zachować	V	past.p1.sg.f	zachowałam
zachować	V	past.p1.sg.m	zachowałem
zachować	V	past.p2.pl	zachowałyście
zachować	V	past.p2.pl.m.hum	zachowaliście
zachować	V	past.p2.sg.f	zachowałaś
zachować	V	past.p2.sg.m	zachowałeś
zachować	V	past.p3.pl	zachowały
zachować	V	past.p3.pl.m.hum	zachowali
zachować	V	past.p3.sg.f	zachowała
zachować	V	past.p3.sg.m	zachował
zachować	V	past.p3.sg.n	zachowało
zacząć	V	cond.p1.pl	zaczęłybyśmy
zacząć	V	cond.p1.pl.m.hum	zaczęlibyśmy
zacząć	V	cond.p1.sg.f	zaczęłabym
zacząć	V	cond.p1.sg.m	zacząłbym
zacząć	V	cond.p2.pl	zaczęłybyście
zacząć	V	cond.p2.pl.m.hum	zaczęlibyście
zacząć	V	cond.p2.sg.f	zaczęłabyś
zacząć	V	cond.p2.sg.m	zacząłbyś
zacząć	V	cond.p3.pl	zaczęłyby
zacząć	V	cond.p3.pl.m.hum	zaczęliby
zacząć	V	cond.p3.sg.f	zaczęłaby
zacząć	V	cond.p3.sg.m	zacząłby
zacząć	V	cond.p3.sg.n	zaczęłoby
zacząć	V	fut.p1.pl	zaczniemy
zacząć	V	fut.p1.sg	zacznę
zacząć	V	fut.p2.pl	zaczniecie
zacząć	V	fut.p2.sg	zaczniesz
zacząć	V	fut.p3.pl	zaczną
zacząć	V	fut.p3.sg	zacznie
zacząć	V	imp.p1.pl	zacznijmy
zacząć	V	imp.p1.sg	niech zacznę
zacząć	V	imp.p2.pl	zacznijcie
zacząć	V	imp.p2.sg	zacznij
zacząć	V	imp.p3.pl	niech zaczną
zacząć	V	imp.p3.sg	niech zacznie
zacząć	V	past.p1.pl	zaczęłyśmy
zacząć	V	past.p1.pl.m.hum	zaczęliśmy
zacząć	V	past.p1.sg.f	zaczęłam
zacząć	V	past.p1.sg.m	zacząłem
zacząć	V	past.p2.pl	zaczęłyście
zacząć	V	past.p2.pl.m.hum	zaczęliście
zacząć	V	past.p2.sg.f	zaczęłaś
zacząć	V	past.p2.sg.m	zacząłeś
zacząć	V	past.p3.pl	zaczęły
zacząć	V	past.p3.pl.m.hum	zaczęli
zacząć	V	past.p3.sg.f	zaczęła
zacząć	V	past.p3.sg.m	zaczął
zacząć	V	past.p3.sg.n	zaczęło
zaczekać	V	cond.p1.pl	zaczekałybyśmy
zaczekać	V	cond.p1.pl.m.hum	zaczekalibyśmy
zaczekać	V	cond.p1.sg.f	zaczekałabym
zaczekać	V	cond.p1.sg.m	zaczekałbym
zaczekać	V	cond.p2.pl	zaczekałybyście
zaczekać	V	cond.p2.pl.m.hum	zaczekalibyście
zaczekać	V	cond.p2.sg.f	zaczekałabyś
zaczekać	V	cond.p2.sg.m	zaczekałbyś
zaczekać	V	cond.p3.pl	zaczekałyby
zaczekać	V	cond.p3.pl.m.hum	zaczekaliby
zaczekać	V	cond.p3.sg.f	zaczekałaby
zaczekać	V	cond.p3.sg.m	zaczekałby
zaczekać	V	cond.p3.sg.n	zaczekałoby
zaczekać	V	fut.p1.pl	zaczekamy
zaczekać	V	fut.p1.sg	zaczekam
zaczekać	V	fut.p2.pl	zaczekacie
zaczekać	V	fut.p2.sg	zaczekasz
zaczekać	V	fut.p3.pl	zaczekają
zaczekać	V	fut.p3.sg	zaczeka
zaczekać	V	imp.p1.pl	zaczekajmy
zaczekać	V	imp.p1.sg	niech zaczekam
zaczekać	V	imp.p2.pl	zaczekajcie
zaczekać	V	imp.p2.sg	zaczekaj
zaczekać	V	imp.p3.pl	niech zaczekają
zaczekać	V	imp.p3.sg	niech zaczeka
zaczekać	V	past.p1.pl	zaczekałyśmy
zaczekać	V	past.p1.pl.m.hum	zaczekaliśmy
zaczekać	V	past.p1.sg.f	zaczekałam
zaczekać	V	past.p1.sg.m	zaczekałem
zaczekać	V	past.p2.pl	zaczekałyście
zaczekać	V	past.p2.pl.m.hum	zaczekaliście
zaczekać	V	past.p2.sg.f	zaczekałaś
zaczekać	V	past.p2.sg.m	zaczekałeś
zaczekać	V	past.p3.pl	zaczekały
zaczekać	V	past.p3.pl.m.hum	zaczekali
zaczekać	V	past.p3.sg.f	zaczekała
zaczekać	V	past.p3.sg.m	zaczekał
zaczekać	V	past.p3.sg.n	zaczekało
zaczynać	V	cond.p1.pl	zaczynałybyśmy
zaczynać	V	cond.p1.pl.m.hum	zaczynalibyśmy
zaczynać	V	cond.p1.sg.f	zaczynałabym
zaczynać	V	cond.p1.sg.m	zaczynałbym
zaczynać	V	cond.p2.pl	zaczynałybyście
zaczynać	V	cond.p2.pl.m.hum	zaczynalibyście
zaczynać	V	cond.p2.sg.f	zaczynałabyś
zaczynać	V	cond.p2.sg.m	zaczynałbyś
zaczynać	V	cond.p3.pl	zaczynałyby
zaczynać	V	cond.p3.pl.m.hum	zaczynaliby
zaczynać	V	cond.p3.sg.f	zaczynałaby
zaczynać	V	cond.p3.sg.m	zaczynałby
zaczynać	V	cond.p3.sg.n	zaczynałoby
zaczynać	V	fut.p1.pl	będziemy zaczynały
zaczynać	V	fut.p1.pl.m.hum	będziemy zaczynali
zaczynać	V	fut.p1.sg.f	będę zaczynała
zaczynać	V	fut.p1.sg.m	będę zaczynał
zaczynać	V	fut.p2.pl	będziecie zaczynały
zaczynać	V	fut.p2.pl.m.hum	będziecie zaczynali
zaczynać	V	fut.p2.sg.f	będziesz zaczynała
zaczynać	V	fut.p2.sg.m	będziesz zaczynał
zaczynać	V	fut.p3.pl	będą zaczynały
zaczynać	V	fut.p3.pl.m.hum	będą zaczynali
zaczynać	V	fut.p3.sg.f	będzie zaczynała
zaczynać	V	fut.p3.sg.m	będzie zaczynał
zaczynać	V	fut.p3.sg.n	będzie zaczynało
zaczynać	V	imp.p1.pl	zaczynajmy
zaczynać	V	imp.p2.pl	zaczynajcie
zaczynać	V	imp.p2.sg	zaczynaj
zaczynać	V	imp.p3.pl	niech zaczynają
zaczynać	V	imp.p3.sg	niech zaczyna
zaczynać	V	past.p1.pl	zaczynałyśmy
zaczynać	V	past.p1.pl.m.hum	zaczynaliśmy
zaczynać	V	past.p1.sg.f	zaczynałam
zaczynać	V	past.p1.sg.m	zaczynałem
zaczynać	V	past.p2.pl	zaczynałyście
zaczynać	V	past.p2.pl.m.hum	zaczynaliście
zaczynać	V	past.p2.sg.f	zaczynałaś
zaczynać	V	past.p2.sg.m	zaczynałeś
zaczynać	V	past.p3.pl	zaczynały
zaczynać	V	past.p3.pl.m.hum	zaczynali
zaczynać	V	past.p3.sg.f	zaczynała
zaczynać	V	past.p3.sg.m	zaczynał
zaczynać	V	past.p3.sg.n	zaczynało
zaczynać	V	pres.p1.pl	zaczynamy
zaczynać	V	pres.p1.sg	zaczynam
zaczynać	V	pres.p2.pl	zaczynacie
zaczynać	V	pres.p2.sg	zaczynasz
zaczynać	V	pres.p3.pl	zaczynają
zaczynać	V	pres.p3.sg	zaczyna
zadać	V	cond.p1.pl	zadałybyśmy
zadać	V	cond.p1.pl.m.hum	zadalibyśmy
zadać	V	cond.p1.sg.f	zadałabym
zadać	V	cond.p1.sg.m	zadałbym
zadać	V	cond.p2.pl	zadałybyście
zadać	V	cond.p2.pl.m.hum	zadalibyście
zadać	V	cond.p2.sg.f	zadałabyś
zadać	V	cond.p2.sg.m	zadałbyś
zadać	V	cond.p3.pl	zadałyby
zadać	V	cond.p3.pl.m.hum	zadaliby
zadać	V	cond.p3.sg.f	zadałaby
zadać	V	cond.p3.sg.m	zadałby
zadać	V	cond.p3.sg.n	zadałoby
zadać	V	fut.p1.pl	zadamy
zadać	V	fut.p1.sg	zadam
zadać	V	fut.p2.pl	zadacie
zadać	V	fut.p2.sg	zadasz
zadać	V	fut.p3.pl	zadadzą
zadać	V	fut.p3.sg	zada
zadać	V	imp.p1.pl	zadajmy
zadać	V	imp.p1.sg	niech zadam
zadać	V	imp.p2.pl	zadajcie
zadać	V	imp.p2.sg	zadaj
zadać	V	imp.p3.pl	niech zadadzą
zadać	V	imp.p3.sg	niech zada
zadać	V	past.p1.pl	zadałyśmy
zadać	V	past.p1.pl.m.hum	zadaliśmy
zadać	V	past.p1.sg.f	zadałam
zadać	V	past.p1.sg.m	zadałem
zadać	V	past.p2.pl	zadałyście
zadać	V	past.p2.pl.m.hum	zadaliście
zadać	V	past.p2.sg.f	zadałaś
zadać	V	past.p2.sg.m	zadałeś
zadać	V	past.p3.pl	zadały
zadać	V	past.p3.pl.m.hum	zadali
zadać	V	past.p3.sg.f	zadała
zadać	V	past.p3.sg.m	zadał
zadać	V	past.p3.sg.n	zadało
zadanie	N	pl.acc	zadania
zadanie	N	pl.dat	zadaniom
zadanie	N	pl.gen	zadań
zadanie	N	pl.ins	zadaniami
zadanie	N	pl.loc	zadaniach
zadanie	N	pl.nom	zadania
zadanie	N	pl.voc	zadania
zadanie	N	sg.acc	zadanie
zadanie	N	sg.dat	zadaniu
zadanie	N	sg.gen	zadania
zadanie	N	sg.ins	zadaniem
zadanie	N	sg.loc	zadaniu
zadanie	N	sg.nom	zadanie
zadanie	N	sg.voc	zadanie
zadzwonić	V	cond.p1.pl	zadzwoniłybyśmy
zadzwonić	V	cond.p1.pl.m.hum	zadzwonilibyśmy
zadzwonić	V	cond.p1.sg.f	zadzwoniłabym
zadzwonić	V	cond.p1.sg.m	zadzwoniłbym
zadzwonić	V	cond.p2.pl	zadzwoniłybyście
zadzwonić	V	cond.p2.pl.m.hum	zadzwonilibyście
zadzwonić	V	cond.p2.sg.f	zadzwoniłabyś
zadzwonić	V	cond.p2.sg.m	zadzwoniłbyś
zadzwonić	V	cond.p3.pl	zadzwoniłyby
zadzwonić	V	cond.p3.pl.m.hum	zadzwoniliby
zadzwonić	V	cond.p3.sg.f	zadzwoniłaby
zadzwonić	V	cond.p3.sg.m	zadzwoniłby
zadzwonić	V	cond.p3.sg.n	zadzwoniłoby
zadzwonić	V	fut.p1.pl	zadzwonimy
zadzwonić	V	fut.p1.sg	zadzwonię
zadzwonić	V	fut.p2.pl	zadzwonicie
zadzwonić	V	fut.p2.sg	zadzwonisz
zadzwonić	V	fut.p3.pl	zadzwonią
zadzwonić	V	fut.p3.sg	zadzwoni
zadzwonić	V	imp.p1.pl	zadzwońmy
zadzwonić	V	imp.p1.sg	niech zadzwonię
zadzwonić	V	imp.p2.pl	zadzwońcie
zadzwonić	V	imp.p2.sg	zadzwoń
zadzwonić	V	imp.p3.pl	niech zadzwonią
zadzwonić	V	imp.p3.sg	niech zadzwoni
zadzwonić	V	past.p1.pl	zadzwoniłyśmy
zadzwonić	V	past.p1.pl.m.hum	zadzwoniliśmy
zadzwonić	V	past.p1.sg.f	zadzwoniłam
zadzwonić	V	past.p1.sg.m	zadzwoniłem
zadzwonić	V	past.p2.pl	zadzwoniłyście
zadzwonić	V	past.p2.pl.m.hum	zadzwoniliście
zadzwonić	V	past.p2.sg.f	zadzwoniłaś
zadzwonić	V	past.p2.sg.m	zadzwoniłeś
zadzwonić	V	past.p3.pl	zadzwoniły
zadzwonić	V	past.p3.pl.m.hum	zadzwonili
zadzwonić	V	past.p3.sg.f	zadzwoniła
zadzwonić	V	past.p3.sg.m	zadzwonił
zadzwonić	V	past.p3.sg.n	zadzwoniło
zajęcie	N	pl.acc	zajęcia
zajęcie	N	pl.dat	zajęciom
zajęcie	N	pl.gen	zajęć
zajęcie	N	pl.ins	zajęciami
zajęcie	N	pl.loc	zajęciach
zajęcie	N	pl.nom	zajęcia
zajęcie	N	pl.voc	zajęcia
zajęcie	N	sg.acc	zajęcie
zajęcie	N	sg.dat	zajęciu
zajęcie	N	sg.gen	zajęcia
zajęcie	N	sg.ins	zajęciem
zajęcie	N	sg.loc	zajęciu
zajęcie	N	sg.nom	zajęcie
zajęcie	N	sg.voc	zajęcie
zakład	N	pl.acc	zakłady
zakład	N	pl.dat	zakładom
zakład	N	pl.gen	zakładów
zakład	N	pl.ins	zakładami
zakład	N	pl.loc	zakładach
zakład	N	pl.nom	zakłady
zakład	N	pl.voc	zakłady
zakład	N	sg.acc	zakład
zakład	N	sg.dat	zakładowi
zakład	N	sg.gen	zakładu
zakład	N	sg.ins	zakładem
zakład	N	sg.loc	zakładzie
zakład	N	sg.nom	zakład
zakład	N	sg.voc	zakładzie
zakładać	V	cond.p1.pl	zakładałybyśmy
zakładać	V	cond.p1.pl.m.hum	zakładalibyśmy
zakładać	V	cond.p1.sg.f	zakładałabym
zakładać	V	cond.p1.sg.m	zakładałbym
zakładać	V	cond.p2.pl	zakładałybyście
zakładać	V	cond.p2.pl.m.hum	zakładalibyście
zakładać	V	cond.p2.sg.f	zakładałabyś
zakładać	V	cond.p2.sg.m	zakładałbyś
zakładać	V	cond.p3.pl	zakładałyby
zakładać	V	cond.p3.pl.m.hum	zakładaliby
zakładać	V	cond.p3.sg.f	zakładałaby
zakładać	V	cond.p3.sg.m	zakładałby
zakładać	V	cond.p3.sg.n	zakładałoby
zakładać	V	fut.p1.pl	będziemy zakładały
zakładać	V	fut.p1.pl.m.hum	będziemy zakładali
zakładać	V	fut.p1.sg.f	będę zakładała
zakładać	V	fut.p1.sg.m	będę zakładał
zakładać	V	fut.p2.pl	będziecie zakładały
zakładać	V	fut.p2.pl.m.hum	będziecie zakładali
zakładać	V	fut.p2.sg.f	będziesz zakładała
zakładać	V	fut.p2.sg.m	będziesz zakładał
zakładać	V	fut.p3.pl	będą zakładały
zakładać	V	fut.p3.pl.m.hum	będą zakładali
zakładać	V	fut.p3.sg.f	będzie zakładała
zakładać	V	fut.p3.sg.m	będzie zakładał
zakładać	V	fut.p3.sg.n	będzie zakładało
zakładać	V	imp.p1.pl	zakładajmy
zakładać	V	imp.p2.pl	zakładajcie
zakładać	V	imp.p2.sg	zakładaj
zakładać	V	imp.p3.pl	niech zakładają
zakładać	V	imp.p3.sg	niech zakłada
zakładać	V	past.p1.pl	zakładałyśmy
zakładać	V	past.p1.pl.m.hum	zakładaliśmy
zakładać	V	past.p1.sg.f	zakładałam
zakładać	V	past.p1.sg.m	zakładałem
zakładać	V	past.p2.pl	zakładałyście
zakładać	V	past.p2.pl.m.hum	zakładaliście
zakładać	V	past.p2.sg.f	zakładałaś
zakładać	V	past.p2.sg.m	zakładałeś
zakładać	V	past.p3.pl	zakładały
zakładać	V	past.p3.pl.m.hum	zakładali
zakładać	V	past.p3.sg.f	zakładała
zakładać	V	past.p3.sg.m	zakładał
zakładać	V	past.p3.sg.n	zakładało
zakładać	V	pres.p1.pl	zakładamy
zakładać	V	pres.p1.sg	zakładam
zakładać	V	pres.p2.pl	zakładacie
zakładać	V	pres.p2.sg	zakładasz
zakładać	V	pres.p3.pl	zakładają
zakładać	V	pres.p3.sg	zakłada
żałosny	A	pl.acc	żałosne
żałosny	A	pl.dat	żałosnym
żałosny	A	pl.gen	żałosnych
żałosny	A	pl.ins	żałosnymi
żałosny	A	pl.loc	żałosnych
żałosny	A	pl.m.hum.acc	żałosnych
żałosny	A	pl.m.hum.nom	żałośni
żałosny	A	pl.nom	żałosne
żałosny	A	sg.f.acc	żałosną
żałosny	A	sg.f.dat	żałosnej
żałosny	A	sg.f.gen	żałosnej
żałosny	A	sg.f.ins	żałosną
żałosny	A	sg.f.loc	żałosnej
żałosny	A	sg.f.nom	żałosna
żałosny	A	sg.m.anim.acc	żałosnego
żałosny	A	sg.m.dat	żałosnemu
żałosny	A	sg.m.gen	żałosnego
żałosny	A	sg.m.hum.acc	żałosnego
żałosny	A	sg.m.inan.acc	żałosny
żałosny	A	sg.m.ins	żałosnym
żałosny	A	sg.m.loc	żałosnym
żałosny	A	sg.m.nom	żałosny
żałosny	A	sg.n.acc	żałosne
żałosny	A	sg.n.dat	żałosnemu
żałosny	A	sg.n.gen	żałosnego
żałosny	A	sg.n.ins	żałosnym
żałosny	A	sg.n.loc	żałosnym
żałosny	A	sg.n.nom	żałosne
żałować	V	cond.p1.pl	żałowałybyśmy
żałować	V	cond.p1.pl.m.hum	żałowalibyśmy
żałować	V	cond.p1.sg.f	żałowałabym
żałować	V	cond.p1.sg.m	żałowałbym
żałować	V	cond.p2.pl	żałowałybyście
żałować	V	cond.p2.pl.m.hum	żałowalibyście
żałować	V	cond.p2.sg.f	żałowałabyś
żałować	V	cond.p2.sg.m	żałowałbyś
żałować	V	cond.p3.pl	żałowałyby
żałować	V	cond.p3.pl.m.hum	żałowaliby
żałować	V	cond.p3.sg.f	żałowałaby
żałować	V	cond.p3.sg.m	żałowałby
żałować	V	cond.p3.sg.n	żałowałoby
żałować	V	fut.p1.pl	będziemy żałowały
żałować	V	fut.p1.pl.m.hum	będziemy żałowali
żałować	V	fut.p1.sg.f	będę żałowała
żałować	V	fut.p1.sg.m	będę żałował
żałować	V	fut.p2.pl	będziecie żałowały
żałować	V	fut.p2.pl.m.hum	będziecie żałowali
żałować	V	fut.p2.sg.f	będziesz żałowała
żałować	V	fut.p2.sg.m	będziesz żałował
żałować	V	fut.p3.pl	będą żałowały
żałować	V	fut.p3.pl.m.hum	będą żałowali
żałować	V	fut.p3.sg.f	będzie żałowała
żałować	V	fut.p3.sg.m	będzie żałował
żałować	V	fut.p3.sg.n	będzie żałowało
żałować	V	imp.p1.pl	żałujmy
żałować	V	imp.p2.pl	żałujcie
żałować	V	imp.p2.sg	żałuj
żałować	V	imp.p3.pl	niech żałują
żałować	V	imp.p3.sg	niech żałuje
żałować	V	past.p1.pl	żałowałyśmy
żałować	V	past.p1.pl.m.hum	żałowaliśmy
żałować	V	past.p1.sg.f	żałowałam
żałować	V	past.p1.sg.m	żałowałem
żałować	V	past.p2.pl	żałowałyście
żałować	V	past.p2.pl.m.hum	żałowaliście
żałować	V	past.p2.sg.f	żałowałaś
żałować	V	past.p2.sg.m	żałowałeś
żałować	V	past.p3.pl	żałowały
żałować	V	past.p3.pl.m.hum	żałowali
żałować	V	past.p3.sg.f	żałowała
żałować	V	past.p3.sg.m	żałował
żałować	V	past.p3.sg.n	żałowało
żałować	V	pres.p1.pl	żałujemy
żałować	V	pres.p1.sg	żałuję
żałować	V	pres.p2.pl	żałujecie
żałować	V	pres.p2.sg	żałujesz
żałować	V	pres.p3.pl	żałują
żałować	V	pres.p3.sg	żałuje
założyć	V	cond.p1.pl	zakładałybyśmy
założyć	V	cond.p1.pl.m.hum	zakładalibyśmy
założyć	V	cond.p1.sg.f	zakładałabym
założyć	V	cond.p1.sg.m	zakładałbym
założyć	V	cond.p2.pl	zakładałybyście
założyć	V	cond.p2.pl.m.hum	zakładalibyście
założyć	V	cond.p2.sg.f	zakładałabyś
założyć	V	cond.p2.sg.m	zakładałbyś
założyć	V	cond.p3.pl	zakładałyby
założyć	V	cond.p3.pl.m.hum	zakładaliby
założyć	V	cond.p3.sg.f	zakładałaby
założyć	V	cond.p3.sg.m	zakładałby
założyć	V	cond.p3.sg.n	zakładałoby
założyć	V	fut.p1.pl	zakładamy
założyć	V	fut.p1.sg	zakładam
założyć	V	fut.p2.pl	zakładacie
założyć	V	fut.p2.sg	zakładasz
założyć	V	fut.p3.pl	zakładają
założyć	V	fut.p3.sg	zakłada
założyć	V	imp.p1.pl	zakładajmy
założyć	V	imp.p1.sg	niech zakładam
założyć	V	imp.p2.pl	zakładajcie
założyć	V	imp.p2.sg	zakładaj
założyć	V	imp.p3.pl	niech zakładają
założyć	V	imp.p3.sg	niech zakłada
założyć	V	past.p1.pl	zakładałyśmy
założyć	V	past.p1.pl.m.hum	zakładaliśmy
założyć	V	past.p1.sg.f	zakładałam
założyć	V	past.p1.sg.m	zakładałem
założyć	V	past.p2.pl	zakładałyście
założyć	V	past.p2.pl.m.hum	zakładaliście
założyć	V	past.p2.sg.f	zakładałaś
założyć	V	past.p2.sg.m	zakładałeś
założyć	V	past.p3.pl	zakładały
założyć	V	past.p3.pl.m.hum	zakładali
założyć	V	past.p3.sg.f	zakładała
założyć	V	past.p3.sg.m	zakładał
założyć	V	past.p3.sg.n	zakładało
zamknąć	V	cond.p1.pl	zamknęłybyśmy
zamknąć	V	cond.p1.pl.m.hum	zamknęlibyśmy
zamknąć	V	cond.p1.sg.f	zamknęłabym
zamknąć	V	cond.p1.sg.m	zamknąłbym
zamknąć	V	cond.p2.pl	zamknęłybyście
zamknąć	V	cond.p2.pl.m.hum	zamknęlibyście
zamknąć	V	cond.p2.sg.f	zamknęłabyś
zamknąć	V	cond.p2.sg.m	zamknąłbyś
zamknąć	V	cond.p3.pl	zamknęłyby
zamknąć	V	cond.p3.pl.m.hum	zamknęliby
zamknąć	V	cond.p3.sg.f	zamknęłaby
zamknąć	V	cond.p3.sg.m	zamknąłby
zamknąć	V	cond.p3.sg.n	zamknęłoby
zamknąć	V	fut.p1.pl	zamkniemy
zamknąć	V	fut.p1.sg	zamknę
zamknąć	V	fut.p2.pl	zamkniecie
zamknąć	V	fut.p2.sg	zamkniesz
zamknąć	V	fut.p3.pl	zamkną
zamknąć	V	fut.p3.sg	zamknie
zamknąć	V	imp.p1.pl	zamknijmy
zamknąć	V	imp.p1.sg	niech zamknę
zamknąć	V	imp.p2.pl	zamknijcie
zamknąć	V	imp.p2.sg	zamknij
zamknąć	V	imp.p3.pl	niech zamkną
zamknąć	V	imp.p3.sg	niech zamknie
zamknąć	V	past.p1.pl	zamknęłyśmy
zamknąć	V	past.p1.pl.m.hum	zamknęliśmy
zamknąć	V	past.p1.sg.f	zamknęłam
zamknąć	V	past.p1.sg.m	zamknąłem
zamknąć	V	past.p2.pl	zamknęłyście
zamknąć	V	past.p2.pl.m.hum	zamknęliście
zamknąć	V	past.p2.sg.f	zamknęłaś
zamknąć	V	past.p2.sg.m	zamknąłeś
zamknąć	V	past.p3.pl	zamknęły
zamknąć	V	past.p3.pl.m.hum	zamknęli
zamknąć	V	past.p3.sg.f	zamknęła
zamknąć	V	past.p3.sg.m	zamknął
zamknąć	V	past.p3.sg.n	zamknęło
zamordować	V	cond.p1.pl	zamordowałybyśmy
zamordować	V	cond.p1.pl.m.hum	zamordowalibyśmy
zamordować	V	cond.p1.sg.f	zamordowałabym
zamordować	V	cond.p1.sg.m	zamordowałbym
zamordować	V	cond.p2.pl	zamordowałybyście
zamordować	V	cond.p2.pl.m.hum	zamordowalibyście
zamordować	V	cond.p2.sg.f	zamordowałabyś
zamordować	V	cond.p2.sg.m	zamordowałbyś
zamordować	V	cond.p3.pl	zamordowałyby
zamordować	V	cond.p3.pl.m.hum	zamordowaliby
zamordować	V	cond.p3.sg.f	zamordowałaby
zamordować	V	cond.p3.sg.m	zamordowałby
zamordować	V	cond.p3.sg.n	zamordowałoby
zamordować	V	fut.p1.pl	zamordujemy
zamordować	V	fut.p1.sg	zamorduję
zamordować	V	fut.p2.pl	zamordujecie
zamordować	V	fut.p2.sg	zamordujesz
zamordować	V	fut.p3.pl	zamordują
zamordować	V	fut.p3.sg	zamorduje
zamordować	V	imp.p1.pl	zamordujmy
zamordować	V	imp.p1.sg	niech zamorduję
zamordować	V	imp.p2.pl	zamordujcie
zamordować	V	imp.p2.sg	zamorduj
zamordować	V	imp.p3.pl	niech zamordują
zamordować	V	imp.p3.sg	niech zamorduje
zamordować	V	past.p1.pl	zamordowałyśmy
zamordować	V	past.p1.pl.m.hum	zamordowaliśmy
zamordować	V	past.p1.sg.f	zamordowałam
zamordować	V	past.p1.sg.m	zamordowałem
zamordować	V	past.p2.pl	zamordowałyście
zamordować	V	past.p2.pl.m.hum	zamordowaliście
zamordować	V	past.p2.sg.f	zamordowałaś
zamordować	V	past.p2.sg.m	zamordowałeś
zamordować	V	past.p3.pl	zamordowały
zamordować	V	past.p3.pl.m.hum	zamordowali
zamordować	V	past.p3.sg.f	zamordowała
zamordować	V	past.p3.sg.m	zamordował
zamordować	V	past.p3.sg.n	zamordowało
zamówić	V	cond.p1.pl	zamówiłybyśmy
zamówić	V	cond.p1.pl.m.hum	zamówilibyśmy
zamówić	V	cond.p1.sg.f	zamówiłabym
zamówić	V	cond.p1.sg.m	zamówiłbym
zamówić	V	cond.p2.pl	zamówiłybyście
zamówić	V	cond.p2.pl.m.hum	zamówilibyście
zamówić	V	cond.p2.sg.f	zamówiłabyś
zamówić	V	cond.p2.sg.m	zamówiłbyś
zamówić	V	cond.p3.pl	zamówiłyby
zamówić	V	cond.p3.pl.m.hum	zamówiliby
zamówić	V	cond.p3.sg.f	zamówiłaby
zamówić	V	cond.p3.sg.m	zamówiłby
zamówić	V	cond.p3.sg.n	zamówiłoby
zamówić	V	fut.p1.pl	zamówimy
zamówić	V	fut.p1.sg	zamówię
zamówić	V	fut.p2.pl	zamówicie
zamówić	V	fut.p2.sg	zamówisz
zamówić	V	fut.p3.pl	zamówią
zamówić	V	fut.p3.sg	zamówi
zamówić	V	imp.p1.pl	zamówmy
zamówić	V	imp.p1.sg	niech zamówię
zamówić	V	imp.p2.pl	zamówcie
zamówić	V	imp.p2.sg	zamów
zamówić	V	imp.p3.pl	niech zamówią
zamówić	V	imp.p3.sg	niech zamówi
zamówić	V	past.p1.pl	zamówiłyśmy
zamówić	V	past.p1.pl.m.hum	zamówiliśmy
zamówić	V	past.p1.sg.f	zamówiłam
zamówić	V	past.p1.sg.m	zamówiłem
zamówić	V	past.p2.pl	zamówiłyście
zamówić	V	past.p2.pl.m.hum	zamówiliście
zamówić	V	past.p2.sg.f	zamówiłaś
zamówić	V	past.p2.sg.m	zamówiłeś
zamówić	V	past.p3.pl	zamówiły
zamówić	V	past.p3.pl.m.hum	zamówili
zamówić	V	past.p3.sg.f	zamówiła
zamówić	V	past.p3.sg.m	zamówił
zamówić	V	past.p3.sg.n	zamówiło
zamykać	V	cond.p1.pl	zamykałybyśmy
zamykać	V	cond.p1.pl.m.hum	zamykalibyśmy
zamykać	V	cond.p1.sg.f	zamykałabym
zamykać	V	cond.p1.sg.m	zamykałbym
zamykać	V	cond.p2.pl	zamykałybyście
zamykać	V	cond.p2.pl.m.hum	zamykalibyście
zamykać	V	cond.p2.sg.f	zamykałabyś
zamykać	V	cond.p2.sg.m	zamykałbyś
zamykać	V	cond.p3.pl	zamykałyby
zamykać	V	cond.p3.pl.m.hum	zamykaliby
zamykać	V	cond.p3.sg.f	zamykałaby
zamykać	V	cond.p3.sg.m	zamykałby
zamykać	V	cond.p3.sg.n	zamykałoby
zamykać	V	fut.p1.pl	będziemy zamykały
zamykać	V	fut.p1.pl.m.hum	będziemy zamykali
zamykać	V	fut.p1.sg.f	będę zamykała
zamykać	V	fut.p1.sg.m	będę zamykał
zamykać	V	fut.p2.pl	będziecie zamykały
zamykać	V	fut.p2.pl.m.hum	będziecie zamykali
zamykać	V	fut.p2.sg.f	będziesz zamykała
zamykać	V	fut.p2.sg.m	będziesz zamykał
zamykać	V	fut.p3.pl	będą zamykały
zamykać	V	fut.p3.pl.m.hum	będą zamykali
zamykać	V	fut.p3.sg.f	będzie zamykała
zamykać	V	fut.p3.sg.m	będzie zamykał
zamykać	V	fut.p3.sg.n	będzie zamykało
zamykać	V	imp.p1.pl	zamykajmy
zamykać	V	imp.p2.pl	zamykajcie
zamykać	V	imp.p2.sg	zamykaj
zamykać	V	imp.p3.pl	niech zamykają
zamykać	V	imp.p3.sg	niech zamyka
zamykać	V	past.p1.pl	zamykałyśmy
zamykać	V	past.p1.pl.m.hum	zamykaliśmy
zamykać	V	past.p1.sg.f	zamykałam
zamykać	V	past.p1.sg.m	zamykałem
zamykać	V	past.p2.pl	zamykałyście
zamykać	V	past.p2.pl.m.hum	zamykaliście
zamykać	V	past.p2.sg.f	zamykałaś
zamykać	V	past.p2.sg.m	zamykałeś
zamykać	V	past.p3.pl	zamykały
zamykać	V	past.p3.pl.m.hum	zamykali
zamykać	V	past.p3.sg.f	zamykała
zamykać	V	past.p3.sg.m	zamykał
zamykać	V	past.p3.sg.n	zamykało
zamykać	V	pres.p1.pl	zamykamy
zamykać	V	pres.p1.sg	zamykam
zamykać	V	pres.p2.pl	zamykacie
zamykać	V	pres.p2.sg	zamykasz
zamykać	V	pres.p3.pl	zamykają
zamykać	V	pres.p3.sg	zamyka
zapach	N	pl.acc	zapachy
zapach	N	pl.dat	zapachom
zapach	N	pl.gen	zapachów
zapach	N	pl.ins	zapachami
zapach	N	pl.loc	zapachach
zapach	N	pl.nom	zapachy
zapach	N	pl.voc	zapachy
zapach	N	sg.acc	zapach
zapach	N	sg.dat	zapachowi
zapach	N	sg.gen	zapachu
zapach	N	sg.ins	zapachem
zapach	N	sg.loc	zapachu
zapach	N	sg.nom	zapach
zapach	N	sg.voc	zapachu
zapalić	V	cond.p1.pl	zapaliłybyśmy
zapalić	V	cond.p1.pl.m.hum	zapalilibyśmy
zapalić	V	cond.p1.sg.f	zapaliłabym
zapalić	V	cond.p1.sg.m	zapaliłbym
zapalić	V	cond.p2.pl	zapaliłybyście
zapalić	V	cond.p2.pl.m.hum	zapalilibyście
zapalić	V	cond.p2.sg.f	zapaliłabyś
zapalić	V	cond.p2.sg.m	zapaliłbyś
zapalić	V	cond.p3.pl	zapaliłyby
zapalić	V	cond.p3.pl.m.hum	zapaliliby
zapalić	V	cond.p3.sg.f	zapaliłaby
zapalić	V	cond.p3.sg.m	zapaliłby
zapalić	V	cond.p3.sg.n	zapaliłoby
zapalić	V	fut.p1.pl	zapalimy
zapalić	V	fut.p1.sg	zapalę
zapalić	V	fut.p2.pl	zapalicie
zapalić	V	fut.p2.sg	zapalisz
zapalić	V	fut.p3.pl	zapalą
zapalić	V	fut.p3.sg	zapali
zapalić	V	imp.p1.pl	zapalmy
zapalić	V	imp.p1.sg	niech zapalę
zapalić	V	imp.p2.pl	zapalcie
zapalić	V	imp.p2.sg	zapal
zapalić	V	imp.p3.pl	niech zapalą
zapalić	V	imp.p3.sg	niech zapali
zapalić	V	past.p1.pl	zapaliłyśmy
zapalić	V	past.p1.pl.m.hum	zapaliliśmy
zapalić	V	past.p1.sg.f	zapaliłam
zapalić	V	past.p1.sg.m	zapaliłem
zapalić	V	past.p2.pl	zapaliłyście
zapalić	V	past.p2.pl.m.hum	zapaliliście
zapalić	V	past.p2.sg.f	zapaliłaś
zapalić	V	past.p2.sg.m	zapaliłeś
zapalić	V	past.p3.pl	zapaliły
zapalić	V	past.p3.pl.m.hum	zapalili
zapalić	V	past.p3.sg.f	zapaliła
zapalić	V	past.p3.sg.m	zapalił
zapalić	V	past.p3.sg.n	zapaliło
zapamiętać	V	cond.p1.pl	zapamiętałybyśmy
zapamiętać	V	cond.p1.pl.m.hum	zapamiętalibyśmy
zapamiętać	V	cond.p1.sg.f	zapamiętałabym
zapamiętać	V	cond.p1.sg.m	zapamiętałbym
zapamiętać	V	cond.p2.pl	zapamiętałybyście
zapamiętać	V	cond.p2.pl.m.hum	zapamiętalibyście
zapamiętać	V	cond.p2.sg.f	zapamiętałabyś
zapamiętać	V	cond.p2.sg.m	zapamiętałbyś
zapamiętać	V	cond.p3.pl	zapamiętałyby
zapamiętać	V	cond.p3.pl.m.hum	zapamiętaliby
zapamiętać	V	cond.p3.sg.f	zapamiętałaby
zapamiętać	V	cond.p3.sg.m	zapamiętałby
zapamiętać	V	cond.p3.sg.n	zapamiętałoby
zapamiętać	V	fut.p1.pl	zapamiętamy
zapamiętać	V	fut.p1.sg	zapamiętam
zapamiętać	V	fut.p2.pl	zapamiętacie
zapamiętać	V	fut.p2.sg	zapamiętasz
zapamiętać	V	fut.p3.pl	zapamiętają
zapamiętać	V	fut.p3.sg	zapamięta
zapamiętać	V	imp.p1.pl	zapamiętajmy
zapamiętać	V	imp.p1.sg	niech zapamiętam
zapamiętać	V	imp.p2.pl	zapamiętajcie
zapamiętać	V	imp.p2.sg	zapamiętaj
zapamiętać	V	imp.p3.pl	niech zapamiętają
zapamiętać	V	imp.p3.sg	niech zapamięta
zapamiętać	V	past.p1.pl	zapamiętałyśmy
zapamiętać	V	past.p1.pl.m.hum	zapamiętaliśmy
zapamiętać	V	past.p1.sg.f	zapamiętałam
zapamiętać	V	past.p1.sg.m	zapamiętałem
zapamiętać	V	past.p2.pl	zapamiętałyście
zapamiętać	V	past.p2.pl.m.hum	zapamiętaliście
zapamiętać	V	past.p2.sg.f	zapamiętałaś
zapamiętać	V	past.p2.sg.m	zapamiętałeś
zapamiętać	V	past.p3.pl	zapamiętały
zapamiętać	V	past.p3.pl.m.hum	zapamiętali
zapamiętać	V	past.p3.sg.f	zapamiętała
zapamiętać	V	past.p3.sg.m	zapamiętał
zapamiętać	V	past.p3.sg.n	zapamiętało
zapłacić	V	cond.p1.pl	zapłaciłybyśmy
zapłacić	V	cond.p1.pl.m.hum	zapłacilibyśmy
zapłacić	V	cond.p1.sg.f	zapłaciłabym
zapłacić	V	cond.p1.sg.m	zapłaciłbym
zapłacić	V	cond.p2.pl	zapłaciłybyście
zapłacić	V	cond.p2.pl.m.hum	zapłacilibyście
zapłacić	V	cond.p2.sg.f	zapłaciłabyś
zapłacić	V	cond.p2.sg.m	zapłaciłbyś
zapłacić	V	cond.p3.pl	zapłaciłyby
zapłacić	V	cond.p3.pl.m.hum	zapłaciliby
zapłacić	V	cond.p3.sg.f	zapłaciłaby
zapłacić	V	cond.p3.sg.m	zapłaciłby
zapłacić	V	cond.p3.sg.n	zapłaciłoby
zapłacić	V	fut.p1.pl	zapłacimy
zapłacić	V	fut.p1.sg	zapłacę
zapłacić	V	fut.p2.pl	zapłacicie
zapłacić	V	fut.p2.sg	zapłacisz
zapłacić	V	fut.p3.pl	zapłacą
zapłacić	V	fut.p3.sg	zapłaci
zapłacić	V	imp.p1.pl	zapłaćmy
zapłacić	V	imp.p1.sg	niech zapłacę
zapłacić	V	imp.p2.pl	zapłaćcie
zapłacić	V	imp.p2.sg	zapłać
zapłacić	V	imp.p3.pl	niech zapłacą
zapłacić	V	imp.p3.sg	niech zapłaci
zapłacić	V	past.p1.pl	zapłaciłyśmy
zapłacić	V	past.p1.pl.m.hum	zapłaciliśmy
zapłacić	V	past.p1.sg.f	zapłaciłam
zapłacić	V	past.p1.sg.m	zapłaciłem
zapłacić	V	past.p2.pl	zapłaciłyście
zapłacić	V	past.p2.pl.m.hum	zapłaciliście
zapłacić	V	past.p2.sg.f	zapłaciłaś
zapłacić	V	past.p2.sg.m	zapłaciłeś
zapłacić	V	past.p3.pl	zapłaciły
zapłacić	V	past.p3.pl.m.hum	zapłacili
zapłacić	V	past.p3.sg.f	zapłaciła
zapłacić	V	past.p3.sg.m	zapłacił
zapłacić	V	past.p3.sg.n	zapłaciło
zapominać	V	cond.p1.pl	zapominałybyśmy
zapominać	V	cond.p1.pl.m.hum	zapominalibyśmy
zapominać	V	cond.p1.sg.f	zapominałabym
zapominać	V	cond.p1.sg.m	zapominałbym
zapominać	V	cond.p2.pl	zapominałybyście
zapominać	V	cond.p2.pl.m.hum	zapominalibyście
zapominać	V	cond.p2.sg.f	zapominałabyś
zapominać	V	cond.p2.sg.m	zapominałbyś
zapominać	V	cond.p3.pl	zapominałyby
zapominać	V	cond.p3.pl.m.hum	zapominaliby
zapominać	V	cond.p3.sg.f	zapominałaby
zapominać	V	cond.p3.sg.m	zapominałby
zapominać	V	cond.p3.sg.n	zapominałoby
zapominać	V	fut.p1.pl	będziemy zapominały
zapominać	V	fut.p1.pl.m.hum	będziemy zapominali
zapominać	V	fut.p1.sg.f	będę zapominała
zapominać	V	fut.p1.sg.m	będę zapominał
zapominać	V	fut.p2.pl	będziecie zapominały
zapominać	V	fut.p2.pl.m.hum	będziecie zapominali
zapominać	V	fut.p2.sg.f	będziesz zapominała
zapominać	V	fut.p2.sg.m	będziesz zapominał
zapominać	V	fut.p3.pl	będą zapominały
zapominać	V	fut.p3.pl.m.hum	będą zapominali
zapominać	V	fut.p3.sg.f	będzie zapominała
zapominać	V	fut.p3.sg.m	będzie zapominał
zapominać	V	fut.p3.sg.n	będzie zapominało
zapominać	V	imp.p1.pl	zapominajmy
zapominać	V	imp.p2.pl	zapominajcie
zapominać	V	imp.p2.sg	zapominaj
zapominać	V	imp.p3.pl	niech zapominają
zapominać	V	imp.p3.sg	niech zapomina
zapominać	V	past.p1.pl	zapominałyśmy
zapominać	V	past.p1.pl.m.hum	zapominaliśmy
zapominać	V	past.p1.sg.f	zapominałam
zapominać	V	past.p1.sg.m	zapominałem
zapominać	V	past.p2.pl	zapominałyście
zapominać	V	past.p2.pl.m.hum	zapominaliście
zapominać	V	past.p2.sg.f	zapominałaś
zapominać	V	past.p2.sg.m	zapominałeś
zapominać	V	past.p3.pl	zapominały
zapominać	V	past.p3.pl.m.hum	zapominali
zapominać	V	past.p3.sg.f	zapominała
zapominać	V	past.p3.sg.m	zapominał
zapominać	V	past.p3.sg.n	zapominało
zapominać	V	pres.p1.pl	zapominamy
zapominać	V	pres.p1.sg	zapominam
zapominać	V	pres.p2.pl	zapominacie
zapominać	V	pres.p2.sg	zapominasz
zapominać	V	pres.p3.pl	zapominają
zapominać	V	pres.p3.sg	zapomina
zapomnieć	V	cond.p1.pl	zapomniałybyśmy
zapomnieć	V	cond.p1.pl.m.hum	zapomnielibyśmy
zapomnieć	V	cond.p1.sg.f	zapomniałabym
zapomnieć	V	cond.p1.sg.m	zapomniałbym
zapomnieć	V	cond.p2.pl	zapomniałybyście
zapomnieć	V	cond.p2.pl.m.hum	zapomnielibyście
zapomnieć	V	cond.p2.sg.f	zapomniałabyś
zapomnieć	V	cond.p2.sg.m	zapomniałbyś
zapomnieć	V	cond.p3.pl	zapomniałyby
zapomnieć	V	cond.p3.pl.m.hum	zapomnieliby
zapomnieć	V	cond.p3.sg.f	zapomniałaby
zapomnieć	V	cond.p3.sg.m	zapomniałby
zapomnieć	V	cond.p3.sg.n	zapomniałoby
zapomnieć	V	fut.p1.pl	zapomnimy
zapomnieć	V	fut.p1.sg	zapomnę
zapomnieć	V	fut.p2.pl	zapomnicie
zapomnieć	V	fut.p2.sg	zapomnisz
zapomnieć	V	fut.p3.pl	zapomną
zapomnieć	V	fut.p3.sg	zapomni
zapomnieć	V	imp.p1.pl	zapomnijmy
zapomnieć	V	imp.p1.sg	niech zapomnę
zapomnieć	V	imp.p2.pl	zapomnijcie
zapomnieć	V	imp.p2.sg	zapomnij
zapomnieć	V	imp.p3.pl	niech zapomną
zapomnieć	V	imp.p3.sg	niech zapomni
zapomnieć	V	past.p1.pl	zapomniałyśmy
zapomnieć	V	past.p1.pl.m.hum	zapomnieliśmy
zapomnieć	V	past.p1.sg.f	zapomniałam
zapomnieć	V	past.p1.sg.m	zapomniałem
zapomnieć	V	past.p2.pl	zapomniałyście
zapomnieć	V	past.p2.pl.m.hum	zapomnieliście
zapomnieć	V	past.p2.sg.f	zapomniałaś
zapomnieć	V	past.p2.sg.m	zapomniałeś
zapomnieć	V	past.p3.pl	zapomniały
zapomnieć	V	past.p3.pl.m.hum	zapomnieli
zapomnieć	V	past.p3.sg.f	zapomniała
zapomnieć	V	past.p3.sg.m	zapomniał
zapomnieć	V	past.p3.sg.n	zapomniało
zapraszać	V	cond.p1.pl	zapraszałybyśmy
zapraszać	V	cond.p1.pl.m.hum	zapraszalibyśmy
zapraszać	V	cond.p1.sg.f	zapraszałabym
zapraszać	V	cond.p1.sg.m	zapraszałbym
zapraszać	V	cond.p2.pl	zapraszałybyście
zapraszać	V	cond.p2.pl.m.hum	zapraszalibyście
zapraszać	V	cond.p2.sg.f	zapraszałabyś
zapraszać	V	cond.p2.sg.m	zapraszałbyś
zapraszać	V	cond.p3.pl	zapraszałyby
zapraszać	V	cond.p3.pl.m.hum	zapraszaliby
zapraszać	V	cond.p3.sg.f	zapraszałaby
zapraszać	V	cond.p3.sg.m	zapraszałby
zapraszać	V	cond.p3.sg.n	zapraszałoby
zapraszać	V	fut.p1.pl	będziemy zapraszały
zapraszać	V	fut.p1.pl.m.hum	będziemy zapraszali
zapraszać	V	fut.p1.sg.f	będę zapraszała
zapraszać	V	fut.p1.sg.m	będę zapraszał
zapraszać	V	fut.p2.pl	będziecie zapraszały
zapraszać	V	fut.p2.pl.m.hum	będziecie zapraszali
zapraszać	V	fut.p2.sg.f	będziesz zapraszała
zapraszać	V	fut.p2.sg.m	będziesz zapraszał
zapraszać	V	fut.p3.pl	będą zapraszały
zapraszać	V	fut.p3.pl.m.hum	będą zapraszali
zapraszać	V	fut.p3.sg.f	będzie zapraszała
zapraszać	V	fut.p3.sg.m	będzie zapraszał
zapraszać	V	fut.p3.sg.n	będzie zapraszało
zapraszać	V	imp.p1.pl	zapraszajmy
zapraszać	V	imp.p2.pl	zapraszajcie
zapraszać	V	imp.p2.sg	zapraszaj
zapraszać	V	imp.p3.pl	niech zapraszają
zapraszać	V	imp.p3.sg	niech zaprasza
zapraszać	V	past.p1.pl	zapraszałyśmy
zapraszać	V	past.p1.pl.m.hum	zapraszaliśmy
zapraszać	V	past.p1.sg.f	zapraszałam
zapraszać	V	past.p1.sg.m	zapraszałem
zapraszać	V	past.p2.pl	zapraszałyście
zapraszać	V	past.p2.pl.m.hum	zapraszaliście
zapraszać	V	past.p2.sg.f	zapraszałaś
zapraszać	V	past.p2.sg.m	zapraszałeś
zapraszać	V	past.p3.pl	zapraszały
zapraszać	V	past.p3.pl.m.hum	zapraszali
zapraszać	V	past.p3.sg.f	zapraszała
zapraszać	V	past.p3.sg.m	zapraszał
zapraszać	V	past.p3.sg.n	zapraszało
zapraszać	V	pres.p1.pl	zapraszamy
zapraszać	V	pres.p1.sg	zapraszam
zapraszać	V	pres.p2.pl	zapraszacie
zapraszać	V	pres.p2.sg	zapraszasz
zapraszać	V	pres.p3.pl	zapraszają
zapraszać	V	pres.p3.sg	zaprasza
zaprosić	V	cond.p1.pl	zaprosiłybyśmy
zaprosić	V	cond.p1.pl.m.hum	zaprosilibyśmy
zaprosić	V	cond.p1.sg.f	zaprosiłabym
zaprosić	V	cond.p1.sg.m	zaprosiłbym
zaprosić	V	cond.p2.pl	zaprosiłybyście
zaprosić	V	cond.p2.pl.m.hum	zaprosilibyście
zaprosić	V	cond.p2.sg.f	zaprosiłabyś
zaprosić	V	cond.p2.sg.m	zaprosiłbyś
zaprosić	V	cond.p3.pl	zaprosiłyby
zaprosić	V	cond.p3.pl.m.hum	zaprosiliby
zaprosić	V	cond.p3.sg.f	zaprosiłaby
zaprosić	V	cond.p3.sg.m	zaprosiłby
zaprosić	V	cond.p3.sg.n	zaprosiłoby
zaprosić	V	fut.p1.pl	zaprosimy
zaprosić	V	fut.p1.sg	zaproszę
zaprosić	V	fut.p2.pl	zaprosicie
zaprosić	V	fut.p2.sg	zaprosisz
zaprosić	V	fut.p3.pl	zaproszą
zaprosić	V	fut.p3.sg	zaprosi
zaprosić	V	imp.p1.pl	zaprośmy
zaprosić	V	imp.p1.sg	niech zaproszę
zaprosić	V	imp.p2.pl	zaproście
zaprosić	V	imp.p2.sg	zaproś
zaprosić	V	imp.p3.pl	niech zaproszą
zaprosić	V	imp.p3.sg	niech zaprosi
zaprosić	V	past.p1.pl	zaprosiłyśmy
zaprosić	V	past.p1.pl.m.hum	zaprosiliśmy
zaprosić	V	past.p1.sg.f	zaprosiłam
zaprosić	V	past.p1.sg.m	zaprosiłem
zaprosić	V	past.p2.pl	zaprosiłyście
zaprosić	V	past.p2.pl.m.hum	zaprosiliście
zaprosić	V	past.p2.sg.f	zaprosiłaś
zaprosić	V	past.p2.sg.m	zaprosiłeś
zaprosić	V	past.p3.pl	zaprosiły
zaprosić	V	past.p3.pl.m.hum	zaprosili
zaprosić	V	past.p3.sg.f	zaprosiła
zaprosić	V	past.p3.sg.m	zaprosił
zaprosić	V	past.p3.sg.n	zaprosiło
zarabiać	V	cond.p1.pl	zarabiałybyśmy
zarabiać	V	cond.p1.pl.m.hum	zarabialibyśmy
zarabiać	V	cond.p1.sg.f	zarabiałabym
zarabiać	V	cond.p1.sg.m	zarabiałbym
zarabiać	V	cond.p2.pl	zarabiałybyście
zarabiać	V	cond.p2.pl.m.hum	zarabialibyście
zarabiać	V	cond.p2.sg.f	zarabiałabyś
zarabiać	V	cond.p2.sg.m	zarabiałbyś
zarabiać	V	cond.p3.pl	zarabiałyby
zarabiać	V	cond.p3.pl.m.hum	zarabialiby
zarabiać	V	cond.p3.sg.f	zarabiałaby
zarabiać	V	cond.p3.sg.m	zarabiałby
zarabiać	V	cond.p3.sg.n	zarabiałoby
zarabiać	V	fut.p1.pl	będziemy zarabiały
zarabiać	V	fut.p1.pl.m.hum	będziemy zarabiali
zarabiać	V	fut.p1.sg.f	będę zarabiała
zarabiać	V	fut.p1.sg.m	będę zarabiał
zarabiać	V	fut.p2.pl	będziecie zarabiały
zarabiać	V	fut.p2.pl.m.hum	będziecie zarabiali
zarabiać	V	fut.p2.sg.f	będziesz zarabiała
zarabiać	V	fut.p2.sg.m	będziesz zarabiał
zarabiać	V	fut.p3.pl	będą zarabiały
zarabiać	V	fut.p3.pl.m.hum	będą zarabiali
zarabiać	V	fut.p3.sg.f	będzie zarabiała
zarabiać	V	fut.p3.sg.m	będzie zarabiał
zarabiać	V	fut.p3.sg.n	będzie zarabiało
zarabiać	V	imp.p1.pl	zarabiajmy
zarabiać	V	imp.p2.pl	zarabiajcie
zarabiać	V	imp.p2.sg	zarabiaj
zarabiać	V	imp.p3.pl	niech zarabiają
zarabiać	V	imp.p3.sg	niech zarabia
zarabiać	V	past.p1.pl	zarabiałyśmy
zarabiać	V	past.p1.pl.m.hum	zarabialiśmy
zarabiać	V	past.p1.sg.f	zarabiałam
zarabiać	V	past.p1.sg.m	zarabiałem
zarabiać	V	past.p2.pl	zarabiałyście
zarabiać	V	past.p2.pl.m.hum	zarabialiście
zarabiać	V	past.p2.sg.f	zarabiałaś
zarabiać	V	past.p2.sg.m	zarabiałeś
zarabiać	V	past.p3.pl	zarabiały
zarabiać	V	past.p3.pl.m.hum	zarabiali
zarabiać	V	past.p3.sg.f	zarabiała
zarabiać	V	past.p3.sg.m	zarabiał
zarabiać	V	past.p3.sg.n	zarabiało
zarabiać	V	pres.p1.pl	zarabiamy
zarabiać	V	pres.p1.sg	zarabiam
zarabiać	V	pres.p2.pl	zarabiacie
zarabiać	V	pres.p2.sg	zarabiasz
zarabiać	V	pres.p3.pl	zarabiają
zarabiać	V	pres.p3.sg	zarabia
żart	N	pl.acc	żarty
żart	N	pl.dat	żartom
żart	N	pl.gen	żartów
żart	N	pl.ins	żartami
żart	N	pl.loc	żartach
żart	N	pl.nom	żarty
żart	N	pl.voc	żarty
żart	N	sg.acc	żart
żart	N	sg.dat	żartowi
żart	N	sg.gen	żartu
żart	N	sg.ins	żartem
żart	N	sg.loc	żarcie
żart	N	sg.nom	żart
żart	N	sg.voc	żarcie
żartować	V	cond.p1.pl	żartowałybyśmy
żartować	V	cond.p1.pl.m.hum	żartowalibyśmy
żartować	V	cond.p1.sg.f	żartowałabym
żartować	V	cond.p1.sg.m	żartowałbym
żartować	V	cond.p2.pl	żartowałybyście
żartować	V	cond.p2.pl.m.hum	żartowalibyście
żartować	V	cond.p2.sg.f	żartowałabyś
żartować	V	cond.p2.sg.m	żartowałbyś
żartować	V	cond.p3.pl	żartowałyby
żartować	V	cond.p3.pl.m.hum	żartowaliby
żartować	V	cond.p3.sg.f	żartowałaby
żartować	V	cond.p3.sg.m	żartowałby
żartować	V	cond.p3.sg.n	żartowałoby
żartować	V	fut.p1.pl	będziemy żartowały
żartować	V	fut.p1.pl.m.hum	będziemy żartowali
żartować	V	fut.p1.sg.f	będę żartowała
żartować	V	fut.p1.sg.m	będę żartował
żartować	V	fut.p2.pl	będziecie żartowały
żartować	V	fut.p2.pl.m.hum	będziecie żartowali
żartować	V	fut.p2.sg.f	będziesz żartowała
żartować	V	fut.p2.sg.m	będziesz żartował
żartować	V	fut.p3.pl	będą żartowały
żartować	V	fut.p3.pl.m.hum	będą żartowali
żartować	V	fut.p3.sg.f	będzie żartowała
żartować	V	fut.p3.sg.m	będzie żartował
żartować	V	fut.p3.sg.n	będzie żartowało
żartować	V	imp.p1.pl	żartujmy
żartować	V	imp.p2.pl	żartujcie
żartować	V	imp.p2.sg	żartuj
żartować	V	imp.p3.pl	niech żartują
żartować	V	imp.p3.sg	niech żartuje
żartować	V	past.p1.pl	żartowałyśmy
żartować	V	past.p1.pl.m.hum	żartowaliśmy
żartować	V	past.p1.sg.f	żartowałam
żartować	V	past.p1.sg.m	żartowałem
żartować	V	past.p2.pl	żartowałyście
żartować	V	past.p2.pl.m.hum	żartowaliście
żartować	V	past.p2.sg.f	żartowałaś
żartować	V	past.p2.sg.m	żartowałeś
żartować	V	past.p3.pl	żartowały
żartować	V	past.p3.pl.m.hum	żartowali
żartować	V	past.p3.sg.f	żartowała
żartować	V	past.p3.sg.m	żartował
żartować	V	past.p3.sg.n	żartowało
żartować	V	pres.p1.pl	żartujemy
żartować	V	pres.p1.sg	żartuję
żartować	V	pres.p2.pl	żartujecie
żartować	V	pres.p2.sg	żartujesz
żartować	V	pres.p3.pl	żartują
żartować	V	pres.p3.sg	żartuje
zasada	N	pl.acc	zasady
zasada	N	pl.dat	zasadom
zasada	N	pl.gen	zasad
zasada	N	pl.ins	zasadami
zasada	N	pl.loc	zasadach
zasada	N	pl.nom	zasady
zasada	N	pl.voc	zasady
zasada	N	sg.acc	zasadę
zasada	N	sg.dat	zasadzie
zasada	N	sg.gen	zasady
zasada	N	sg.ins	zasadą
zasada	N	sg.loc	zasadzie
zasada	N	sg.nom	zasada
zasada	N	sg.voc	zasado
zasługiwać	V	cond.p1.pl	zasługiwałybyśmy
zasługiwać	V	cond.p1.pl.m.hum	zasługiwalibyśmy
zasługiwać	V	cond.p1.sg.f	zasługiwałabym
zasługiwać	V	cond.p1.sg.m	zasługiwałbym
zasługiwać	V	cond.p2.pl	zasługiwałybyście
zasługiwać	V	cond.p2.pl.m.hum	zasługiwalibyście
zasługiwać	V	cond.p2.sg.f	zasługiwałabyś
zasługiwać	V	cond.p2.sg.m	zasługiwałbyś
zasługiwać	V	cond.p3.pl	zasługiwałyby
zasługiwać	V	cond.p3.pl.m.hum	zasługiwaliby
zasługiwać	V	cond.p3.sg.f	zasługiwałaby
zasługiwać	V	cond.p3.sg.m	zasługiwałby
zasługiwać	V	cond.p3.sg.n	zasługiwałoby
zasługiwać	V	fut.p1.pl	będziemy zasługiwały
zasługiwać	V	fut.p1.pl.m.hum	będziemy zasługiwali
zasługiwać	V	fut.p1.sg.f	będę zasługiwała
zasługiwać	V	fut.p1.sg.m	będę zasługiwał
zasługiwać	V	fut.p2.pl	będziecie zasługiwały
zasługiwać	V	fut.p2.pl.m.hum	będziecie zasługiwali
zasługiwać	V	fut.p2.sg.f	będziesz zasługiwała
zasługiwać	V	fut.p2.sg.m	będziesz zasługiwał
zasługiwać	V	fut.p3.pl	będą zasługiwały
zasługiwać	V	fut.p3.pl.m.hum	będą zasługiwali
zasługiwać	V	fut.p3.sg.f	będzie zasługiwała
zasługiwać	V	fut.p3.sg.m	będzie zasługiwał
zasługiwać	V	fut.p3.sg.n	będzie zasługiwało
zasługiwać	V	imp.p1.pl	zasługujmy
zasługiwać	V	imp.p2.pl	zasługujcie
zasługiwać	V	imp.p2.sg	zasługuj
zasługiwać	V	imp.p3.pl	niech zasługują
zasługiwać	V	imp.p3.sg	niech zasługuje
zasługiwać	V	past.p1.pl	zasługiwałyśmy
zasługiwać	V	past.p1.pl.m.hum	zasługiwaliśmy
zasługiwać	V	past.p1.sg.f	zasługiwałam
zasługiwać	V	past.p1.sg.m	zasługiwałem
zasługiwać	V	past.p2.pl	zasługiwałyście
zasługiwać	V	past.p2.pl.m.hum	zasługiwaliście
zasługiwać	V	past.p2.sg.f	zasługiwałaś
zasługiwać	V	past.p2.sg.m	zasługiwałeś
zasługiwać	V	past.p3.pl	zasługiwały
zasługiwać	V	past.p3.pl.m.hum	zasługiwali
zasługiwać	V	past.p3.sg.f	zasługiwała
zasługiwać	V	past.p3.sg.m	zasługiwał
zasługiwać	V	past.p3.sg.n	zasługiwało
zasługiwać	V	pres.p1.pl	zasługujemy
zasługiwać	V	pres.p1.sg	zasługuję
zasługiwać	V	pres.p2.pl	zasługujecie
zasługiwać	V	pres.p2.sg	zasługujesz
zasługiwać	V	pres.p3.pl	zasługują
zasługiwać	V	pres.p3.sg	zasługuje
zasłużyć	V	cond.p1.pl	zasłużyłybyśmy
zasłużyć	V	cond.p1.pl.m.hum	zasłużylibyśmy
zasłużyć	V	cond.p1.sg.f	zasłużyłabym
zasłużyć	V	cond.p1.sg.m	zasłużyłbym
zasłużyć	V	cond.p2.pl	zasłużyłybyście
zasłużyć	V	cond.p2.pl.m.hum	zasłużylibyście
zasłużyć	V	cond.p2.sg.f	zasłużyłabyś
zasłużyć	V	cond.p2.sg.m	zasłużyłbyś
zasłużyć	V	cond.p3.pl	zasłużyłyby
zasłużyć	V	cond.p3.pl.m.hum	zasłużyliby
zasłużyć	V	cond.p3.sg.f	zasłużyłaby
zasłużyć	V	cond.p3.sg.m	zasłużyłby
zasłużyć	V	cond.p3.sg.n	zasłużyłoby
zasłużyć	V	fut.p1.pl	zasłużymy
zasłużyć	V	fut.p1.sg	zasłużę
zasłużyć	V	fut.p2.pl	zasłużycie
zasłużyć	V	fut.p2.sg	zasłużysz
zasłużyć	V	fut.p3.pl	zasłużą
zasłużyć	V	fut.p3.sg	zasłuży
zasłużyć	V	imp.p1.pl	zasłużmy
zasłużyć	V	imp.p1.sg	niech zasłużę
zasłużyć	V	imp.p2.pl	zasłużcie
zasłużyć	V	imp.p2.sg	zasłuż
zasłużyć	V	imp.p3.pl	niech zasłużą
zasłużyć	V	imp.p3.sg	niech zasłuży
zasłużyć	V	past.p1.pl	zasłużyłyśmy
zasłużyć	V	past.p1.pl.m.hum	zasłużyliśmy
zasłużyć	V	past.p1.sg.f	zasłużyłam
zasłużyć	V	past.p1.sg.m	zasłużyłem
zasłużyć	V	past.p2.pl	zasłużyłyście
zasłużyć	V	past.p2.pl.m.hum	zasłużyliście
zasłużyć	V	past.p2.sg.f	zasłużyłaś
zasłużyć	V	past.p2.sg.m	zasłużyłeś
zasłużyć	V	past.p3.pl	zasłużyły
zasłużyć	V	past.p3.pl.m.hum	zasłużyli
zasłużyć	V	past.p3.sg.f	zasłużyła
zasłużyć	V	past.p3.sg.m	zasłużył
zasłużyć	V	past.p3.sg.n	zasłużyło
zatrzymać	V	cond.p1.pl	zatrzymałybyśmy
zatrzymać	V	cond.p1.pl.m.hum	zatrzymalibyśmy
zatrzymać	V	cond.p1.sg.f	zatrzymałabym
zatrzymać	V	cond.p1.sg.m	zatrzymałbym
zatrzymać	V	cond.p2.pl	zatrzymałybyście
zatrzymać	V	cond.p2.pl.m.hum	zatrzymalibyście
zatrzymać	V	cond.p2.sg.f	zatrzymałabyś
zatrzymać	V	cond.p2.sg.m	zatrzymałbyś
zatrzymać	V	cond.p3.pl	zatrzymałyby
zatrzymać	V	cond.p3.pl.m.hum	zatrzymaliby
zatrzymać	V	cond.p3.sg.f	zatrzymałaby
zatrzymać	V	cond.p3.sg.m	zatrzymałby
zatrzymać	V	cond.p3.sg.n	zatrzymałoby
zatrzymać	V	fut.p1.pl	zatrzymamy
zatrzymać	V	fut.p1.sg	zatrzymam
zatrzymać	V	fut.p2.pl	zatrzymacie
zatrzymać	V	fut.p2.sg	zatrzymasz
zatrzymać	V	fut.p3.pl	zatrzymają
zatrzymać	V	fut.p3.sg	zatrzyma
zatrzymać	V	imp.p1.pl	zatrzymajmy
zatrzymać	V	imp.p1.sg	niech zatrzymam
zatrzymać	V	imp.p2.pl	zatrzymajcie
zatrzymać	V	imp.p2.sg	zatrzymaj
zatrzymać	V	imp.p3.pl	niech zatrzymają
zatrzymać	V	imp.p3.sg	niech zatrzyma
zatrzymać	V	past.p1.pl	zatrzymałyśmy
zatrzymać	V	past.p1.pl.m.hum	zatrzymaliśmy
zatrzymać	V	past.p1.sg.f	zatrzymałam
zatrzymać	V	past.p1.sg.m	zatrzymałem
zatrzymać	V	past.p2.pl	zatrzymałyście
zatrzymać	V	past.p2.pl.m.hum	zatrzymaliście
zatrzymać	V	past.p2.sg.f	zatrzymałaś
zatrzymać	V	past.p2.sg.m	zatrzymałeś
zatrzymać	V	past.p3.pl	zatrzymały
zatrzymać	V	past.p3.pl.m.hum	zatrzymali
zatrzymać	V	past.p3.sg.f	zatrzymała
zatrzymać	V	past.p3.sg.m	zatrzymał
zatrzymać	V	past.p3.sg.n	zatrzymało
zaufać	V	cond.p1.pl	zaufałybyśmy
zaufać	V	cond.p1.pl.m.hum	zaufalibyśmy
zaufać	V	cond.p1.sg.f	zaufałabym
zaufać	V	cond.p1.sg.m	zaufałbym
zaufać	V	cond.p2.pl	zaufałybyście
zaufać	V	cond.p2.pl.m.hum	zaufalibyście
zaufać	V	cond.p2.sg.f	zaufałabyś
zaufać	V	cond.p2.sg.m	zaufałbyś
zaufać	V	cond.p3.pl	zaufałyby
zaufać	V	cond.p3.pl.m.hum	zaufaliby
zaufać	V	cond.p3.sg.f	zaufałaby
zaufać	V	cond.p3.sg.m	zaufałby
zaufać	V	cond.p3.sg.n	zaufałoby
zaufać	V	fut.p1.pl	zaufamy
zaufać	V	fut.p1.sg	zaufam
zaufać	V	fut.p2.pl	zaufacie
zaufać	V	fut.p2.sg	zaufasz
zaufać	V	fut.p3.pl	zaufają
zaufać	V	fut.p3.sg	zaufa
zaufać	V	imp.p1.pl	zaufajmy
zaufać	V	imp.p1.sg	niech zaufam
zaufać	V	imp.p2.pl	zaufajcie
zaufać	V	imp.p2.sg	zaufaj
zaufać	V	imp.p3.pl	niech zaufają
zaufać	V	imp.p3.sg	niech zaufa
zaufać	V	past.p1.pl	zaufałyśmy
zaufać	V	past.p1.pl.m.hum	zaufaliśmy
zaufać	V	past.p1.sg.f	zaufałam
zaufać	V	past.p1.sg.m	zaufałem
zaufać	V	past.p2.pl	zaufałyście
zaufać	V	past.p2.pl.m.hum	zaufaliście
zaufać	V	past.p2.sg.f	zaufałaś
zaufać	V	past.p2.sg.m	zaufałeś
zaufać	V	past.p3.pl	zaufały
zaufać	V	past.p3.pl.m.hum	zaufali
zaufać	V	past.p3.sg.f	zaufała
zaufać	V	past.p3.sg.m	zaufał
zaufać	V	past.p3.sg.n	zaufało
zauważyć	V	cond.p1.pl	zauważyłybyśmy
zauważyć	V	cond.p1.pl.m.hum	zauważylibyśmy
zauważyć	V	cond.p1.sg.f	zauważyłabym
zauważyć	V	cond.p1.sg.m	zauważyłbym
zauważyć	V	cond.p2.pl	zauważyłybyście
zauważyć	V	cond.p2.pl.m.hum	zauważylibyście
zauważyć	V	cond.p2.sg.f	zauważyłabyś
zauważyć	V	cond.p2.sg.m	zauważyłbyś
zauważyć	V	cond.p3.pl	zauważyłyby
zauważyć	V	cond.p3.pl.m.hum	zauważyliby
zauważyć	V	cond.p3.sg.f	zauważyłaby
zauważyć	V	cond.p3.sg.m	zauważyłby
zauważyć	V	cond.p3.sg.n	zauważyłoby
zauważyć	V	fut.p1.pl	zauważymy
zauważyć	V	fut.p1.sg	zauważę
zauważyć	V	fut.p2.pl	zauważycie
zauważyć	V	fut.p2.sg	zauważysz
zauważyć	V	fut.p3.pl	zauważą
zauważyć	V	fut.p3.sg	zauważy
zauważyć	V	imp.p1.pl	zauważmy
zauważyć	V	imp.p1.sg	niech zauważę
zauważyć	V	imp.p2.pl	zauważcie
zauważyć	V	imp.p2.sg	zauważ
zauważyć	V	imp.p3.pl	niech zauważą
zauważyć	V	imp.p3.sg	niech zauważy
zauważyć	V	past.p1.pl	zauważyłyśmy
zauważyć	V	past.p1.pl.m.hum	zauważyliśmy
zauważyć	V	past.p1.sg.f	zauważyłam
zauważyć	V	past.p1.sg.m	zauważyłem
zauważyć	V	past.p2.pl	zauważyłyście
zauważyć	V	past.p2.pl.m.hum	zauważyliście
zauważyć	V	past.p2.sg.f	zauważyłaś
zauważyć	V	past.p2.sg.m	zauważyłeś
zauważyć	V	past.p3.pl	zauważyły
zauważyć	V	past.p3.pl.m.hum	zauważyli
zauważyć	V	past.p3.sg.f	zauważyła
zauważyć	V	past.p3.sg.m	zauważył
zauważyć	V	past.p3.sg.n	zauważyło
zawieść	V	cond.p1.pl	zawiodłybyśmy
zawieść	V	cond.p1.pl.m.hum	zawiedlibyśmy
zawieść	V	cond.p1.sg.f	zawiodłabym
zawieść	V	cond.p1.sg.m	zawiódłbym
zawieść	V	cond.p2.pl	zawiodłybyście
zawieść	V	cond.p2.pl.m.hum	zawiedlibyście
zawieść	V	cond.p2.sg.f	zawiodłabyś
zawieść	V	cond.p2.sg.m	zawiódłbyś
zawieść	V	cond.p3.pl	zawiodłyby
zawieść	V	cond.p3.pl.m.hum	zawiedliby
zawieść	V	cond.p3.sg.f	zawiodłaby
zawieść	V	cond.p3.sg.m	zawiódłby
zawieść	V	cond.p3.sg.n	zawiodłoby
zawieść	V	fut.p1.pl	zawiedziemy
zawieść	V	fut.p1.sg	zawiodę
zawieść	V	fut.p2.pl	zawiedziecie
zawieść	V	fut.p2.sg	zawiedziesz
zawieść	V	fut.p3.pl	zawiodą
zawieść	V	fut.p3.sg	zawiedzie
zawieść	V	imp.p1.pl	zawiedźmy
zawieść	V	imp.p1.sg	niech zawiodę
zawieść	V	imp.p2.pl	zawiedźcie
zawieść	V	imp.p2.sg	zawiedź
zawieść	V	imp.p3.pl	niech zawiodą
zawieść	V	imp.p3.sg	niech zawiedzie
zawieść	V	past.p1.pl	zawiodłyśmy
zawieść	V	past.p1.pl.m.hum	zawiedliśmy
zawieść	V	past.p1.sg.f	zawiodłam
zawieść	V	past.p1.sg.m	zawiódłem
zawieść	V	past.p2.pl	zawiodłyście
zawieść	V	past.p2.pl.m.hum	zawiedliście
zawieść	V	past.p2.sg.f	zawiodłaś
zawieść	V	past.p2.sg.m	zawiódłeś
zawieść	V	past.p3.pl	zawiodły
zawieść	V	past.p3.pl.m.hum	zawiedli
zawieść	V	past.p3.sg.f	zawiodła
zawieść	V	past.p3.sg.m	zawiódł
zawieść	V	past.p3.sg.n	zawiodło
zazdrosny	A	pl.acc	zazdrosne
zazdrosny	A	pl.dat	zazdrosnym
zazdrosny	A	pl.gen	zazdrosnych
zazdrosny	A	pl.ins	zazdrosnymi
zazdrosny	A	pl.loc	zazdrosnych
zazdrosny	A	pl.m.hum.acc	zazdrosnych
zazdrosny	A	pl.m.hum.nom	zazdrośni
zazdrosny	A	pl.nom	zazdrosne
zazdrosny	A	sg.f.acc	zazdrosną
zazdrosny	A	sg.f.dat	zazdrosnej
zazdrosny	A	sg.f.gen	zazdrosnej
zazdrosny	A	sg.f.ins	zazdrosną
zazdrosny	A	sg.f.loc	zazdrosnej
zazdrosny	A	sg.f.nom	zazdrosna
zazdrosny	A	sg.m.anim.acc	zazdrosnego
zazdrosny	A	sg.m.dat	zazdrosnemu
zazdrosny	A	sg.m.gen	zazdrosnego
zazdrosny	A	sg.m.hum.acc	zazdrosnego
zazdrosny	A	sg.m.inan.acc	zazdrosny
zazdrosny	A	sg.m.ins	zazdrosnym
zazdrosny	A	sg.m.loc	zazdrosnym
zazdrosny	A	sg.m.nom	zazdrosny
zazdrosny	A	sg.n.acc	zazdrosne
zazdrosny	A	sg.n.dat	zazdrosnemu
zazdrosny	A	sg.n.gen	zazdrosnego
zazdrosny	A	sg.n.ins	zazdrosnym
zazdrosny	A	sg.n.loc	zazdrosnym
zazdrosny	A	sg.n.nom	zazdrosne
zbierać	V	cond.p1.pl	zbierałybyśmy
zbierać	V	cond.p1.pl.m.hum	zbieralibyśmy
zbierać	V	cond.p1.sg.f	zbierałabym
zbierać	V	cond.p1.sg.m	zbierałbym
zbierać	V	cond.p2.pl	zbierałybyście
zbierać	V	cond.p2.pl.m.hum	zbieralibyście
zbierać	V	cond.p2.sg.f	zbierałabyś
zbierać	V	cond.p2.sg.m	zbierałbyś
zbierać	V	cond.p3.pl	zbierałyby
zbierać	V	cond.p3.pl.m.hum	zbieraliby
zbierać	V	cond.p3.sg.f	zbierałaby
zbierać	V	cond.p3.sg.m	zbierałby
zbierać	V	cond.p3.sg.n	zbierałoby
zbierać	V	fut.p1.pl	będziemy zbierały
zbierać	V	fut.p1.pl.m.hum	będziemy zbierali
zbierać	V	fut.p1.sg.f	będę zbierała
zbierać	V	fut.p1.sg.m	będę zbierał
zbierać	V	fut.p2.pl	będziecie zbierały
zbierać	V	fut.p2.pl.m.hum	będziecie zbierali
zbierać	V	fut.p2.sg.f	będziesz zbierała
zbierać	V	fut.p2.sg.m	będziesz zbierał
zbierać	V	fut.p3.pl	będą zbierały
zbierać	V	fut.p3.pl.m.hum	będą zbierali
zbierać	V	fut.p3.sg.f	będzie zbierała
zbierać	V	fut.p3.sg.m	będzie zbierał
zbierać	V	fut.p3.sg.n	będzie zbierało
zbierać	V	imp.p1.pl	zbierajmy
zbierać	V	imp.p2.pl	zbierajcie
zbierać	V	imp.p2.sg	zbieraj
zbierać	V	imp.p3.pl	niech zbierają
zbierać	V	imp.p3.sg	niech zbiera
zbierać	V	past.p1.pl	zbierałyśmy
zbierać	V	past.p1.pl.m.hum	zbieraliśmy
zbierać	V	past.p1.sg.f	zbierałam
zbierać	V	past.p1.sg.m	zbierałem
zbierać	V	past.p2.pl	zbierałyście
zbierać	V	past.p2.pl.m.hum	zbieraliście
zbierać	V	past.p2.sg.f	zbierałaś
zbierać	V	past.p2.sg.m	zbierałeś
zbierać	V	past.p3.pl	zbierały
zbierać	V	past.p3.pl.m.hum	zbierali
zbierać	V	past.p3.sg.f	zbierała
zbierać	V	past.p3.sg.m	zbierał
zbierać	V	past.p3.sg.n	zbierało
zbierać	V	pres.p1.pl	zbieramy
zbierać	V	pres.p1.sg	zbieram
zbierać	V	pres.p2.pl	zbieracie
zbierać	V	pres.p2.sg	zbierasz
zbierać	V	pres.p3.pl	zbierają
zbierać	V	pres.p3.sg	zbiera
zdanie	N	pl.acc	zdania
zdanie	N	pl.dat	zdaniom
zdanie	N	pl.gen	zdań
zdanie	N	pl.ins	zdaniami
zdanie	N	pl.loc	zdaniach
zdanie	N	pl.nom	zdania
zdanie	N	pl.voc	zdania
zdanie	N	sg.acc	zdanie
zdanie	N	sg.dat	zdaniu
zdanie	N	sg.gen	zdania
zdanie	N	sg.ins	zdaniem
zdanie	N	sg.loc	zdaniu
zdanie	N	sg.nom	zdanie
zdanie	N	sg.voc	zdanie
zdjęcie	N	pl.acc	zdjęcia
zdjęcie	N	pl.dat	zdjęciom
zdjęcie	N	pl.gen	zdjęć
zdjęcie	N	pl.ins	zdjęciami
zdjęcie	N	pl.loc	zdjęciach
zdjęcie	N	pl.nom	zdjęcia
zdjęcie	N	pl.voc	zdjęcia
zdjęcie	N	sg.acc	zdjęcie
zdjęcie	N	sg.dat	zdjęciu
zdjęcie	N	sg.gen	zdjęcia
zdjęcie	N	sg.ins	zdjęciem
zdjęcie	N	sg.loc	zdjęciu
zdjęcie	N	sg.nom	zdjęcie
zdjęcie	N	sg.voc	zdjęcie
zdolny	A	pl.acc	zdolne
zdolny	A	pl.dat	zdolnym
zdolny	A	pl.gen	zdolnych
zdolny	A	pl.ins	zdolnymi
zdolny	A	pl.loc	zdolnych
zdolny	A	pl.m.hum.acc	zdolnych
zdolny	A	pl.m.hum.nom	zdolni
zdolny	A	pl.nom	zdolne
zdolny	A	sg.f.acc	zdolną
zdolny	A	sg.f.dat	zdolnej
zdolny	A	sg.f.gen	zdolnej
zdolny	A	sg.f.ins	zdolną
zdolny	A	sg.f.loc	zdolnej
zdolny	A	sg.f.nom	zdolna
zdolny	A	sg.m.anim.acc	zdolnego
zdolny	A	sg.m.dat	zdolnemu
zdolny	A	sg.m.gen	zdolnego
zdolny	A	sg.m.hum.acc	zdolnego
zdolny	A	sg.m.inan.acc	zdolny
zdolny	A	sg.m.ins	zdolnym
zdolny	A	sg.m.loc	zdolnym
zdolny	A	sg.m.nom	zdolny
zdolny	A	sg.n.acc	zdolne
zdolny	A	sg.n.dat	zdolnemu
zdolny	A	sg.n.gen	zdolnego
zdolny	A	sg.n.ins	zdolnym
zdolny	A	sg.n.loc	zdolnym
zdolny	A	sg.n.nom	zdolne
zebrać	V	cond.p1.pl	zebrałybyśmy
zebrać	V	cond.p1.pl.m.hum	zebralibyśmy
zebrać	V	cond.p1.sg.f	zebrałabym
zebrać	V	cond.p1.sg.m	zebrałbym
zebrać	V	cond.p2.pl	zebrałybyście
zebrać	V	cond.p2.pl.m.hum	zebralibyście
zebrać	V	cond.p2.sg.f	zebrałabyś
zebrać	V	cond.p2.sg.m	zebrałbyś
zebrać	V	cond.p3.pl	zebrałyby
zebrać	V	cond.p3.pl.m.hum	zebraliby
zebrać	V	cond.p3.sg.f	zebrałaby
zebrać	V	cond.p3.sg.m	zebrałby
zebrać	V	cond.p3.sg.n	zebrałoby
zebrać	V	fut.p1.pl	zbierzemy
zebrać	V	fut.p1.sg	zbiorę
zebrać	V	fut.p2.pl	zbierzecie
zebrać	V	fut.p2.sg	zbierzesz
zebrać	V	fut.p3.pl	zbiorą
zebrać	V	fut.p3.sg	zbierze
zebrać	V	imp.p1.pl	zbierzmy
zebrać	V	imp.p1.sg	niech zbiorę
zebrać	V	imp.p2.pl	zbierzcie
zebrać	V	imp.p2.sg	zbierz
zebrać	V	imp.p3.pl	niech zbiorą
zebrać	V	imp.p3.sg	niech zbierze
zebrać	V	past.p1.pl	zebrałyśmy
zebrać	V	past.p1.pl.m.hum	zebraliśmy
zebrać	V	past.p1.sg.f	zebrałam
zebrać	V	past.p1.sg.m	zebrałem
zebrać	V	past.p2.pl	zebrałyście
zebrać	V	past.p2.pl.m.hum	zebraliście
zebrać	V	past.p2.sg.f	zebrałaś
zebrać	V	past.p2.sg.m	zebrałeś
zebrać	V	past.p3.pl	zebrały
zebrać	V	past.p3.pl.m.hum	zebrali
zebrać	V	past.p3.sg.f	zebrała
zebrać	V	past.p3.sg.m	zebrał
zebrać	V	past.p3.sg.n	zebrało
zegarek	N	pl.acc	zegarki
zegarek	N	pl.dat	zegarkom
zegarek	N	pl.gen	zegarków
zegarek	N	pl.ins	zegarkami
zegarek	N	pl.loc	zegarkach
zegarek	N	pl.nom	zegarki
zegarek	N	pl.voc	zegarki
zegarek	N	sg.acc	zegarek
zegarek	N	sg.dat	zegarkowi
zegarek	N	sg.gen	zegarka
zegarek	N	sg.ins	zegarkiem
zegarek	N	sg.loc	zegarku
zegarek	N	sg.nom	zegarek
zegarek	N	sg.voc	zegarku
zemsta	N	pl.acc	zemsty
zemsta	N	pl.dat	zemstom
zemsta	N	pl.gen	zemst
zemsta	N	pl.ins	zemstami
zemsta	N	pl.loc	zemstach
zemsta	N	pl.nom	zemsty
zemsta	N	pl.voc	zemsty
zemsta	N	sg.acc	zemstę
zemsta	N	sg.dat	zemście
zemsta	N	sg.gen	zemsty
zemsta	N	sg.ins	zemstą
zemsta	N	sg.loc	zemście
zemsta	N	sg.nom	zemsta
zemsta	N	sg.voc	zemsto
zerwać	V	cond.p1.pl	zerwałybyśmy
zerwać	V	cond.p1.pl.m.hum	zerwalibyśmy
zerwać	V	cond.p1.sg.f	zerwałabym
zerwać	V	cond.p1.sg.m	zerwałbym
zerwać	V	cond.p2.pl	zerwałybyście
zerwać	V	cond.p2.pl.m.hum	zerwalibyście
zerwać	V	cond.p2.sg.f	zerwałabyś
zerwać	V	cond.p2.sg.m	zerwałbyś
zerwać	V	cond.p3.pl	zerwałyby
zerwać	V	cond.p3.pl.m.hum	zerwaliby
zerwać	V	cond.p3.sg.f	zerwałaby
zerwać	V	cond.p3.sg.m	zerwałby
zerwać	V	cond.p3.sg.n	zerwałoby
zerwać	V	fut.p1.pl	zerwiemy
zerwać	V	fut.p1.sg	zerwę
zerwać	V	fut.p2.pl	zerwiecie
zerwać	V	fut.p2.sg	zerwiesz
zerwać	V	fut.p3.pl	zerwą
zerwać	V	fut.p3.sg	zerwie
zerwać	V	imp.p1.pl	zerwijmy
zerwać	V	imp.p1.sg	niech zerwę
zerwać	V	imp.p2.pl	zerwijcie
zerwać	V	imp.p2.sg	zerwij
zerwać	V	imp.p3.pl	niech zerwą
zerwać	V	imp.p3.sg	niech zerwie
zerwać	V	past.p1.pl	zerwałyśmy
zerwać	V	past.p1.pl.m.hum	zerwaliśmy
zerwać	V	past.p1.sg.f	zerwałam
zerwać	V	past.p1.sg.m	zerwałem
zerwać	V	past.p2.pl	zerwałyście
zerwać	V	past.p2.pl.m.hum	zerwaliście
zerwać	V	past.p2.sg.f	zerwałaś
zerwać	V	past.p2.sg.m	zerwałeś
zerwać	V	past.p3.pl	zerwały
zerwać	V	past.p3.pl.m.hum	zerwali
zerwać	V	past.p3.sg.f	zerwała
zerwać	V	past.p3.sg.m	zerwał
zerwać	V	past.p3.sg.n	zerwało
zespół	N	pl.acc	zespoły
zespół	N	pl.dat	zespołom
zespół	N	pl.gen	zespołów
zespół	N	pl.ins	zespołami
zespół	N	pl.loc	zespołach
zespół	N	pl.nom	zespoły
zespół	N	pl.voc	zespoły
zespół	N	sg.acc	zespół
zespół	N	sg.dat	zespołowi
zespół	N	sg.gen	zespołu
zespół	N	sg.ins	zespołem
zespół	N	sg.loc	zespole
zespół	N	sg.nom	zespół
zespół	N	sg.voc	zespole
zeszły	A	pl.acc	zeszłe
zeszły	A	pl.dat	zeszłym
zeszły	A	pl.gen	zeszłych
zeszły	A	pl.ins	zeszłymi
zeszły	A	pl.loc	zeszłych
zeszły	A	pl.m.hum.acc	zeszłych
zeszły	A	pl.m.hum.nom	zeszli
zeszły	A	pl.nom	zeszłe
zeszły	A	sg.f.acc	zeszłą
zeszły	A	sg.f.dat	zeszłej
zeszły	A	sg.f.gen	zeszłej
zeszły	A	sg.f.ins	zeszłą
zeszły	A	sg.f.loc	zeszłej
zeszły	A	sg.f.nom	zeszła
zeszły	A	sg.m.anim.acc	zeszłego
zeszły	A	sg.m.dat	zeszłemu
zeszły	A	sg.m.gen	zeszłego
zeszły	A	sg.m.hum.acc	zeszłego
zeszły	A	sg.m.inan.acc	zeszły
zeszły	A	sg.m.ins	zeszłym
zeszły	A	sg.m.loc	zeszłym
zeszły	A	sg.m.nom	zeszły
zeszły	A	sg.n.acc	zeszłe
zeszły	A	sg.n.dat	zeszłemu
zeszły	A	sg.n.gen	zeszłego
zeszły	A	sg.n.ins	zeszłym
zeszły	A	sg.n.loc	zeszłym
zeszły	A	sg.n.nom	zeszłe
zgubić	V	cond.p1.pl	zgubiłybyśmy
zgubić	V	cond.p1.pl.m.hum	zgubilibyśmy
zgubić	V	cond.p1.sg.f	zgubiłabym
zgubić	V	cond.p1.sg.m	zgubiłbym
zgubić	V	cond.p2.pl	zgubiłybyście
zgubić	V	cond.p2.pl.m.hum	zgubilibyście
zgubić	V	cond.p2.sg.f	zgubiłabyś
zgubić	V	cond.p2.sg.m	zgubiłbyś
zgubić	V	cond.p3.pl	zgubiłyby
zgubić	V	cond.p3.pl.m.hum	zgubiliby
zgubić	V	cond.p3.sg.f	zgubiłaby
zgubić	V	cond.p3.sg.m	zgubiłby
zgubić	V	cond.p3.sg.n	zgubiłoby
zgubić	V	fut.p1.pl	zgubimy
zgubić	V	fut.p1.sg	zgubię
zgubić	V	fut.p2.pl	zgubicie
zgubić	V	fut.p2.sg	zgubisz
zgubić	V	fut.p3.pl	zgubią
zgubić	V	fut.p3.sg	zgubi
zgubić	V	imp.p1.pl	zgubmy
zgubić	V	imp.p1.sg	niech zgubię
zgubić	V	imp.p2.pl	zgubcie
zgubić	V	imp.p2.sg	zgub
zgubić	V	imp.p3.pl	niech zgubią
zgubić	V	imp.p3.sg	niech zgubi
zgubić	V	past.p1.pl	zgubiłyśmy
zgubić	V	past.p1.pl.m.hum	zgubiliśmy
zgubić	V	past.p1.sg.f	zgubiłam
zgubić	V	past.p1.sg.m	zgubiłem
zgubić	V	past.p2.pl	zgubiłyście
zgubić	V	past.p2.pl.m.hum	zgubiliście
zgubić	V	past.p2.sg.f	zgubiłaś
zgubić	V	past.p2.sg.m	zgubiłeś
zgubić	V	past.p3.pl	zgubiły
zgubić	V	past.p3.pl.m.hum	zgubili
zgubić	V	past.p3.sg.f	zgubiła
zgubić	V	past.p3.sg.m	zgubił
zgubić	V	past.p3.sg.n	zgubiło
ziemia	N	pl.acc	ziemie
ziemia	N	pl.dat	ziemiom
ziemia	N	pl.gen	ziem
ziemia	N	pl.ins	ziemiami
ziemia	N	pl.loc	ziemiach
ziemia	N	pl.nom	ziemie
ziemia	N	pl.voc	ziemie
ziemia	N	sg.acc	ziemię
ziemia	N	sg.dat	ziemi
ziemia	N	sg.gen	ziemi
ziemia	N	sg.ins	ziemią
ziemia	N	sg.loc	ziemi
ziemia	N	sg.nom	ziemia
ziemia	N	sg.voc	ziemio
zimny	A	pl.acc	zimne
zimny	A	pl.dat	zimnym
zimny	A	pl.gen	zimnych
zimny	A	pl.ins	zimnymi
zimny	A	pl.loc	zimnych
zimny	A	pl.m.hum.acc	zimnych
zimny	A	pl.m.hum.nom	zimni
zimny	A	pl.nom	zimne
zimny	A	sg.f.acc	zimną
zimny	A	sg.f.dat	zimnej
zimny	A	sg.f.gen	zimnej
zimny	A	sg.f.ins	zimną
zimny	A	sg.f.loc	zimnej
zimny	A	sg.f.nom	zimna
zimny	A	sg.m.anim.acc	zimnego
zimny	A	sg.m.dat	zimnemu
zimny	A	sg.m.gen	zimnego
zimny	A	sg.m.hum.acc	zimnego
zimny	A	sg.m.inan.acc	zimny
zimny	A	sg.m.ins	zimnym
zimny	A	sg.m.loc	zimnym
zimny	A	sg.m.nom	zimny
zimny	A	sg.n.acc	zimne
zimny	A	sg.n.dat	zimnemu
zimny	A	sg.n.gen	zimnego
zimny	A	sg.n.ins	zimnym
zimny	A	sg.n.loc	zimnym
zimny	A	sg.n.nom	zimne
zjeść	V	cond.p1.pl	zjadłybyśmy
zjeść	V	cond.p1.pl.m.hum	zjedlibyśmy
zjeść	V	cond.p1.sg.f	zjadłabym
zjeść	V	cond.p1.sg.m	zjadłbym
zjeść	V	cond.p2.pl	zjadłybyście
zjeść	V	cond.p2.pl.m.hum	zjedlibyście
zjeść	V	cond.p2.sg.f	zjadłabyś
zjeść	V	cond.p2.sg.m	zjadłbyś
zjeść	V	cond.p3.pl	zjadłyby
zjeść	V	cond.p3.pl.m.hum	zjedliby
zjeść	V	cond.p3.sg.f	zjadłaby
zjeść	V	cond.p3.sg.m	zjadłby
zjeść	V	cond.p3.sg.n	zjadłoby
zjeść	V	fut.p1.pl	zjemy
zjeść	V	fut.p1.sg	zjem
zjeść	V	fut.p2.pl	zjecie
zjeść	V	fut.p2.sg	zjesz
zjeść	V	fut.p3.pl	zjedzą
zjeść	V	fut.p3.sg	zje
zjeść	V	imp.p1.pl	zjedzmy
zjeść	V	imp.p1.sg	niech zjem
zjeść	V	imp.p2.pl	zjedzcie
zjeść	V	imp.p2.sg	zjedz
zjeść	V	imp.p3.pl	niech zjedzą
zjeść	V	imp.p3.sg	niech zje
zjeść	V	past.p1.pl	zjadłyśmy
zjeść	V	past.p1.pl.m.hum	zjedliśmy
zjeść	V	past.p1.sg.f	zjadłam
zjeść	V	past.p1.sg.m	zjadłem
zjeść	V	past.p2.pl	zjadłyście
zjeść	V	past.p2.pl.m.hum	zjedliście
zjeść	V	past.p2.sg.f	zjadłaś
zjeść	V	past.p2.sg.m	zjadłeś
zjeść	V	past.p3.pl	zjadły
zjeść	V	past.p3.pl.m.hum	zjedli
zjeść	V	past.p3.sg.f	zjadła
zjeść	V	past.p3.sg.m	zjadł
zjeść	V	past.p3.sg.n	zjadło
złamać	V	cond.p1.pl	złamałybyśmy
złamać	V	cond.p1.pl.m.hum	złamalibyśmy
złamać	V	cond.p1.sg.f	złamałabym
złamać	V	cond.p1.sg.m	złamałbym
złamać	V	cond.p2.pl	złamałybyście
złamać	V	cond.p2.pl.m.hum	złamalibyście
złamać	V	cond.p2.sg.f	złamałabyś
złamać	V	cond.p2.sg.m	złamałbyś
złamać	V	cond.p3.pl	złamałyby
złamać	V	cond.p3.pl.m.hum	złamaliby
złamać	V	cond.p3.sg.f	złamałaby
złamać	V	cond.p3.sg.m	złamałby
złamać	V	cond.p3.sg.n	złamałoby
złamać	V	fut.p1.pl	złamiemy
złamać	V	fut.p1.sg	złamię
złamać	V	fut.p2.pl	złamiecie
złamać	V	fut.p2.sg	złamiesz
złamać	V	fut.p3.pl	złamią
złamać	V	fut.p3.sg	złamie
złamać	V	imp.p1.pl	złammy
złamać	V	imp.p1.sg	niech złamię
złamać	V	imp.p2.pl	złamcie
złamać	V	imp.p2.sg	złam
złamać	V	imp.p3.pl	niech złamią
złamać	V	imp.p3.sg	niech złamie
złamać	V	past.p1.pl	złamałyśmy
złamać	V	past.p1.pl.m.hum	złamaliśmy
złamać	V	past.p1.sg.f	złamałam
złamać	V	past.p1.sg.m	złamałem
złamać	V	past.p2.pl	złamałyście
złamać	V	past.p2.pl.m.hum	złamaliście
złamać	V	past.p2.sg.f	złamałaś
złamać	V	past.p2.sg.m	złamałeś
złamać	V	past.p3.pl	złamały
złamać	V	past.p3.pl.m.hum	złamali
złamać	V	past.p3.sg.f	złamała
złamać	V	past.p3.sg.m	złamał
złamać	V	past.p3.sg.n	złamało
złapać	V	cond.p1.pl	złapałybyśmy
złapać	V	cond.p1.pl.m.hum	złapalibyśmy
złapać	V	cond.p1.sg.f	złapałabym
złapać	V	cond.p1.sg.m	złapałbym
złapać	V	cond.p2.pl	złapałybyście
złapać	V	cond.p2.pl.m.hum	złapalibyście
złapać	V	cond.p2.sg.f	złapałabyś
złapać	V	cond.p2.sg.m	złapałbyś
złapać	V	cond.p3.pl	złapałyby
złapać	V	cond.p3.pl.m.hum	złapaliby
złapać	V	cond.p3.sg.f	złapałaby
złapać	V	cond.p3.sg.m	złapałby
złapać	V	cond.p3.sg.n	złapałoby
złapać	V	fut.p1.pl	złapiemy
złapać	V	fut.p1.sg	złapię
złapać	V	fut.p2.pl	złapiecie
złapać	V	fut.p2.sg	złapiesz
złapać	V	fut.p3.pl	złapią
złapać	V	fut.p3.sg	złapie
złapać	V	imp.p1.pl	złapmy
złapać	V	imp.p1.sg	niech złapię
złapać	V	imp.p2.pl	złapcie
złapać	V	imp.p2.sg	złap
złapać	V	imp.p3.pl	niech złapią
złapać	V	imp.p3.sg	niech złapie
złapać	V	past.p1.pl	złapałyśmy
złapać	V	past.p1.pl.m.hum	złapaliśmy
złapać	V	past.p1.sg.f	złapałam
złapać	V	past.p1.sg.m	złapałem
złapać	V	past.p2.pl	złapałyście
złapać	V	past.p2.pl.m.hum	złapaliście
złapać	V	past.p2.sg.f	złapałaś
złapać	V	past.p2.sg.m	złapałeś
złapać	V	past.p3.pl	złapały
złapać	V	past.p3.pl.m.hum	złapali
złapać	V	past.p3.sg.f	złapała
złapać	V	past.p3.sg.m	złapał
złapać	V	past.p3.sg.n	złapało
zło	N	pl.acc	zła
zło	N	pl.dat	złom
zło	N	pl.gen	zeł
zło	N	pl.ins	złami
zło	N	pl.loc	złach
zło	N	pl.nom	zła
zło	N	pl.voc	zła
zło	N	sg.acc	zło
zło	N	sg.dat	złu
zło	N	sg.gen	zła
zło	N	sg.ins	złem
zło	N	sg.loc	złu
zło	N	sg.nom	zło
zło	N	sg.voc	zło
złodziej	N	pl.acc	złodziei
złodziej	N	pl.dat	złodziejom
złodziej	N	pl.gen	złodziei
złodziej	N	pl.ins	złodziejami
złodziej	N	pl.loc	złodziejach
złodziej	N	pl.nom	złodzieje
złodziej	N	pl.voc	złodzieje
złodziej	N	sg.acc	złodzieja
złodziej	N	sg.dat	złodziejowi
złodziej	N	sg.gen	złodzieja
złodziej	N	sg.ins	złodziejem
złodziej	N	sg.loc	złodzieju
złodziej	N	sg.nom	złodziej
złodziej	N	sg.voc	złodzieju
złoto	N	sg.acc	złoto
złoto	N	sg.dat	złotu
złoto	N	sg.gen	złota
złoto	N	sg.ins	złotem
złoto	N	sg.loc	złocie
złoto	N	sg.nom	złoto
złoto	N	sg.voc	złoto
złożyć	V	cond.p1.pl	złożyłybyśmy
złożyć	V	cond.p1.pl.m.hum	złożylibyśmy
złożyć	V	cond.p1.sg.f	złożyłabym
złożyć	V	cond.p1.sg.m	złożyłbym
złożyć	V	cond.p2.pl	złożyłybyście
złożyć	V	cond.p2.pl.m.hum	złożylibyście
złożyć	V	cond.p2.sg.f	złożyłabyś
złożyć	V	cond.p2.sg.m	złożyłbyś
złożyć	V	cond.p3.pl	złożyłyby
złożyć	V	cond.p3.pl.m.hum	złożyliby
złożyć	V	cond.p3.sg.f	złożyłaby
złożyć	V	cond.p3.sg.m	złożyłby
złożyć	V	cond.p3.sg.n	złożyłoby
złożyć	V	fut.p1.pl	złożymy
złożyć	V	fut.p1.sg	złożę
złożyć	V	fut.p2.pl	złożycie
złożyć	V	fut.p2.sg	złożysz
złożyć	V	fut.p3.pl	złożą
złożyć	V	fut.p3.sg	złoży
złożyć	V	imp.p1.pl	złóżmy
złożyć	V	imp.p1.sg	niech złożę
złożyć	V	imp.p2.pl	złóżcie
złożyć	V	imp.p2.sg	złóż
złożyć	V	imp.p3.pl	niech złożą
złożyć	V	imp.p3.sg	niech złoży
złożyć	V	past.p1.pl	złożyłyśmy
złożyć	V	past.p1.pl.m.hum	złożyliśmy
złożyć	V	past.p1.sg.f	złożyłam
złożyć	V	past.p1.sg.m	złożyłem
złożyć	V	past.p2.pl	złożyłyście
złożyć	V	past.p2.pl.m.hum	złożyliście
złożyć	V	past.p2.sg.f	złożyłaś
złożyć	V	past.p2.sg.m	złożyłeś
złożyć	V	past.p3.pl	złożyły
złożyć	V	past.p3.pl.m.hum	złożyli
złożyć	V	past.p3.sg.f	złożyła
złożyć	V	past.p3.sg.m	złożył
złożyć	V	past.p3.sg.n	złożyło
zły	A	pl.acc	złe
zły	A	pl.dat	złym
zły	A	pl.gen	złych
zły	A	pl.ins	złymi
zły	A	pl.loc	złych
zły	A	pl.m.hum.acc	złych
zły	A	pl.m.hum.nom	źli
zły	A	pl.nom	złe
zły	A	sg.f.acc	złą
zły	A	sg.f.dat	złej
zły	A	sg.f.gen	złej
zły	A	sg.f.ins	złą
zły	A	sg.f.loc	złej
zły	A	sg.f.nom	zła
zły	A	sg.m.anim.acc	złego
zły	A	sg.m.dat	złemu
zły	A	sg.m.gen	złego
zły	A	sg.m.hum.acc	złego
zły	A	sg.m.inan.acc	zły
zły	A	sg.m.ins	złym
zły	A	sg.m.loc	złym
zły	A	sg.m.nom	zły
zły	A	sg.n.acc	złe
zły	A	sg.n.dat	złemu
zły	A	sg.n.gen	złego
zły	A	sg.n.ins	złym
zły	A	sg.n.loc	złym
zły	A	sg.n.nom	złe
zmiana	N	pl.acc	zmiany
zmiana	N	pl.dat	zmianom
zmiana	N	pl.gen	zmian
zmiana	N	pl.ins	zmianami
zmiana	N	pl.loc	zmianach
zmiana	N	pl.nom	zmiany
zmiana	N	pl.voc	zmiany
zmiana	N	sg.acc	zmianę
zmiana	N	sg.dat	zmianie
zmiana	N	sg.gen	zmiany
zmiana	N	sg.ins	zmianą
zmiana	N	sg.loc	zmianie
zmiana	N	sg.nom	zmiana
zmiana	N	sg.voc	zmiano
zmieniać	V	cond.p1.pl	zmieniałybyśmy
zmieniać	V	cond.p1.pl.m.hum	zmienialibyśmy
zmieniać	V	cond.p1.sg.f	zmieniałabym
zmieniać	V	cond.p1.sg.m	zmieniałbym
zmieniać	V	cond.p2.pl	zmieniałybyście
zmieniać	V	cond.p2.pl.m.hum	zmienialibyście
zmieniać	V	cond.p2.sg.f	zmieniałabyś
zmieniać	V	cond.p2.sg.m	zmieniałbyś
zmieniać	V	cond.p3.pl	zmieniałyby
zmieniać	V	cond.p3.pl.m.hum	zmienialiby
zmieniać	V	cond.p3.sg.f	zmieniałaby
zmieniać	V	cond.p3.sg.m	zmieniałby
zmieniać	V	cond.p3.sg.n	zmieniałoby
zmieniać	V	fut.p1.pl	będziemy zmieniały
zmieniać	V	fut.p1.pl.m.hum	będziemy zmieniali
zmieniać	V	fut.p1.sg.f	będę zmieniała
zmieniać	V	fut.p1.sg.m	będę zmieniał
zmieniać	V	fut.p2.pl	będziecie zmieniały
zmieniać	V	fut.p2.pl.m.hum	będziecie zmieniali
zmieniać	V	fut.p2.sg.f	będziesz zmieniała
zmieniać	V	fut.p2.sg.m	będziesz zmieniał
zmieniać	V	fut.p3.pl	będą zmieniały
zmieniać	V	fut.p3.pl.m.hum	będą zmieniali
zmieniać	V	fut.p3.sg.f	będzie zmieniała
zmieniać	V	fut.p3.sg.m	będzie zmieniał
zmieniać	V	fut.p3.sg.n	będzie zmieniało
zmieniać	V	imp.p1.pl	zmieniajmy
zmieniać	V	imp.p2.pl	zmieniajcie
zmieniać	V	imp.p2.sg	zmieniaj
zmieniać	V	imp.p3.pl	niech zmieniają
zmieniać	V	imp.p3.sg	niech zmienia
zmieniać	V	past.p1.pl	zmieniałyśmy
zmieniać	V	past.p1.pl.m.hum	zmienialiśmy
zmieniać	V	past.p1.sg.f	zmieniałam
zmieniać	V	past.p1.sg.m	zmieniałem
zmieniać	V	past.p2.pl	zmieniałyście
zmieniać	V	past.p2.pl.m.hum	zmienialiście
zmieniać	V	past.p2.sg.f	zmieniałaś
zmieniać	V	past.p2.sg.m	zmieniałeś
zmieniać	V	past.p3.pl	zmieniały
zmieniać	V	past.p3.pl.m.hum	zmieniali
zmieniać	V	past.p3.sg.f	zmieniała
zmieniać	V	past.p3.sg.m	zmieniał
zmieniać	V	past.p3.sg.n	zmieniało
zmieniać	V	pres.p1.pl	zmieniamy
zmieniać	V	pres.p1.sg	zmieniam
zmieniać	V	pres.p2.pl	zmieniacie
zmieniać	V	pres.p2.sg	zmieniasz
zmieniać	V	pres.p3.pl	zmieniają
zmieniać	V	pres.p3.sg	zmienia
zmienić	V	cond.p1.pl	zmieniłybyśmy
zmienić	V	cond.p1.pl.m.hum	zmienilibyśmy
zmienić	V	cond.p1.sg.f	zmieniłabym
zmienić	V	cond.p1.sg.m	zmieniłbym
zmienić	V	cond.p2.pl	zmieniłybyście
zmienić	V	cond.p2.pl.m.hum	zmienilibyście
zmienić	V	cond.p2.sg.f	zmieniłabyś
zmienić	V	cond.p2.sg.m	zmieniłbyś
zmienić	V	cond.p3.pl	zmieniłyby
zmienić	V	cond.p3.pl.m.hum	zmieniliby
zmienić	V	cond.p3.sg.f	zmieniłaby
zmienić	V	cond.p3.sg.m	zmieniłby
zmienić	V	cond.p3.sg.n	zmieniłoby
zmienić	V	fut.p1.pl	zmienimy
zmienić	V	fut.p1.sg	zmienię
zmienić	V	fut.p2.pl	zmienicie
zmienić	V	fut.p2.sg	zmienisz
zmienić	V	fut.p3.pl	zmienią
zmienić	V	fut.p3.sg	zmieni
zmienić	V	imp.p1.pl	zmieńmy
zmienić	V	imp.p1.sg	niech zmienię
zmienić	V	imp.p2.pl	zmieńcie
zmienić	V	imp.p2.sg	zmień
zmienić	V	imp.p3.pl	niech zmienią
zmienić	V	imp.p3.sg	niech zmieni
zmienić	V	past.p1.pl	zmieniłyśmy
zmienić	V	past.p1.pl.m.hum	zmieniliśmy
zmienić	V	past.p1.sg.f	zmieniłam
zmienić	V	past.p1.sg.m	zmieniłem
zmienić	V	past.p2.pl	zmieniłyście
zmienić	V	past.p2.pl.m.hum	zmieniliście
zmienić	V	past.p2.sg.f	zmieniłaś
zmienić	V	past.p2.sg.m	zmieniłeś
zmienić	V	past.p3.pl	zmieniły
zmienić	V	past.p3.pl.m.hum	zmienili
zmienić	V	past.p3.sg.f	zmieniła
zmienić	V	past.p3.sg.m	zmienił
zmienić	V	past.p3.sg.n	zmieniło
znać	V	cond.p1.pl	znałybyśmy
znać	V	cond.p1.pl.m.hum	znalibyśmy
znać	V	cond.p1.sg.f	znałabym
znać	V	cond.p1.sg.m	znałbym
znać	V	cond.p2.pl	znałybyście
znać	V	cond.p2.pl.m.hum	znalibyście
znać	V	cond.p2.sg.f	znałabyś
znać	V	cond.p2.sg.m	znałbyś
znać	V	cond.p3.pl	znałyby
znać	V	cond.p3.pl.m.hum	znaliby
znać	V	cond.p3.sg.f	znałaby
znać	V	cond.p3.sg.m	znałby
znać	V	cond.p3.sg.n	znałoby
znać	V	fut.p1.pl	będziemy znały
znać	V	fut.p1.pl.m.hum	będziemy znali
znać	V	fut.p1.sg.f	będę znała
znać	V	fut.p1.sg.m	będę znał
znać	V	fut.p2.pl	będziecie znały
znać	V	fut.p2.pl.m.hum	będziecie znali
znać	V	fut.p2.sg.f	będziesz znała
znać	V	fut.p2.sg.m	będziesz znał
znać	V	fut.p3.pl	będą znały
znać	V	fut.p3.pl.m.hum	będą znali
znać	V	fut.p3.sg.f	będzie znała
znać	V	fut.p3.sg.m	będzie znał
znać	V	fut.p3.sg.n	będzie znało
znać	V	imp.p1.pl	znajmy
znać	V	imp.p2.pl	znajcie
znać	V	imp.p2.sg	znaj
znać	V	imp.p3.pl	niech znają
znać	V	imp.p3.sg	niech zna
znać	V	past.p1.pl	znałyśmy
znać	V	past.p1.pl.m.hum	znaliśmy
znać	V	past.p1.sg.f	znałam
znać	V	past.p1.sg.m	znałem
znać	V	past.p2.pl	znałyście
znać	V	past.p2.pl.m.hum	znaliście
znać	V	past.p2.sg.f	znałaś
znać	V	past.p2.sg.m	znałeś
znać	V	past.p3.pl	znały
znać	V	past.p3.pl.m.hum	znali
znać	V	past.p3.sg.f	znała
znać	V	past.p3.sg.m	znał
znać	V	past.p3.sg.n	znało
znać	V	pres.p1.pl	znamy
znać	V	pres.p1.sg	znam
znać	V	pres.p2.pl	znacie
znać	V	pres.p2.sg	znasz
znać	V	pres.p3.pl	znają
znać	V	pres.p3.sg	zna
znaczenie	N	pl.acc	znaczenia
znaczenie	N	pl.dat	znaczeniom
znaczenie	N	pl.gen	znaczeń
znaczenie	N	pl.ins	znaczeniami
znaczenie	N	pl.loc	znaczeniach
znaczenie	N	pl.nom	znaczenia
znaczenie	N	pl.voc	znaczenia
znaczenie	N	sg.acc	znaczenie
znaczenie	N	sg.dat	znaczeniu
znaczenie	N	sg.gen	znaczenia
znaczenie	N	sg.ins	znaczeniem
znaczenie	N	sg.loc	znaczeniu
znaczenie	N	sg.nom	znaczenie
znaczenie	N	sg.voc	znaczenie
znaczyć	V	cond.p1.pl	znaczyłybyśmy
znaczyć	V	cond.p1.pl.m.hum	znaczylibyśmy
znaczyć	V	cond.p1.sg.f	znaczyłabym
znaczyć	V	cond.p1.sg.m	znaczyłbym
znaczyć	V	cond.p2.pl	znaczyłybyście
znaczyć	V	cond.p2.pl.m.hum	znaczylibyście
znaczyć	V	cond.p2.sg.f	znaczyłabyś
znaczyć	V	cond.p2.sg.m	znaczyłbyś
znaczyć	V	cond.p3.pl	znaczyłyby
znaczyć	V	cond.p3.pl.m.hum	znaczyliby
znaczyć	V	cond.p3.sg.f	znaczyłaby
znaczyć	V	cond.p3.sg.m	znaczyłby
znaczyć	V	cond.p3.sg.n	znaczyłoby
znaczyć	V	fut.p1.pl	będziemy znaczyły
znaczyć	V	fut.p1.pl.m.hum	będziemy znaczyli
znaczyć	V	fut.p1.sg.f	będę znaczyła
znaczyć	V	fut.p1.sg.m	będę znaczył
znaczyć	V	fut.p2.pl	będziecie znaczyły
znaczyć	V	fut.p2.pl.m.hum	będziecie znaczyli
znaczyć	V	fut.p2.sg.f	będziesz znaczyła
znaczyć	V	fut.p2.sg.m	będziesz znaczył
znaczyć	V	fut.p3.pl	będą znaczyły
znaczyć	V	fut.p3.pl.m.hum	będą znaczyli
znaczyć	V	fut.p3.sg.f	będzie znaczyła
znaczyć	V	fut.p3.sg.m	będzie znaczył
znaczyć	V	fut.p3.sg.n	będzie znaczyło
znaczyć	V	imp.p1.pl	znaczmy
znaczyć	V	imp.p2.pl	znaczcie
znaczyć	V	imp.p2.sg	znacz
znaczyć	V	imp.p3.pl	niech znaczą
znaczyć	V	imp.p3.sg	niech znaczy
znaczyć	V	past.p1.pl	znaczyłyśmy
znaczyć	V	past.p1.pl.m.hum	znaczyliśmy
znaczyć	V	past.p1.sg.f	znaczyłam
znaczyć	V	past.p1.sg.m	znaczyłem
znaczyć	V	past.p2.pl	znaczyłyście
znaczyć	V	past.p2.pl.m.hum	znaczyliście
znaczyć	V	past.p2.sg.f	znaczyłaś
znaczyć	V	past.p2.sg.m	znaczyłeś
znaczyć	V	past.p3.pl	znaczyły
znaczyć	V	past.p3.pl.m.hum	znaczyli
znaczyć	V	past.p3.sg.f	znaczyła
znaczyć	V	past.p3.sg.m	znaczył
znaczyć	V	past.p3.sg.n	znaczyło
znaczyć	V	pres.p1.pl	znaczymy
znaczyć	V	pres.p1.sg	znaczę
znaczyć	V	pres.p2.pl	znaczycie
znaczyć	V	pres.p2.sg	znaczysz
znaczyć	V	pres.p3.pl	znaczą
znaczyć	V	pres.p3.sg	znaczy
znak	N	pl.acc	znaki
znak	N	pl.dat	znakom
znak	N	pl.gen	znaków
znak	N	pl.ins	znakami
znak	N	pl.loc	znakach
znak	N	pl.nom	znaki
znak	N	pl.voc	znaki
znak	N	sg.acc	znak
znak	N	sg.dat	znakowi
znak	N	sg.gen	znaku
znak	N	sg.ins	znakiem
znak	N	sg.loc	znaku
znak	N	sg.nom	znak
znak	N	sg.voc	znaku
znaleźć	V	cond.p1.pl	znalazłybyśmy
znaleźć	V	cond.p1.pl.m.hum	znaleźlibyśmy
znaleźć	V	cond.p1.sg.f	znalazłabym
znaleźć	V	cond.p1.sg.m	znalazłbym
znaleźć	V	cond.p2.pl	znalazłybyście
znaleźć	V	cond.p2.pl.m.hum	znaleźlibyście
znaleźć	V	cond.p2.sg.f	znalazłabyś
znaleźć	V	cond.p2.sg.m	znalazłbyś
znaleźć	V	cond.p3.pl	znalazłyby
znaleźć	V	cond.p3.pl.m.hum	znaleźliby
znaleźć	V	cond.p3.sg.f	znalazłaby
znaleźć	V	cond.p3.sg.m	znalazłby
znaleźć	V	cond.p3.sg.n	znalazłoby
znaleźć	V	fut.p1.pl	znajdziemy
znaleźć	V	fut.p1.sg	znajdę
znaleźć	V	fut.p2.pl	znajdziecie
znaleźć	V	fut.p2.sg	znajdziesz
znaleźć	V	fut.p3.pl	znajdą
znaleźć	V	fut.p3.sg	znajdzie
znaleźć	V	imp.p1.pl	znajdźmy
znaleźć	V	imp.p1.sg	niech znajdę
znaleźć	V	imp.p2.pl	znajdźcie
znaleźć	V	imp.p2.sg	znajdź
znaleźć	V	imp.p3.pl	niech znajdą
znaleźć	V	imp.p3.sg	niech znajdzie
znaleźć	V	past.p1.pl	znalazłyśmy
znaleźć	V	past.p1.pl.m.hum	znaleźliśmy
znaleźć	V	past.p1.sg.f	znalazłam
znaleźć	V	past.p1.sg.m	znalazłem
znaleźć	V	past.p2.pl	znalazłyście
znaleźć	V	past.p2.pl.m.hum	znaleźliście
znaleźć	V	past.p2.sg.f	znalazłaś
znaleźć	V	past.p2.sg.m	znalazłeś
znaleźć	V	past.p3.pl	znalazły
znaleźć	V	past.p3.pl.m.hum	znaleźli
znaleźć	V	past.p3.sg.f	znalazła
znaleźć	V	past.p3.sg.m	znalazł
znaleźć	V	past.p3.sg.n	znalazło
zniknąć	V	cond.p1.pl	zniknęłybyśmy
zniknąć	V	cond.p1.pl.m.hum	zniknęlibyśmy
zniknąć	V	cond.p1.sg.f	zniknęłabym
zniknąć	V	cond.p1.sg.m	zniknąłbym
zniknąć	V	cond.p2.pl	zniknęłybyście
zniknąć	V	cond.p2.pl.m.hum	zniknęlibyście
zniknąć	V	cond.p2.sg.f	zniknęłabyś
zniknąć	V	cond.p2.sg.m	zniknąłbyś
zniknąć	V	cond.p3.pl	zniknęłyby
zniknąć	V	cond.p3.pl.m.hum	zniknęliby
zniknąć	V	cond.p3.sg.f	zniknęłaby
zniknąć	V	cond.p3.sg.m	zniknąłby
zniknąć	V	cond.p3.sg.n	zniknęłoby
zniknąć	V	fut.p1.pl	znikniemy
zniknąć	V	fut.p1.sg	zniknę
zniknąć	V	fut.p2.pl	znikniecie
zniknąć	V	fut.p2.sg	znikniesz
zniknąć	V	fut.p3.pl	znikną
zniknąć	V	fut.p3.sg	zniknie
zniknąć	V	imp.p1.pl	zniknijmy
zniknąć	V	imp.p1.sg	niech zniknę
zniknąć	V	imp.p2.pl	zniknijcie
zniknąć	V	imp.p2.sg	zniknij
zniknąć	V	imp.p3.pl	niech znikną
zniknąć	V	imp.p3.sg	niech zniknie
zniknąć	V	past.p1.pl	zniknęłyśmy
zniknąć	V	past.p1.pl.m.hum	zniknęliśmy
zniknąć	V	past.p1.sg.f	zniknęłam
zniknąć	V	past.p1.sg.m	zniknąłem
zniknąć	V	past.p2.pl	zniknęłyście
zniknąć	V	past.p2.pl.m.hum	zniknęliście
zniknąć	V	past.p2.sg.f	zniknęłaś
zniknąć	V	past.p2.sg.m	zniknąłeś
zniknąć	V	past.p3.pl	zniknęły
zniknąć	V	past.p3.pl.m.hum	zniknęli
zniknąć	V	past.p3.sg.f	zniknęła
zniknąć	V	past.p3.sg.m	zniknął
zniknąć	V	past.p3.sg.n	zniknęło
zniszczyć	V	cond.p1.pl	zniszczyłybyśmy
zniszczyć	V	cond.p1.pl.m.hum	zniszczylibyśmy
zniszczyć	V	cond.p1.sg.f	zniszczyłabym
zniszczyć	V	cond.p1.sg.m	zniszczyłbym
zniszczyć	V	cond.p2.pl	zniszczyłybyście
zniszczyć	V	cond.p2.pl.m.hum	zniszczylibyście
zniszczyć	V	cond.p2.sg.f	zniszczyłabyś
zniszczyć	V	cond.p2.sg.m	zniszczyłbyś
zniszczyć	V	cond.p3.pl	zniszczyłyby
zniszczyć	V	cond.p3.pl.m.hum	zniszczyliby
zniszczyć	V	cond.p3.sg.f	zniszczyłaby
zniszczyć	V	cond.p3.sg.m	zniszczyłby
zniszczyć	V	cond.p3.sg.n	zniszczyłoby
zniszczyć	V	fut.p1.pl	zniszczymy
zniszczyć	V	fut.p1.sg	zniszczę
zniszczyć	V	fut.p2.pl	zniszczycie
zniszczyć	V	fut.p2.sg	zniszczysz
zniszczyć	V	fut.p3.pl	zniszczą
zniszczyć	V	fut.p3.sg	zniszczy
zniszczyć	V	imp.p1.pl	zniszczmy
zniszczyć	V	imp.p1.sg	niech zniszczę
zniszczyć	V	imp.p2.pl	zniszczcie
zniszczyć	V	imp.p2.sg	zniszcz
zniszczyć	V	imp.p3.pl	niech zniszczą
zniszczyć	V	imp.p3.sg	niech zniszczy
zniszczyć	V	past.p1.pl	zniszczyłyśmy
zniszczyć	V	past.p1.pl.m.hum	zniszczyliśmy
zniszczyć	V	past.p1.sg.f	zniszczyłam
zniszczyć	V	past.p1.sg.m	zniszczyłem
zniszczyć	V	past.p2.pl	zniszczyłyście
zniszczyć	V	past.p2.pl.m.hum	zniszczyliście
zniszczyć	V	past.p2.sg.f	zniszczyłaś
zniszczyć	V	past.p2.sg.m	zniszczyłeś
zniszczyć	V	past.p3.pl	zniszczyły
zniszczyć	V	past.p3.pl.m.hum	zniszczyli
zniszczyć	V	past.p3.sg.f	zniszczyła
zniszczyć	V	past.p3.sg.m	zniszczył
zniszczyć	V	past.p3.sg.n	zniszczyło
znosić	V	cond.p1.pl	znosiłybyśmy
znosić	V	cond.p1.pl.m.hum	znosilibyśmy
znosić	V	cond.p1.sg.f	znosiłabym
znosić	V	cond.p1.sg.m	znosiłbym
znosić	V	cond.p2.pl	znosiłybyście
znosić	V	cond.p2.pl.m.hum	znosilibyście
znosić	V	cond.p2.sg.f	znosiłabyś
znosić	V	cond.p2.sg.m	znosiłbyś
znosić	V	cond.p3.pl	znosiłyby
znosić	V	cond.p3.pl.m.hum	znosiliby
znosić	V	cond.p3.sg.f	znosiłaby
znosić	V	cond.p3.sg.m	znosiłby
znosić	V	cond.p3.sg.n	znosiłoby
znosić	V	fut.p1.pl	będziemy znosiły
znosić	V	fut.p1.pl.m.hum	będziemy znosili
znosić	V	fut.p1.sg.f	będę znosiła
znosić	V	fut.p1.sg.m	będę znosił
znosić	V	fut.p2.pl	będziecie znosiły
znosić	V	fut.p2.pl.m.hum	będziecie znosili
znosić	V	fut.p2.sg.f	będziesz znosiła
znosić	V	fut.p2.sg.m	będziesz znosił
znosić	V	fut.p3.pl	będą znosiły
znosić	V	fut.p3.pl.m.hum	będą znosili
znosić	V	fut.p3.sg.f	będzie znosiła
znosić	V	fut.p3.sg.m	będzie znosił
znosić	V	fut.p3.sg.n	będzie znosiło
znosić	V	imp.p1.pl	znośmy
znosić	V	imp.p2.pl	znoście
znosić	V	imp.p2.sg	znoś
znosić	V	imp.p3.pl	niech znoszą
znosić	V	imp.p3.sg	niech znosi
znosić	V	past.p1.pl	znosiłyśmy
znosić	V	past.p1.pl.m.hum	znosiliśmy
znosić	V	past.p1.sg.f	znosiłam
znosić	V	past.p1.sg.m	znosiłem
znosić	V	past.p2.pl	znosiłyście
znosić	V	past.p2.pl.m.hum	znosiliście
znosić	V	past.p2.sg.f	znosiłaś
znosić	V	past.p2.sg.m	znosiłeś
znosić	V	past.p3.pl	znosiły
znosić	V	past.p3.pl.m.hum	znosili
znosić	V	past.p3.sg.f	znosiła
znosić	V	past.p3.sg.m	znosił
znosić	V	past.p3.sg.n	znosiło
znosić	V	pres.p1.pl	znosimy
znosić	V	pres.p1.sg	znoszę
znosić	V	pres.p2.pl	znosicie
znosić	V	pres.p2.sg	znosisz
znosić	V	pres.p3.pl	znoszą
znosić	V	pres.p3.sg	znosi
żołnierz	N	pl.acc	żołnierzy
żołnierz	N	pl.dat	żołnierzom
żołnierz	N	pl.gen	żołnierzy
żołnierz	N	pl.ins	żołnierzami
żołnierz	N	pl.loc	żołnierzach
żołnierz	N	pl.nom	żołnierze
żołnierz	N	pl.voc	żołnierze
żołnierz	N	sg.acc	żołnierza
żołnierz	N	sg.dat	żołnierzowi
żołnierz	N	sg.gen	żołnierza
żołnierz	N	sg.ins	żołnierzem
żołnierz	N	sg.loc	żołnierzu
żołnierz	N	sg.nom	żołnierz
żołnierz	N	sg.voc	żołnierzu
zostawić	V	cond.p1.pl	zostawiłybyśmy
zostawić	V	cond.p1.pl.m.hum	zostawilibyśmy
zostawić	V	cond.p1.sg.f	zostawiłabym
zostawić	V	cond.p1.sg.m	zostawiłbym
zostawić	V	cond.p2.pl	zostawiłybyście
zostawić	V	cond.p2.pl.m.hum	zostawilibyście
zostawić	V	cond.p2.sg.f	zostawiłabyś
zostawić	V	cond.p2.sg.m	zostawiłbyś
zostawić	V	cond.p3.pl	zostawiłyby
zostawić	V	cond.p3.pl.m.hum	zostawiliby
zostawić	V	cond.p3.sg.f	zostawiłaby
zostawić	V	cond.p3.sg.m	zostawiłby
zostawić	V	cond.p3.sg.n	zostawiłoby
zostawić	V	fut.p1.pl	zostawimy
zostawić	V	fut.p1.sg	zostawię
zostawić	V	fut.p2.pl	zostawicie
zostawić	V	fut.p2.sg	zostawisz
zostawić	V	fut.p3.pl	zostawią
zostawić	V	fut.p3.sg	zostawi
zostawić	V	imp.p1.pl	zostawmy
zostawić	V	imp.p1.sg	niech zostawię
zostawić	V	imp.p2.pl	zostawcie
zostawić	V	imp.p2.sg	zostaw
zostawić	V	imp.p3.pl	niech zostawią
zostawić	V	imp.p3.sg	niech zostawi
zostawić	V	past.p1.pl	zostawiłyśmy
zostawić	V	past.p1.pl.m.hum	zostawiliśmy
zostawić	V	past.p1.sg.f	zostawiłam
zostawić	V	past.p1.sg.m	zostawiłem
zostawić	V	past.p2.pl	zostawiłyście
zostawić	V	past.p2.pl.m.hum	zostawiliście
zostawić	V	past.p2.sg.f	zostawiłaś
zostawić	V	past.p2.sg.m	zostawiłeś
zostawić	V	past.p3.pl	zostawiły
zostawić	V	past.p3.pl.m.hum	zostawili
zostawić	V	past.p3.sg.f	zostawiła
zostawić	V	past.p3.sg.m	zostawił
zostawić	V	past.p3.sg.n	zostawiło
zrobić	V	cond.p1.pl	zrobiłybyśmy
zrobić	V	cond.p1.pl.m.hum	zrobilibyśmy
zrobić	V	cond.p1.sg.f	zrobiłabym
zrobić	V	cond.p1.sg.m	zrobiłbym
zrobić	V	cond.p2.pl	zrobiłybyście
zrobić	V	cond.p2.pl.m.hum	zrobilibyście
zrobić	V	cond.p2.sg.f	zrobiłabyś
zrobić	V	cond.p2.sg.m	zrobiłbyś
zrobić	V	cond.p3.pl	zrobiłyby
zrobić	V	cond.p3.pl.m.hum	zrobiliby
zrobić	V	cond.p3.sg.f	zrobiłaby
zrobić	V	cond.p3.sg.m	zrobiłby
zrobić	V	cond.p3.sg.n	zrobiłoby
zrobić	V	fut.p1.pl	zrobimy
zrobić	V	fut.p1.sg	zrobię
zrobić	V	fut.p2.pl	zrobicie
zrobić	V	fut.p2.sg	zrobisz
zrobić	V	fut.p3.pl	zrobią
zrobić	V	fut.p3.sg	zrobi
zrobić	V	imp.p1.pl	zróbmy
zrobić	V	imp.p1.sg	niech zrobię
zrobić	V	imp.p2.pl	zróbcie
zrobić	V	imp.p2.sg	zrób
zrobić	V	imp.p3.pl	niech zrobią
zrobić	V	imp.p3.sg	niech zrobi
zrobić	V	past.p1.pl	zrobiłyśmy
zrobić	V	past.p1.pl.m.hum	zrobiliśmy
zrobić	V	past.p1.sg.f	zrobiłam
zrobić	V	past.p1.sg.m	zrobiłem
zrobić	V	past.p2.pl	zrobiłyście
zrobić	V	past.p2.pl.m.hum	zrobiliście
zrobić	V	past.p2.sg.f	zrobiłaś
zrobić	V	past.p2.sg.m	zrobiłeś
zrobić	V	past.p3.pl	zrobiły
zrobić	V	past.p3.pl.m.hum	zrobili
zrobić	V	past.p3.sg.f	zrobiła
zrobić	V	past.p3.sg.m	zrobił
zrobić	V	past.p3.sg.n	zrobiło
źródło	N	pl.acc	źródła
źródło	N	pl.dat	źródłom
źródło	N	pl.gen	źródeł
źródło	N	pl.ins	źródłami
źródło	N	pl.loc	źródłach
źródło	N	pl.nom	źródła
źródło	N	pl.voc	źródła
źródło	N	sg.acc	źródło
źródło	N	sg.dat	źródłu
źródło	N	sg.gen	źródła
źródło	N	sg.ins	źródłem
źródło	N	sg.loc	źródle
źródło	N	sg.nom	źródło
źródło	N	sg.voc	źródło
zrozumieć	V	cond.p1.pl	zrozumiałybyśmy
zrozumieć	V	cond.p1.pl.m.hum	zrozumielibyśmy
zrozumieć	V	cond.p1.sg.f	zrozumiałabym
zrozumieć	V	cond.p1.sg.m	zrozumiałbym
zrozumieć	V	cond.p2.pl	zrozumiałybyście
zrozumieć	V	cond.p2.pl.m.hum	zrozumielibyście
zrozumieć	V	cond.p2.sg.f	zrozumiałabyś
zrozumieć	V	cond.p2.sg.m	zrozumiałbyś
zrozumieć	V	cond.p3.pl	zrozumiałyby
zrozumieć	V	cond.p3.pl.m.hum	zrozumieliby
zrozumieć	V	cond.p3.sg.f	zrozumiałaby
zrozumieć	V	cond.p3.sg.m	zrozumiałby
zrozumieć	V	cond.p3.sg.n	zrozumiałoby
zrozumieć	V	fut.p1.pl	zrozumiemy
zrozumieć	V	fut.p1.sg	zrozumiem
zrozumieć	V	fut.p2.pl	zrozumiecie
zrozumieć	V	fut.p2.sg	zrozumiesz
zrozumieć	V	fut.p3.pl	zrozumieją
zrozumieć	V	fut.p3.sg	zrozumie
zrozumieć	V	imp.p1.pl	zrozummy
zrozumieć	V	imp.p1.sg	niech zrozumiem
zrozumieć	V	imp.p2.pl	zrozumcie
zrozumieć	V	imp.p2.sg	zrozum
zrozumieć	V	imp.p3.pl	niech zrozumieją
zrozumieć	V	imp.p3.sg	niech zrozumie
zrozumieć	V	past.p1.pl	zrozumiałyśmy
zrozumieć	V	past.p1.pl.m.hum	zrozumieliśmy
zrozumieć	V	past.p1.sg.f	zrozumiałam
zrozumieć	V	past.p1.sg.m	zrozumiałem
zrozumieć	V	past.p2.pl	zrozumiałyście
zrozumieć	V	past.p2.pl.m.hum	zrozumieliście
zrozumieć	V	past.p2.sg.f	zrozumiałaś
zrozumieć	V	past.p2.sg.m	zrozumiałeś
zrozumieć	V	past.p3.pl	zrozumiały
zrozumieć	V	past.p3.pl.m.hum	zrozumieli
zrozumieć	V	past.p3.sg.f	zrozumiała
zrozumieć	V	past.p3.sg.m	zrozumiał
zrozumieć	V	past.p3.sg.n	zrozumiało
związek	N	pl.acc	związki
związek	N	pl.dat	związkom
związek	N	pl.gen	związków
związek	N	pl.ins	związkami
związek	N	pl.loc	związkach
związek	N	pl.nom	związki
związek	N	pl.voc	związki
związek	N	sg.acc	związek
związek	N	sg.dat	związkowi
związek	N	sg.gen	związku
związek	N	sg.ins	związkiem
związek	N	sg.loc	związku
związek	N	sg.nom	związek
związek	N	sg.voc	związku
zwierzę	N	pl.acc	zwierzęta
zwierzę	N	pl.dat	zwierzętom
zwierzę	N	pl.gen	zwierząt
zwierzę	N	pl.ins	zwierzętami
zwierzę	N	pl.loc	zwierzętach
zwierzę	N	pl.nom	zwierzęta
zwierzę	N	pl.voc	zwierzęta
zwierzę	N	sg.acc	zwierzę
zwierzę	N	sg.dat	zwierzęciu
zwierzę	N	sg.gen	zwierzęcia
zwierzę	N	sg.ins	zwierzęciem
zwierzę	N	sg.loc	zwierzęciu
zwierzę	N	sg.nom	zwierzę
zwierzę	N	sg.voc	zwierzę
zwycięstwo	N	pl.acc	zwycięstwa
zwycięstwo	N	pl.dat	zwycięstwom
zwycięstwo	N	pl.gen	zwycięstew
zwycięstwo	N	pl.ins	zwycięstwami
zwycięstwo	N	pl.loc	zwycięstwach
zwycięstwo	N	pl.nom	zwycięstwa
zwycięstwo	N	pl.voc	zwycięstwa
zwycięstwo	N	sg.acc	zwycięstwo
zwycięstwo	N	sg.dat	zwycięstwu
zwycięstwo	N	sg.gen	zwycięstwa
zwycięstwo	N	sg.ins	zwycięstwem
zwycięstwo	N	sg.loc	zwycięstwie
zwycięstwo	N	sg.nom	zwycięstwo
zwycięstwo	N	sg.voc	zwycięstwo
zwykły	A	pl.acc	zwykłe
zwykły	A	pl.dat	zwykłym
zwykły	A	pl.gen	zwykłych
zwykły	A	pl.ins	zwykłymi
zwykły	A	pl.loc	zwykłych
zwykły	A	pl.m.hum.acc	zwykłych
zwykły	A	pl.m.hum.nom	zwykli
zwykły	A	pl.nom	zwykłe
zwykły	A	sg.f.acc	zwykłą
zwykły	A	sg.f.dat	zwykłej
zwykły	A	sg.f.gen	zwykłej
zwykły	A	sg.f.ins	zwykłą
zwykły	A	sg.f.loc	zwykłej
zwykły	A	sg.f.nom	zwykła
zwykły	A	sg.m.anim.acc	zwykłego
zwykły	A	sg.m.dat	zwykłemu
zwykły	A	sg.m.gen	zwykłego
zwykły	A	sg.m.hum.acc	zwykłego
zwykły	A	sg.m.inan.acc	zwykły
zwykły	A	sg.m.ins	zwykłym
zwykły	A	sg.m.loc	zwykłym
zwykły	A	sg.m.nom	zwykły
zwykły	A	sg.n.acc	zwykłe
zwykły	A	sg.n.dat	zwykłemu
zwykły	A	sg.n.gen	zwykłego
zwykły	A	sg.n.ins	zwykłym
zwykły	A	sg.n.loc	zwykłym
zwykły	A	sg.n.nom	zwykłe
żyć	V	cond.p1.pl	żyłybyśmy
żyć	V	cond.p1.pl.m.hum	żylibyśmy
żyć	V	cond.p1.sg.f	żyłabym
żyć	V	cond.p1.sg.m	żyłbym
żyć	V	cond.p2.pl	żyłybyście
żyć	V	cond.p2.pl.m.hum	żylibyście
żyć	V	cond.p2.sg.f	żyłabyś
żyć	V	cond.p2.sg.m	żyłbyś
żyć	V	cond.p3.pl	żyłyby
żyć	V	cond.p3.pl.m.hum	żyliby
żyć	V	cond.p3.sg.f	żyłaby
żyć	V	cond.p3.sg.m	żyłby
żyć	V	cond.p3.sg.n	żyłoby
żyć	V	fut.p1.pl	będziemy żyły
żyć	V	fut.p1.pl.m.hum	będziemy żyli
żyć	V	fut.p1.sg.f	będę żyła
żyć	V	fut.p1.sg.m	będę żył
żyć	V	fut.p2.pl	będziecie żyły
żyć	V	fut.p2.pl.m.hum	będziecie żyli
żyć	V	fut.p2.sg.f	będziesz żyła
żyć	V	fut.p2.sg.m	będziesz żył
żyć	V	fut.p3.pl	będą żyły
żyć	V	fut.p3.pl.m.hum	będą żyli
żyć	V	fut.p3.sg.f	będzie żyła
żyć	V	fut.p3.sg.m	będzie żył
żyć	V	fut.p3.sg.n	będzie żyło
żyć	V	imp.p1.pl	żyjmy
żyć	V	imp.p2.pl	żyjcie
żyć	V	imp.p2.sg	żyj
żyć	V	imp.p3.pl	niech żyją
żyć	V	imp.p3.sg	niech żyje
żyć	V	past.p1.pl	żyłyśmy
żyć	V	past.p1.pl.m.hum	żyliśmy
żyć	V	past.p1.sg.f	żyłam
żyć	V	past.p1.sg.m	żyłem
żyć	V	past.p2.pl	żyłyście
żyć	V	past.p2.pl.m.hum	żyliście
żyć	V	past.p2.sg.f	żyłaś
żyć	V	past.p2.sg.m	żyłeś
żyć	V	past.p3.pl	żyły
żyć	V	past.p3.pl.m.hum	żyli
żyć	V	past.p3.sg.f	żyła
żyć	V	past.p3.sg.m	żył
żyć	V	past.p3.sg.n	żyło
żyć	V	pres.p1.pl	żyjemy
żyć	V	pres.p1.sg	żyję
żyć	V	pres.p2.pl	żyjecie
żyć	V	pres.p2.sg	żyjesz
żyć	V	pres.p3.pl	żyją
żyć	V	pres.p3.sg	żyje
życie	N	pl.acc	życia
życie	N	pl.dat	życiom
życie	N	pl.gen	żyć
życie	N	pl.ins	życiami
życie	N	pl.loc	życiach
życie	N	pl.nom	życia
życie	N	pl.voc	życia
życie	N	sg.acc	życie
życie	N	sg.dat	życiu
życie	N	sg.gen	życia
życie	N	sg.ins	życiem
życie	N	sg.loc	życiu
życie	N	sg.nom	życie
życie	N	sg.voc	życie
życzyć	V	cond.p1.pl	życzyłybyśmy
życzyć	V	cond.p1.pl.m.hum	życzylibyśmy
życzyć	V	cond.p1.sg.f	życzyłabym
życzyć	V	cond.p1.sg.m	życzyłbym
życzyć	V	cond.p2.pl	życzyłybyście
życzyć	V	cond.p2.pl.m.hum	życzylibyście
życzyć	V	cond.p2.sg.f	życzyłabyś
życzyć	V	cond.p2.sg.m	życzyłbyś
życzyć	V	cond.p3.pl	życzyłyby
życzyć	V	cond.p3.pl.m.hum	życzyliby
życzyć	V	cond.p3.sg.f	życzyłaby
życzyć	V	cond.p3.sg.m	życzyłby
życzyć	V	cond.p3.sg.n	życzyłoby
życzyć	V	fut.p1.pl	będziemy życzyły
życzyć	V	fut.p1.pl.m.hum	będziemy życzyli
życzyć	V	fut.p1.sg.f	będę życzyła
życzyć	V	fut.p1.sg.m	będę życzył
życzyć	V	fut.p2.pl	będziecie życzyły
życzyć	V	fut.p2.pl.m.hum	będziecie życzyli
życzyć	V	fut.p2.sg.f	będziesz życzyła
życzyć	V	fut.p2.sg.m	będziesz życzył
życzyć	V	fut.p3.pl	będą życzyły
życzyć	V	fut.p3.pl.m.hum	będą życzyli
życzyć	V	fut.p3.sg.f	będzie życzyła
życzyć	V	fut.p3.sg.m	będzie życzył
życzyć	V	fut.p3.sg.n	będzie życzyło
życzyć	V	imp.p1.pl	życzmy
życzyć	V	imp.p2.pl	życzcie
życzyć	V	imp.p2.sg	życz
życzyć	V	imp.p3.pl	niech życzą
życzyć	V	imp.p3.sg	niech życzy
życzyć	V	past.p1.pl	życzyłyśmy
życzyć	V	past.p1.pl.m.hum	życzyliśmy
życzyć	V	past.p1.sg.f	życzyłam
życzyć	V	past.p1.sg.m	życzyłem
życzyć	V	past.p2.pl	życzyłyście
życzyć	V	past.p2.pl.m.hum	życzyliście
życzyć	V	past.p2.sg.f	życzyłaś
życzyć	V	past.p2.sg.m	życzyłeś
życzyć	V	past.p3.pl	życzyły
życzyć	V	past.p3.pl.m.hum	życzyli
życzyć	V	past.p3.sg.f	życzyła
życzyć	V	past.p3.sg.m	życzył
życzyć	V	past.p3.sg.n	życzyło
życzyć	V	pres.p1.pl	życzymy
życzyć	V	pres.p1.sg	życzę
życzyć	V	pres.p2.pl	życzycie
życzyć	V	pres.p2.sg	życzysz
życzyć	V	pres.p3.pl	życzą
życzyć	V	pres.p3.sg	życzy
żywy	A	pl.acc	żywe
żywy	A	pl.dat	żywym
żywy	A	pl.gen	żywych
żywy	A	pl.ins	żywymi
żywy	A	pl.loc	żywych
żywy	A	pl.m.hum.acc	żywych
żywy	A	pl.m.hum.nom	żywi
żywy	A	pl.nom	żywe
żywy	A	sg.f.acc	żywą
żywy	A	sg.f.dat	żywej
żywy	A	sg.f.gen	żywej
żywy	A	sg.f.ins	żywą
żywy	A	sg.f.loc	żywej
żywy	A	sg.f.nom	żywa
żywy	A	sg.m.anim.acc	żywego
żywy	A	sg.m.dat	żywemu
żywy	A	sg.m.gen	żywego
żywy	A	sg.m.hum.acc	żywego
żywy	A	sg.m.inan.acc	żywy
żywy	A	sg.m.ins	żywym
żywy	A	sg.m.loc	żywym
żywy	A	sg.m.nom	żywy
żywy	A	sg.n.acc	żywe
żywy	A	sg.n.dat	żywemu
żywy	A	sg.n.gen	żywego
żywy	A	sg.n.ins	żywym
żywy	A	sg.n.loc	żywym
żywy	A	sg.n.nom	żywe
